{
  "registers": {
    "froakie": {
      "normal": {
        "isShiny": false,
        "status": "CAUGHT",
        "discoveredTimestamp": 1724529659203,
        "caughtTimestamp": 1724529659203
      }
    },
    "treecko": {
      "normal": {
        "isShiny": false,
        "status": "CAUGHT",
        "discoveredTimestamp": 1724531443165,
        "caughtTimestamp": 1724531443165
      }
    },
    "carvanha": {
      "normal": {
        "isShiny": false,
        "status": "CAUGHT",
        "discoveredTimestamp": 1724532821134,
        "caughtTimestamp": 1724532821134
      }
    },
    "pikachu": {
      "normal": {
        "isShiny": false,
        "status": "CAUGHT",
        "discoveredTimestamp": 1724534890809,
        "caughtTimestamp": 1724534890809
      },
      "alolabias": {
        "isShiny": false,
        "status": "CAUGHT",
        "discoveredTimestamp": 1724632608437,
        "caughtTimestamp": 1724632608437
      }
    },
    "buizel": {
      "normal": {
        "isShiny": false,
        "status": "CAUGHT",
        "discoveredTimestamp": 1724535102061,
        "caughtTimestamp": 1724535102061
      }
    },
    "vulpix": {
      "normal": {
        "isShiny": false,
        "status": "CAUGHT",
        "discoveredTimestamp": 1724536010911,
        "caughtTimestamp": 1724536010911
      }
    },
    "fletchling": {
      "normal": {
        "isShiny": false,
        "status": "CAUGHT",
        "discoveredTimestamp": 1724536384561,
        "caughtTimestamp": 1724536384561
      }
    },
    "fletchinder": {
      "normal": {
        "isShiny": false,
        "status": "CAUGHT",
        "discoveredTimestamp": 1724536405005,
        "caughtTimestamp": 1724536405005
      }
    },
    "ditto": {
      "normal": {
        "isShiny": false,
        "status": "CAUGHT",
        "discoveredTimestamp": 1724538459865,
        "caughtTimestamp": 1724538459865
      }
    },
    "tinkatink": {
      "normal": {
        "isShiny": false,
        "status": "CAUGHT",
        "discoveredTimestamp": 1724538569971,
        "caughtTimestamp": 1724538569971
      }
    },
    "growlithe": {
      "normal": {
        "isShiny": false,
        "status": "CAUGHT",
        "discoveredTimestamp": 1724539024360,
        "caughtTimestamp": 1724539024360
      }
    },
    "fuecoco": {
      "normal": {
        "isShiny": false,
        "status": "CAUGHT",
        "discoveredTimestamp": 1724540653565,
        "caughtTimestamp": 1724540653565
      }
    },
    "rookidee": {
      "normal": {
        "isShiny": false,
        "status": "CAUGHT",
        "discoveredTimestamp": 1724542313447,
        "caughtTimestamp": 1724542313447
      }
    },
    "frogadier": {
      "normal": {
        "isShiny": false,
        "status": "CAUGHT",
        "discoveredTimestamp": 1724543312333,
        "caughtTimestamp": 1724543312333
      }
    },
    "crocalor": {
      "normal": {
        "isShiny": false,
        "status": "CAUGHT",
        "discoveredTimestamp": 1724544454731,
        "caughtTimestamp": 1724544454731
      }
    },
    "corvisquire": {
      "normal": {
        "isShiny": false,
        "status": "CAUGHT",
        "discoveredTimestamp": 1724544480998,
        "caughtTimestamp": 1724544480998
      }
    },
    "dreepy": {
      "normal": {
        "isShiny": false,
        "status": "CAUGHT",
        "discoveredTimestamp": 1724546623923,
        "caughtTimestamp": 1724546623923
      }
    },
    "beedrill": {
      "normal": {
        "isShiny": false,
        "status": "CAUGHT",
        "discoveredTimestamp": 1724630268432,
        "caughtTimestamp": 1724630268432
      }
    },
    "bellsprout": {
      "normal": {
        "isShiny": false,
        "status": "CAUGHT",
        "discoveredTimestamp": 1724631460349,
        "caughtTimestamp": 1724631460349
      }
    },
    "machop": {
      "normal": {
        "isShiny": false,
        "status": "CAUGHT",
        "discoveredTimestamp": 1724633863185,
        "caughtTimestamp": 1724633863185
      }
    },
    "staryu": {
      "normal": {
        "isShiny": false,
        "status": "CAUGHT",
        "discoveredTimestamp": 1724636855832,
        "caughtTimestamp": 1724636855832
      }
    },
    "magikarp": {
      "normal": {
        "isShiny": false,
        "status": "CAUGHT",
        "discoveredTimestamp": 1724638109588,
        "caughtTimestamp": 1724638109588
      }
    },
    "farfetchd": {
      "normal": {
        "isShiny": false,
        "status": "CAUGHT",
        "discoveredTimestamp": 1724638297843,
        "caughtTimestamp": 1724638297843
      }
    },
    "phantump": {
      "normal": {
        "isShiny": false,
        "status": "CAUGHT",
        "discoveredTimestamp": 1724638465438,
        "caughtTimestamp": 1724638465438
      }
    },
    "exeggcute": {
      "normal": {
        "isShiny": false,
        "status": "CAUGHT",
        "discoveredTimestamp": 1724638966637,
        "caughtTimestamp": 1724638966637
      }
    },
    "gyarados": {
      "normal": {
        "isShiny": false,
        "status": "CAUGHT",
        "discoveredTimestamp": 1724639624648,
        "caughtTimestamp": 1724639624648
      }
    },
    "grovyle": {
      "normal": {
        "isShiny": false,
        "status": "CAUGHT",
        "discoveredTimestamp": 1724639756643,
        "caughtTimestamp": 1724639756643
      }
    },
    "oshawott": {
      "hisuibias": {
        "isShiny": false,
        "status": "CAUGHT",
        "discoveredTimestamp": 1724640011484,
        "caughtTimestamp": 1724640011484
      }
    },
    "wimpod": {
      "normal": {
        "isShiny": false,
        "status": "CAUGHT",
        "discoveredTimestamp": 1724640378083,
        "caughtTimestamp": 1724640378083
      }
    },
    "golisopod": {
      "normal": {
        "isShiny": false,
        "status": "CAUGHT",
        "discoveredTimestamp": 1724640607835,
        "caughtTimestamp": 1724640607835
      }
    },
    "cloyster": {
      "normal": {
        "isShiny": false,
        "status": "CAUGHT",
        "discoveredTimestamp": 1724640973086,
        "caughtTimestamp": 1724640973086
      }
    },
    "eevee": {
      "normal": {
        "isShiny": false,
        "status": "CAUGHT",
        "discoveredTimestamp": 1724641017483,
        "caughtTimestamp": 1724641017483
      }
    },
    "zorua": {
      "normal": {
        "isShiny": false,
        "status": "CAUGHT",
        "discoveredTimestamp": 1724641291482,
        "caughtTimestamp": 1724641291482
      }
    },
    "tinkatuff": {
      "normal": {
        "isShiny": false,
        "status": "CAUGHT",
        "discoveredTimestamp": 1724642324914,
        "caughtTimestamp": 1724642324914
      }
    },
    "zoroark": {
      "normal": {
        "isShiny": false,
        "status": "CAUGHT",
        "discoveredTimestamp": 1724642406244,
        "caughtTimestamp": 1724642406244
      }
    },
    "honedge": {
      "normal": {
        "isShiny": false,
        "status": "CAUGHT",
        "discoveredTimestamp": 1724642566486,
        "caughtTimestamp": 1724642566486
      }
    },
    "sneasel": {
      "hisui": {
        "isShiny": false,
        "status": "CAUGHT",
        "discoveredTimestamp": 1724643364482,
        "caughtTimestamp": 1724643364482
      }
    },
    "ampharos": {
      "normal": {
        "isShiny": false,
        "status": "CAUGHT",
        "discoveredTimestamp": 1724643929482,
        "caughtTimestamp": 1724643929482
      }
    },
    "darumaka": {
      "normal": {
        "isShiny": false,
        "status": "CAUGHT",
        "discoveredTimestamp": 1724644222278,
        "caughtTimestamp": 1724644222278
      }
    },
    "machoke": {
      "normal": {
        "isShiny": false,
        "status": "CAUGHT",
        "discoveredTimestamp": 1724644226184,
        "caughtTimestamp": 1724644226184
      }
    },
    "charcadet": {
      "normal": {
        "isShiny": false,
        "status": "CAUGHT",
        "discoveredTimestamp": 1724644938187,
        "caughtTimestamp": 1724644938187
      }
    },
    "dodrio": {
      "normal": {
        "isShiny": false,
        "status": "CAUGHT",
        "discoveredTimestamp": 1724646665284,
        "caughtTimestamp": 1724646665284
      }
    },
    "mudbray": {
      "normal": {
        "isShiny": false,
        "status": "CAUGHT",
        "discoveredTimestamp": 1724646717930,
        "caughtTimestamp": 1724646717930
      }
    },
    "mudsdale": {
      "normal": {
        "isShiny": false,
        "status": "CAUGHT",
        "discoveredTimestamp": 1724646867239,
        "caughtTimestamp": 1724646867239
      }
    },
    "exeggutor": {
      "alola": {
        "isShiny": false,
        "status": "CAUGHT",
        "discoveredTimestamp": 1724647089233,
        "caughtTimestamp": 1724647089233
      },
      "normal": {
        "isShiny": false,
        "status": "CAUGHT",
        "discoveredTimestamp": 1724658940354,
        "caughtTimestamp": 1724658940354
      }
    },
    "nidoranf": {
      "normal": {
        "isShiny": false,
        "status": "CAUGHT",
        "discoveredTimestamp": 1724647345832,
        "caughtTimestamp": 1724647345832
      }
    },
    "elekid": {
      "normal": {
        "isShiny": false,
        "status": "CAUGHT",
        "discoveredTimestamp": 1724647862733,
        "caughtTimestamp": 1724647862733
      }
    },
    "dewott": {
      "hisuibias": {
        "isShiny": false,
        "status": "CAUGHT",
        "discoveredTimestamp": 1724647998910,
        "caughtTimestamp": 1724647998910
      }
    },
    "electabuzz": {
      "normal": {
        "isShiny": false,
        "status": "CAUGHT",
        "discoveredTimestamp": 1724648013355,
        "caughtTimestamp": 1724648013355
      }
    },
    "nidorina": {
      "normal": {
        "isShiny": false,
        "status": "CAUGHT",
        "discoveredTimestamp": 1724648016540,
        "caughtTimestamp": 1724648016540
      }
    },
    "timburr": {
      "normal": {
        "isShiny": false,
        "status": "CAUGHT",
        "discoveredTimestamp": 1724648277432,
        "caughtTimestamp": 1724648277432
      }
    },
    "gurdurr": {
      "normal": {
        "isShiny": false,
        "status": "CAUGHT",
        "discoveredTimestamp": 1724648592166,
        "caughtTimestamp": 1724648592166
      }
    },
    "spinda": {
      "normal": {
        "isShiny": false,
        "status": "CAUGHT",
        "discoveredTimestamp": 1724648801750,
        "caughtTimestamp": 1724648801750
      }
    },
    "lapras": {
      "normal": {
        "isShiny": false,
        "status": "CAUGHT",
        "discoveredTimestamp": 1724649223835,
        "caughtTimestamp": 1724649223835
      }
    },
    "aegislash": {
      "normal": {
        "isShiny": false,
        "status": "CAUGHT",
        "discoveredTimestamp": 1724649300494,
        "caughtTimestamp": 1724649300494
      }
    },
    "nickit": {
      "normal": {
        "isShiny": false,
        "status": "CAUGHT",
        "discoveredTimestamp": 1724649609134,
        "caughtTimestamp": 1724649609134
      }
    },
    "nidoranm": {
      "normal": {
        "isShiny": false,
        "status": "CAUGHT",
        "discoveredTimestamp": 1724649720892,
        "caughtTimestamp": 1724649720892
      }
    },
    "galvantula": {
      "normal": {
        "isShiny": false,
        "status": "CAUGHT",
        "discoveredTimestamp": 1724649820220,
        "caughtTimestamp": 1724649820220
      }
    },
    "conkeldurr": {
      "normal": {
        "isShiny": false,
        "status": "CAUGHT",
        "discoveredTimestamp": 1724649832645,
        "caughtTimestamp": 1724649832645
      }
    },
    "thievul": {
      "normal": {
        "isShiny": false,
        "status": "CAUGHT",
        "discoveredTimestamp": 1724649859237,
        "caughtTimestamp": 1724649859237
      }
    },
    "nidorino": {
      "normal": {
        "isShiny": false,
        "status": "CAUGHT",
        "discoveredTimestamp": 1724649888817,
        "caughtTimestamp": 1724649888817
      }
    },
    "gimmighoul": {
      "normal": {
        "isShiny": false,
        "status": "CAUGHT",
        "discoveredTimestamp": 1724650095587,
        "caughtTimestamp": 1724650095587
      }
    },
    "lickitung": {
      "normal": {
        "isShiny": false,
        "status": "CAUGHT",
        "discoveredTimestamp": 1724651142893,
        "caughtTimestamp": 1724651142893
      }
    },
    "riolu": {
      "normal": {
        "isShiny": false,
        "status": "CAUGHT",
        "discoveredTimestamp": 1724651698082,
        "caughtTimestamp": 1724651698082
      }
    },
    "ursaring": {
      "normal": {
        "isShiny": false,
        "status": "CAUGHT",
        "discoveredTimestamp": 1724651875639,
        "caughtTimestamp": 1724651875639
      }
    },
    "trevenant": {
      "normal": {
        "isShiny": false,
        "status": "CAUGHT",
        "discoveredTimestamp": 1724652609695,
        "caughtTimestamp": 1724652609695
      }
    },
    "petilil": {
      "hisuibias": {
        "isShiny": false,
        "status": "CAUGHT",
        "discoveredTimestamp": 1724656123336,
        "caughtTimestamp": 1724656123336
      }
    },
    "torkoal": {
      "normal": {
        "isShiny": false,
        "status": "CAUGHT",
        "discoveredTimestamp": 1724657257282,
        "caughtTimestamp": 1724657257282
      }
    },
    "floatzel": {
      "normal": {
        "isShiny": false,
        "status": "CAUGHT",
        "discoveredTimestamp": 1724657461334,
        "caughtTimestamp": 1724657461334
      }
    },
    "carnivine": {
      "normal": {
        "isShiny": false,
        "status": "CAUGHT",
        "discoveredTimestamp": 1724657573817,
        "caughtTimestamp": 1724657573817
      }
    },
    "oinkologne": {
      "normal": {
        "isShiny": false,
        "status": "CAUGHT",
        "discoveredTimestamp": 1724657651266,
        "caughtTimestamp": 1724657651266
      }
    },
    "vivillon": {
      "normal": {
        "isShiny": false,
        "status": "CAUGHT",
        "discoveredTimestamp": 1724657815225,
        "caughtTimestamp": 1724657815225
      }
    },
    "klefki": {
      "normal": {
        "isShiny": false,
        "status": "CAUGHT",
        "discoveredTimestamp": 1724658070585,
        "caughtTimestamp": 1724658070585
      }
    },
    "poliwhirl": {
      "normal": {
        "isShiny": false,
        "status": "CAUGHT",
        "discoveredTimestamp": 1724658456571,
        "caughtTimestamp": 1724658456571
      }
    },
    "raichu": {
      "alola": {
        "isShiny": false,
        "status": "CAUGHT",
        "discoveredTimestamp": 1724658556032,
        "caughtTimestamp": 1724658556032
      },
      "normal": {
        "isShiny": false,
        "status": "CAUGHT",
        "discoveredTimestamp": 1724659013217,
        "caughtTimestamp": 1724659013217
      }
    },
    "ariados": {
      "normal": {
        "isShiny": false,
        "status": "CAUGHT",
        "discoveredTimestamp": 1724658621608,
        "caughtTimestamp": 1724658621608
      }
    },
    "lilligant": {
      "hisui": {
        "isShiny": false,
        "status": "CAUGHT",
        "discoveredTimestamp": 1724658836768,
        "caughtTimestamp": 1724658836768
      }
    },
    "espathra": {
      "normal": {
        "isShiny": false,
        "status": "CAUGHT",
        "discoveredTimestamp": 1724660219705,
        "caughtTimestamp": 1724660219705
      }
    },
    "lucario": {
      "normal": {
        "isShiny": false,
        "status": "CAUGHT",
        "discoveredTimestamp": 1724660870635,
        "caughtTimestamp": 1724660870635
      }
    },
    "armarouge": {
      "normal": {
        "isShiny": false,
        "status": "CAUGHT",
        "discoveredTimestamp": 1724660988229,
        "caughtTimestamp": 1724660988229
      }
    },
    "nidoqueen": {
      "normal": {
        "isShiny": false,
        "status": "CAUGHT",
        "discoveredTimestamp": 1724661322784,
        "caughtTimestamp": 1724661322784
      }
    },
    "geodude": {
      "normal": {
        "isShiny": false,
        "status": "CAUGHT",
        "discoveredTimestamp": 1724662504903,
        "caughtTimestamp": 1724662504903
      }
    },
    "graveler": {
      "normal": {
        "isShiny": false,
        "status": "CAUGHT",
        "discoveredTimestamp": 1724662669628,
        "caughtTimestamp": 1724662669628
      }
    },
    "sylveon": {
      "normal": {
        "isShiny": false,
        "status": "CAUGHT",
        "discoveredTimestamp": 1724664054113,
        "caughtTimestamp": 1724664054113
      }
    },
    "samurott": {
      "hisui": {
        "isShiny": false,
        "status": "CAUGHT",
        "discoveredTimestamp": 1724664714657,
        "caughtTimestamp": 1724664714657
      }
    },
    "tinkaton": {
      "normal": {
        "isShiny": false,
        "status": "CAUGHT",
        "discoveredTimestamp": 1724664754351,
        "caughtTimestamp": 1724664754351
      }
    },
    "sneasler": {
      "normal": {
        "isShiny": false,
        "status": "CAUGHT",
        "discoveredTimestamp": 1724804024731,
        "caughtTimestamp": 1724804024731
      }
    },
    "munchlax": {
      "normal": {
        "isShiny": false,
        "status": "CAUGHT",
        "discoveredTimestamp": 1724806595502,
        "caughtTimestamp": 1724806595502
      }
    },
    "misdreavus": {
      "normal": {
        "isShiny": false,
        "status": "CAUGHT",
        "discoveredTimestamp": 1724806885082,
        "caughtTimestamp": 1724806885082
      }
    },
    "crabominable": {
      "normal": {
        "isShiny": false,
        "status": "CAUGHT",
        "discoveredTimestamp": 1724807242211,
        "caughtTimestamp": 1724807242211
      }
    },
    "stufful": {
      "normal": {
        "isShiny": false,
        "status": "CAUGHT",
        "discoveredTimestamp": 1724808953782,
        "caughtTimestamp": 1724808953782
      }
    },
    "sandshrew": {
      "normal": {
        "isShiny": false,
        "status": "CAUGHT",
        "discoveredTimestamp": 1724808986380,
        "caughtTimestamp": 1724808986380
      }
    },
    "cacturne": {
      "normal": {
        "isShiny": false,
        "status": "CAUGHT",
        "discoveredTimestamp": 1724809332663,
        "caughtTimestamp": 1724809332663
      }
    },
    "sandile": {
      "normal": {
        "isShiny": false,
        "status": "CAUGHT",
        "discoveredTimestamp": 1724809392796,
        "caughtTimestamp": 1724809392796
      }
    },
    "cubone": {
      "normal": {
        "isShiny": false,
        "status": "CAUGHT",
        "discoveredTimestamp": 1724809466381,
        "caughtTimestamp": 1724809466381
      }
    },
    "aron": {
      "normal": {
        "isShiny": false,
        "status": "CAUGHT",
        "discoveredTimestamp": 1724810638698,
        "caughtTimestamp": 1724810638698
      }
    },
    "tyrogue": {
      "normal": {
        "isShiny": false,
        "status": "CAUGHT",
        "discoveredTimestamp": 1724811290628,
        "caughtTimestamp": 1724811290628
      }
    },
    "bewear": {
      "normal": {
        "isShiny": false,
        "status": "CAUGHT",
        "discoveredTimestamp": 1724812591976,
        "caughtTimestamp": 1724812591976
      }
    },
    "corviknight": {
      "normal": {
        "isShiny": false,
        "status": "CAUGHT",
        "discoveredTimestamp": 1724812740573,
        "caughtTimestamp": 1724812740573
      }
    },
    "litten": {
      "normal": {
        "isShiny": false,
        "status": "CAUGHT",
        "discoveredTimestamp": 1724818723421,
        "caughtTimestamp": 1724818723421
      }
    },
    "ponyta": {
      "galar": {
        "isShiny": false,
        "status": "CAUGHT",
        "discoveredTimestamp": 1724819311456,
        "caughtTimestamp": 1724819311456
      }
    },
    "rapidash": {
      "galar": {
        "isShiny": false,
        "status": "CAUGHT",
        "discoveredTimestamp": 1724819332950,
        "caughtTimestamp": 1724819332950
      }
    },
    "tauros": {
      "normal": {
        "isShiny": false,
        "status": "CAUGHT",
        "discoveredTimestamp": 1724819770743,
        "caughtTimestamp": 1724819770743
      }
    },
    "staravia": {
      "normal": {
        "isShiny": false,
        "status": "CAUGHT",
        "discoveredTimestamp": 1724819782994,
        "caughtTimestamp": 1724819782994
      }
    },
    "dragalge": {
      "normal": {
        "isShiny": false,
        "status": "CAUGHT",
        "discoveredTimestamp": 1724820394588,
        "caughtTimestamp": 1724820394588
      }
    },
    "gengar": {
      "normal": {
        "isShiny": false,
        "status": "CAUGHT",
        "discoveredTimestamp": 1724821278745,
        "caughtTimestamp": 1724821278745
      }
    }
  }
}