{
  "registers": {
    "snivy": {
      "normal": {
        "isShiny": false,
        "status": "CAUGHT",
        "discoveredTimestamp": 1725065940248,
        "caughtTimestamp": 1725065940248
      }
    },
    "mudkip": {
      "normal": {
        "isShiny": false,
        "status": "CAUGHT",
        "discoveredTimestamp": 1725066645752,
        "caughtTimestamp": 1725066645752
      }
    },
    "charmander": {
      "normal": {
        "isShiny": false,
        "status": "CAUGHT",
        "discoveredTimestamp": 1725066772865,
        "caughtTimestamp": 1725066772865
      }
    },
    "maschiff": {
      "normal": {
        "isShiny": false,
        "status": "CAUGHT",
        "discoveredTimestamp": 1725067119141,
        "caughtTimestamp": 1725067119141
      }
    },
    "pichu": {
      "normal": {
        "isShiny": false,
        "status": "CAUGHT",
        "discoveredTimestamp": 1725067500186,
        "caughtTimestamp": 1725067500186
      }
    },
    "fletchling": {
      "normal": {
        "isShiny": false,
        "status": "CAUGHT",
        "discoveredTimestamp": 1725067674736,
        "caughtTimestamp": 1725067674736
      }
    },
    "fletchinder": {
      "normal": {
        "isShiny": false,
        "status": "CAUGHT",
        "discoveredTimestamp": 1725067682435,
        "caughtTimestamp": 1725067682435
      }
    },
    "exeggcute": {
      "normal": {
        "isShiny": false,
        "status": "CAUGHT",
        "discoveredTimestamp": 1725067802635,
        "caughtTimestamp": 1725067802635
      }
    },
    "nidorino": {
      "normal": {
        "isShiny": false,
        "status": "CAUGHT",
        "discoveredTimestamp": 1725068114234,
        "caughtTimestamp": 1725068114234
      }
    },
    "jangmoo": {
      "normal": {
        "isShiny": false,
        "status": "CAUGHT",
        "discoveredTimestamp": 1725068161385,
        "caughtTimestamp": 1725068161385
      }
    },
    "growlithe": {
      "normal": {
        "isShiny": false,
        "status": "CAUGHT",
        "discoveredTimestamp": 1725068188434,
        "caughtTimestamp": 1725068188434
      }
    },
    "heracross": {
      "normal": {
        "isShiny": false,
        "status": "CAUGHT",
        "discoveredTimestamp": 1725068518781,
        "caughtTimestamp": 1725068518781
      }
    },
    "magikarp": {
      "normal": {
        "isShiny": false,
        "status": "CAUGHT",
        "discoveredTimestamp": 1725068638281,
        "caughtTimestamp": 1725068638281
      }
    }
  }
}