{
  "registers": {
    "snivy": {
      "normal": {
        "isShiny": false,
        "status": "CAUGHT",
        "discoveredTimestamp": 1725065940248,
        "caughtTimestamp": 1725065940248
      }
    },
    "mudkip": {
      "normal": {
        "isShiny": false,
        "status": "CAUGHT",
        "discoveredTimestamp": 1725066645752,
        "caughtTimestamp": 1725066645752
      }
    },
    "charmander": {
      "normal": {
        "isShiny": false,
        "status": "CAUGHT",
        "discoveredTimestamp": 1725066772865,
        "caughtTimestamp": 1725066772865
      }
    },
    "maschiff": {
      "normal": {
        "isShiny": false,
        "status": "CAUGHT",
        "discoveredTimestamp": 1725067119141,
        "caughtTimestamp": 1725067119141
      }
    },
    "pichu": {
      "normal": {
        "isShiny": false,
        "status": "CAUGHT",
        "discoveredTimestamp": 1725067500186,
        "caughtTimestamp": 1725067500186
      }
    },
    "fletchling": {
      "normal": {
        "isShiny": false,
        "status": "CAUGHT",
        "discoveredTimestamp": 1725067674736,
        "caughtTimestamp": 1725067674736
      }
    },
    "fletchinder": {
      "normal": {
        "isShiny": false,
        "status": "CAUGHT",
        "discoveredTimestamp": 1725067682435,
        "caughtTimestamp": 1725067682435
      }
    },
    "exeggcute": {
      "normal": {
        "isShiny": false,
        "status": "CAUGHT",
        "discoveredTimestamp": 1725067802635,
        "caughtTimestamp": 1725067802635
      }
    },
    "nidorino": {
      "normal": {
        "isShiny": false,
        "status": "CAUGHT",
        "discoveredTimestamp": 1725068114234,
        "caughtTimestamp": 1725068114234
      }
    },
    "jangmoo": {
      "normal": {
        "isShiny": false,
        "status": "CAUGHT",
        "discoveredTimestamp": 1725068161385,
        "caughtTimestamp": 1725068161385
      }
    },
    "growlithe": {
      "normal": {
        "isShiny": false,
        "status": "CAUGHT",
        "discoveredTimestamp": 1725068188434,
        "caughtTimestamp": 1725068188434
      }
    },
    "heracross": {
      "normal": {
        "isShiny": false,
        "status": "CAUGHT",
        "discoveredTimestamp": 1725068518781,
        "caughtTimestamp": 1725068518781
      }
    },
    "magikarp": {
      "normal": {
        "isShiny": false,
        "status": "CAUGHT",
        "discoveredTimestamp": 1725068638281,
        "caughtTimestamp": 1725068638281
      }
    },
    "rhyhorn": {
      "normal": {
        "isShiny": false,
        "status": "CAUGHT",
        "discoveredTimestamp": 1725069620998,
        "caughtTimestamp": 1725069620998
      }
    },
    "nidoranf": {
      "normal": {
        "isShiny": false,
        "status": "CAUGHT",
        "discoveredTimestamp": 1725069812537,
        "caughtTimestamp": 1725069812537
      }
    },
    "psyduck": {
      "normal": {
        "isShiny": false,
        "status": "CAUGHT",
        "discoveredTimestamp": 1725070050533,
        "caughtTimestamp": 1725070050533
      }
    },
    "buizel": {
      "normal": {
        "isShiny": false,
        "status": "CAUGHT",
        "discoveredTimestamp": 1725070739631,
        "caughtTimestamp": 1725070739631
      }
    },
    "nickit": {
      "normal": {
        "isShiny": false,
        "status": "CAUGHT",
        "discoveredTimestamp": 1725071278845,
        "caughtTimestamp": 1725071278845
      }
    },
    "thievul": {
      "normal": {
        "isShiny": false,
        "status": "CAUGHT",
        "discoveredTimestamp": 1725071288177,
        "caughtTimestamp": 1725071288177
      }
    },
    "nidorina": {
      "normal": {
        "isShiny": false,
        "status": "CAUGHT",
        "discoveredTimestamp": 1725071330453,
        "caughtTimestamp": 1725071330453
      }
    }
  }
}