{
  "registers": {
    "froakie": {
      "normal": {
        "isShiny": false,
        "status": "CAUGHT",
        "discoveredTimestamp": 1724529659203,
        "caughtTimestamp": 1724529659203
      }
    },
    "treecko": {
      "normal": {
        "isShiny": false,
        "status": "CAUGHT",
        "discoveredTimestamp": 1724531443165,
        "caughtTimestamp": 1724531443165
      }
    },
    "carvanha": {
      "normal": {
        "isShiny": false,
        "status": "CAUGHT",
        "discoveredTimestamp": 1724532821134,
        "caughtTimestamp": 1724532821134
      }
    },
    "pikachu": {
      "normal": {
        "isShiny": false,
        "status": "CAUGHT",
        "discoveredTimestamp": 1724534890809,
        "caughtTimestamp": 1724534890809
      }
    },
    "buizel": {
      "normal": {
        "isShiny": false,
        "status": "CAUGHT",
        "discoveredTimestamp": 1724535102061,
        "caughtTimestamp": 1724535102061
      }
    },
    "vulpix": {
      "normal": {
        "isShiny": false,
        "status": "CAUGHT",
        "discoveredTimestamp": 1724536010911,
        "caughtTimestamp": 1724536010911
      }
    },
    "fletchling": {
      "normal": {
        "isShiny": false,
        "status": "CAUGHT",
        "discoveredTimestamp": 1724536384561,
        "caughtTimestamp": 1724536384561
      }
    },
    "fletchinder": {
      "normal": {
        "isShiny": false,
        "status": "CAUGHT",
        "discoveredTimestamp": 1724536405005,
        "caughtTimestamp": 1724536405005
      }
    },
    "ditto": {
      "normal": {
        "isShiny": false,
        "status": "CAUGHT",
        "discoveredTimestamp": 1724538459865,
        "caughtTimestamp": 1724538459865
      }
    },
    "tinkatink": {
      "normal": {
        "isShiny": false,
        "status": "CAUGHT",
        "discoveredTimestamp": 1724538569971,
        "caughtTimestamp": 1724538569971
      }
    },
    "growlithe": {
      "normal": {
        "isShiny": false,
        "status": "CAUGHT",
        "discoveredTimestamp": 1724539024360,
        "caughtTimestamp": 1724539024360
      }
    },
    "fuecoco": {
      "normal": {
        "isShiny": false,
        "status": "CAUGHT",
        "discoveredTimestamp": 1724540653565,
        "caughtTimestamp": 1724540653565
      }
    },
    "rookidee": {
      "normal": {
        "isShiny": false,
        "status": "CAUGHT",
        "discoveredTimestamp": 1724542313447,
        "caughtTimestamp": 1724542313447
      }
    },
    "frogadier": {
      "normal": {
        "isShiny": false,
        "status": "CAUGHT",
        "discoveredTimestamp": 1724543312333,
        "caughtTimestamp": 1724543312333
      }
    },
    "crocalor": {
      "normal": {
        "isShiny": false,
        "status": "CAUGHT",
        "discoveredTimestamp": 1724544454731,
        "caughtTimestamp": 1724544454731
      }
    },
    "corvisquire": {
      "normal": {
        "isShiny": false,
        "status": "CAUGHT",
        "discoveredTimestamp": 1724544480998,
        "caughtTimestamp": 1724544480998
      }
    },
    "dreepy": {
      "normal": {
        "isShiny": false,
        "status": "CAUGHT",
        "discoveredTimestamp": 1724546623923,
        "caughtTimestamp": 1724546623923
      }
    }
  }
}