{
  "registers": {
    "snivy": {
      "normal": {
        "isShiny": false,
        "status": "CAUGHT",
        "discoveredTimestamp": 1725065940248,
        "caughtTimestamp": 1725065940248
      }
    },
    "mudkip": {
      "normal": {
        "isShiny": false,
        "status": "CAUGHT",
        "discoveredTimestamp": 1725066645752,
        "caughtTimestamp": 1725066645752
      }
    },
    "charmander": {
      "normal": {
        "isShiny": false,
        "status": "CAUGHT",
        "discoveredTimestamp": 1725066772865,
        "caughtTimestamp": 1725066772865
      }
    },
    "maschiff": {
      "normal": {
        "isShiny": false,
        "status": "CAUGHT",
        "discoveredTimestamp": 1725067119141,
        "caughtTimestamp": 1725067119141
      }
    },
    "pichu": {
      "normal": {
        "isShiny": false,
        "status": "CAUGHT",
        "discoveredTimestamp": 1725067500186,
        "caughtTimestamp": 1725067500186
      }
    },
    "fletchling": {
      "normal": {
        "isShiny": false,
        "status": "CAUGHT",
        "discoveredTimestamp": 1725067674736,
        "caughtTimestamp": 1725067674736
      }
    },
    "fletchinder": {
      "normal": {
        "isShiny": false,
        "status": "CAUGHT",
        "discoveredTimestamp": 1725067682435,
        "caughtTimestamp": 1725067682435
      }
    },
    "exeggcute": {
      "normal": {
        "isShiny": false,
        "status": "CAUGHT",
        "discoveredTimestamp": 1725067802635,
        "caughtTimestamp": 1725067802635
      }
    }
  }
}