{
  "registers": {
    "froakie": {
      "normal": {
        "isShiny": false,
        "status": "CAUGHT",
        "discoveredTimestamp": 1724529659203,
        "caughtTimestamp": 1724529659203
      }
    },
    "treecko": {
      "normal": {
        "isShiny": false,
        "status": "CAUGHT",
        "discoveredTimestamp": 1724531443165,
        "caughtTimestamp": 1724531443165
      }
    },
    "carvanha": {
      "normal": {
        "isShiny": false,
        "status": "CAUGHT",
        "discoveredTimestamp": 1724532821134,
        "caughtTimestamp": 1724532821134
      }
    }
  }
}