{
  "registers": {
    "snivy": {
      "normal": {
        "isShiny": false,
        "status": "CAUGHT",
        "discoveredTimestamp": 1725065940248,
        "caughtTimestamp": 1725065940248
      }
    },
    "mudkip": {
      "normal": {
        "isShiny": false,
        "status": "CAUGHT",
        "discoveredTimestamp": 1725066645752,
        "caughtTimestamp": 1725066645752
      }
    },
    "charmander": {
      "normal": {
        "isShiny": false,
        "status": "CAUGHT",
        "discoveredTimestamp": 1725066772865,
        "caughtTimestamp": 1725066772865
      }
    },
    "maschiff": {
      "normal": {
        "isShiny": false,
        "status": "CAUGHT",
        "discoveredTimestamp": 1725067119141,
        "caughtTimestamp": 1725067119141
      }
    },
    "pichu": {
      "normal": {
        "isShiny": false,
        "status": "CAUGHT",
        "discoveredTimestamp": 1725067500186,
        "caughtTimestamp": 1725067500186
      }
    },
    "fletchling": {
      "normal": {
        "isShiny": false,
        "status": "CAUGHT",
        "discoveredTimestamp": 1725067674736,
        "caughtTimestamp": 1725067674736
      }
    },
    "fletchinder": {
      "normal": {
        "isShiny": false,
        "status": "CAUGHT",
        "discoveredTimestamp": 1725067682435,
        "caughtTimestamp": 1725067682435
      }
    },
    "exeggcute": {
      "normal": {
        "isShiny": false,
        "status": "CAUGHT",
        "discoveredTimestamp": 1725067802635,
        "caughtTimestamp": 1725067802635
      }
    },
    "nidorino": {
      "normal": {
        "isShiny": false,
        "status": "CAUGHT",
        "discoveredTimestamp": 1725068114234,
        "caughtTimestamp": 1725068114234
      }
    },
    "jangmoo": {
      "normal": {
        "isShiny": false,
        "status": "CAUGHT",
        "discoveredTimestamp": 1725068161385,
        "caughtTimestamp": 1725068161385
      }
    },
    "growlithe": {
      "normal": {
        "isShiny": false,
        "status": "CAUGHT",
        "discoveredTimestamp": 1725068188434,
        "caughtTimestamp": 1725068188434
      }
    },
    "heracross": {
      "normal": {
        "isShiny": false,
        "status": "CAUGHT",
        "discoveredTimestamp": 1725068518781,
        "caughtTimestamp": 1725068518781
      }
    },
    "magikarp": {
      "normal": {
        "isShiny": false,
        "status": "CAUGHT",
        "discoveredTimestamp": 1725068638281,
        "caughtTimestamp": 1725068638281
      }
    },
    "rhyhorn": {
      "normal": {
        "isShiny": false,
        "status": "CAUGHT",
        "discoveredTimestamp": 1725069620998,
        "caughtTimestamp": 1725069620998
      }
    },
    "nidoranf": {
      "normal": {
        "isShiny": false,
        "status": "CAUGHT",
        "discoveredTimestamp": 1725069812537,
        "caughtTimestamp": 1725069812537
      }
    },
    "psyduck": {
      "normal": {
        "isShiny": false,
        "status": "CAUGHT",
        "discoveredTimestamp": 1725070050533,
        "caughtTimestamp": 1725070050533
      }
    },
    "buizel": {
      "normal": {
        "isShiny": false,
        "status": "CAUGHT",
        "discoveredTimestamp": 1725070739631,
        "caughtTimestamp": 1725070739631
      }
    },
    "nickit": {
      "normal": {
        "isShiny": false,
        "status": "CAUGHT",
        "discoveredTimestamp": 1725071278845,
        "caughtTimestamp": 1725071278845
      }
    },
    "thievul": {
      "normal": {
        "isShiny": false,
        "status": "CAUGHT",
        "discoveredTimestamp": 1725071288177,
        "caughtTimestamp": 1725071288177
      }
    },
    "nidorina": {
      "normal": {
        "isShiny": false,
        "status": "CAUGHT",
        "discoveredTimestamp": 1725071330453,
        "caughtTimestamp": 1725071330453
      }
    },
    "dreepy": {
      "normal": {
        "isShiny": false,
        "status": "CAUGHT",
        "discoveredTimestamp": 1725071896990,
        "caughtTimestamp": 1725071896990
      }
    },
    "buneary": {
      "normal": {
        "isShiny": false,
        "status": "CAUGHT",
        "discoveredTimestamp": 1725072009903,
        "caughtTimestamp": 1725072009903
      }
    },
    "slowpoke": {
      "normal": {
        "isShiny": false,
        "status": "CAUGHT",
        "discoveredTimestamp": 1725072087834,
        "caughtTimestamp": 1725072087834
      }
    },
    "whirlipede": {
      "normal": {
        "isShiny": false,
        "status": "CAUGHT",
        "discoveredTimestamp": 1725072205419,
        "caughtTimestamp": 1725072205419
      }
    },
    "sharpedo": {
      "normal": {
        "isShiny": false,
        "status": "CAUGHT",
        "discoveredTimestamp": 1725073167703,
        "caughtTimestamp": 1725073167703
      }
    },
    "scolipede": {
      "normal": {
        "isShiny": false,
        "status": "CAUGHT",
        "discoveredTimestamp": 1725073404382,
        "caughtTimestamp": 1725073404382
      }
    },
    "gyarados": {
      "normal": {
        "isShiny": false,
        "status": "CAUGHT",
        "discoveredTimestamp": 1725073489499,
        "caughtTimestamp": 1725073489499
      }
    },
    "charmeleon": {
      "normal": {
        "isShiny": false,
        "status": "CAUGHT",
        "discoveredTimestamp": 1725074261447,
        "caughtTimestamp": 1725074261447
      }
    },
    "marshtomp": {
      "normal": {
        "isShiny": false,
        "status": "CAUGHT",
        "discoveredTimestamp": 1725075087799,
        "caughtTimestamp": 1725075087799
      }
    },
    "rookidee": {
      "normal": {
        "isShiny": false,
        "status": "CAUGHT",
        "discoveredTimestamp": 1725075277491,
        "caughtTimestamp": 1725075277491
      }
    },
    "corvisquire": {
      "normal": {
        "isShiny": false,
        "status": "CAUGHT",
        "discoveredTimestamp": 1725075386631,
        "caughtTimestamp": 1725075386631
      }
    },
    "mimejr": {
      "normal": {
        "isShiny": false,
        "status": "CAUGHT",
        "discoveredTimestamp": 1725075471104,
        "caughtTimestamp": 1725075471104
      }
    },
    "snorunt": {
      "normal": {
        "isShiny": false,
        "status": "CAUGHT",
        "discoveredTimestamp": 1725075508130,
        "caughtTimestamp": 1725075508130
      }
    },
    "zorua": {
      "hisui": {
        "isShiny": false,
        "status": "CAUGHT",
        "discoveredTimestamp": 1725075634783,
        "caughtTimestamp": 1725075634783
      }
    },
    "mudbray": {
      "normal": {
        "isShiny": false,
        "status": "CAUGHT",
        "discoveredTimestamp": 1725075706684,
        "caughtTimestamp": 1725075706684
      }
    },
    "mudsdale": {
      "normal": {
        "isShiny": false,
        "status": "CAUGHT",
        "discoveredTimestamp": 1725076457230,
        "caughtTimestamp": 1725076457230
      }
    },
    "gastly": {
      "normal": {
        "isShiny": false,
        "status": "CAUGHT",
        "discoveredTimestamp": 1725076626803,
        "caughtTimestamp": 1725076626803
      }
    },
    "goomy": {
      "hisuibias": {
        "isShiny": false,
        "status": "CAUGHT",
        "discoveredTimestamp": 1725076871731,
        "caughtTimestamp": 1725076871731
      }
    },
    "mawile": {
      "normal": {
        "isShiny": false,
        "status": "CAUGHT",
        "discoveredTimestamp": 1725077163239,
        "caughtTimestamp": 1725077163239
      }
    },
    "steenee": {
      "normal": {
        "isShiny": false,
        "status": "CAUGHT",
        "discoveredTimestamp": 1725077270335,
        "caughtTimestamp": 1725077270335
      }
    },
    "elekid": {
      "normal": {
        "isShiny": false,
        "status": "CAUGHT",
        "discoveredTimestamp": 1725077639836,
        "caughtTimestamp": 1725077639836
      }
    },
    "munchlax": {
      "normal": {
        "isShiny": false,
        "status": "CAUGHT",
        "discoveredTimestamp": 1725078012531,
        "caughtTimestamp": 1725078012531
      }
    }
  }
}