{
  "registers": {
    "snivy": {
      "normal": {
        "isShiny": false,
        "status": "CAUGHT",
        "discoveredTimestamp": 1725065940248,
        "caughtTimestamp": 1725065940248
      }
    },
    "mudkip": {
      "normal": {
        "isShiny": false,
        "status": "CAUGHT",
        "discoveredTimestamp": 1725066645752,
        "caughtTimestamp": 1725066645752
      }
    },
    "charmander": {
      "normal": {
        "isShiny": false,
        "status": "CAUGHT",
        "discoveredTimestamp": 1725066772865,
        "caughtTimestamp": 1725066772865
      }
    },
    "maschiff": {
      "normal": {
        "isShiny": false,
        "status": "CAUGHT",
        "discoveredTimestamp": 1725067119141,
        "caughtTimestamp": 1725067119141
      }
    }
  }
}