{
  "registers": {
    "snivy": {
      "normal": {
        "isShiny": false,
        "status": "CAUGHT",
        "discoveredTimestamp": 1725065940248,
        "caughtTimestamp": 1725065940248
      }
    },
    "mudkip": {
      "normal": {
        "isShiny": false,
        "status": "CAUGHT",
        "discoveredTimestamp": 1725066645752,
        "caughtTimestamp": 1725066645752
      }
    },
    "charmander": {
      "normal": {
        "isShiny": false,
        "status": "CAUGHT",
        "discoveredTimestamp": 1725066772865,
        "caughtTimestamp": 1725066772865
      }
    },
    "maschiff": {
      "normal": {
        "isShiny": false,
        "status": "CAUGHT",
        "discoveredTimestamp": 1725067119141,
        "caughtTimestamp": 1725067119141
      }
    },
    "pichu": {
      "normal": {
        "isShiny": false,
        "status": "CAUGHT",
        "discoveredTimestamp": 1725067500186,
        "caughtTimestamp": 1725067500186
      }
    },
    "fletchling": {
      "normal": {
        "isShiny": false,
        "status": "CAUGHT",
        "discoveredTimestamp": 1725067674736,
        "caughtTimestamp": 1725067674736
      }
    },
    "fletchinder": {
      "normal": {
        "isShiny": false,
        "status": "CAUGHT",
        "discoveredTimestamp": 1725067682435,
        "caughtTimestamp": 1725067682435
      }
    },
    "exeggcute": {
      "normal": {
        "isShiny": false,
        "status": "CAUGHT",
        "discoveredTimestamp": 1725067802635,
        "caughtTimestamp": 1725067802635
      }
    },
    "nidorino": {
      "normal": {
        "isShiny": false,
        "status": "CAUGHT",
        "discoveredTimestamp": 1725068114234,
        "caughtTimestamp": 1725068114234
      }
    },
    "jangmoo": {
      "normal": {
        "isShiny": false,
        "status": "CAUGHT",
        "discoveredTimestamp": 1725068161385,
        "caughtTimestamp": 1725068161385
      }
    },
    "growlithe": {
      "normal": {
        "isShiny": false,
        "status": "CAUGHT",
        "discoveredTimestamp": 1725068188434,
        "caughtTimestamp": 1725068188434
      }
    },
    "heracross": {
      "normal": {
        "isShiny": false,
        "status": "CAUGHT",
        "discoveredTimestamp": 1725068518781,
        "caughtTimestamp": 1725068518781
      }
    },
    "magikarp": {
      "normal": {
        "isShiny": false,
        "status": "CAUGHT",
        "discoveredTimestamp": 1725068638281,
        "caughtTimestamp": 1725068638281
      }
    },
    "rhyhorn": {
      "normal": {
        "isShiny": false,
        "status": "CAUGHT",
        "discoveredTimestamp": 1725069620998,
        "caughtTimestamp": 1725069620998
      }
    },
    "nidoranf": {
      "normal": {
        "isShiny": false,
        "status": "CAUGHT",
        "discoveredTimestamp": 1725069812537,
        "caughtTimestamp": 1725069812537
      }
    },
    "psyduck": {
      "normal": {
        "isShiny": false,
        "status": "CAUGHT",
        "discoveredTimestamp": 1725070050533,
        "caughtTimestamp": 1725070050533
      }
    },
    "buizel": {
      "normal": {
        "isShiny": false,
        "status": "CAUGHT",
        "discoveredTimestamp": 1725070739631,
        "caughtTimestamp": 1725070739631
      }
    },
    "nickit": {
      "normal": {
        "isShiny": false,
        "status": "CAUGHT",
        "discoveredTimestamp": 1725071278845,
        "caughtTimestamp": 1725071278845
      }
    },
    "thievul": {
      "normal": {
        "isShiny": false,
        "status": "CAUGHT",
        "discoveredTimestamp": 1725071288177,
        "caughtTimestamp": 1725071288177
      }
    },
    "nidorina": {
      "normal": {
        "isShiny": false,
        "status": "CAUGHT",
        "discoveredTimestamp": 1725071330453,
        "caughtTimestamp": 1725071330453
      }
    },
    "dreepy": {
      "normal": {
        "isShiny": false,
        "status": "CAUGHT",
        "discoveredTimestamp": 1725071896990,
        "caughtTimestamp": 1725071896990
      }
    },
    "buneary": {
      "normal": {
        "isShiny": false,
        "status": "CAUGHT",
        "discoveredTimestamp": 1725072009903,
        "caughtTimestamp": 1725072009903
      }
    },
    "slowpoke": {
      "normal": {
        "isShiny": false,
        "status": "CAUGHT",
        "discoveredTimestamp": 1725072087834,
        "caughtTimestamp": 1725072087834
      }
    },
    "whirlipede": {
      "normal": {
        "isShiny": false,
        "status": "CAUGHT",
        "discoveredTimestamp": 1725072205419,
        "caughtTimestamp": 1725072205419
      }
    },
    "sharpedo": {
      "normal": {
        "isShiny": false,
        "status": "CAUGHT",
        "discoveredTimestamp": 1725073167703,
        "caughtTimestamp": 1725073167703
      }
    },
    "scolipede": {
      "normal": {
        "isShiny": false,
        "status": "CAUGHT",
        "discoveredTimestamp": 1725073404382,
        "caughtTimestamp": 1725073404382
      }
    },
    "gyarados": {
      "normal": {
        "isShiny": false,
        "status": "CAUGHT",
        "discoveredTimestamp": 1725073489499,
        "caughtTimestamp": 1725073489499
      }
    },
    "charmeleon": {
      "normal": {
        "isShiny": false,
        "status": "CAUGHT",
        "discoveredTimestamp": 1725074261447,
        "caughtTimestamp": 1725074261447
      }
    },
    "marshtomp": {
      "normal": {
        "isShiny": false,
        "status": "CAUGHT",
        "discoveredTimestamp": 1725075087799,
        "caughtTimestamp": 1725075087799
      }
    },
    "rookidee": {
      "normal": {
        "isShiny": false,
        "status": "CAUGHT",
        "discoveredTimestamp": 1725075277491,
        "caughtTimestamp": 1725075277491
      }
    },
    "corvisquire": {
      "normal": {
        "isShiny": false,
        "status": "CAUGHT",
        "discoveredTimestamp": 1725075386631,
        "caughtTimestamp": 1725075386631
      }
    },
    "mimejr": {
      "normal": {
        "isShiny": false,
        "status": "CAUGHT",
        "discoveredTimestamp": 1725075471104,
        "caughtTimestamp": 1725075471104
      }
    },
    "snorunt": {
      "normal": {
        "isShiny": false,
        "status": "CAUGHT",
        "discoveredTimestamp": 1725075508130,
        "caughtTimestamp": 1725075508130
      }
    },
    "zorua": {
      "hisui": {
        "isShiny": false,
        "status": "CAUGHT",
        "discoveredTimestamp": 1725075634783,
        "caughtTimestamp": 1725075634783
      },
      "normal": {
        "isShiny": false,
        "status": "CAUGHT",
        "discoveredTimestamp": 1725086238378,
        "caughtTimestamp": 1725086238378
      }
    },
    "mudbray": {
      "normal": {
        "isShiny": false,
        "status": "CAUGHT",
        "discoveredTimestamp": 1725075706684,
        "caughtTimestamp": 1725075706684
      }
    },
    "mudsdale": {
      "normal": {
        "isShiny": false,
        "status": "CAUGHT",
        "discoveredTimestamp": 1725076457230,
        "caughtTimestamp": 1725076457230
      }
    },
    "gastly": {
      "normal": {
        "isShiny": false,
        "status": "CAUGHT",
        "discoveredTimestamp": 1725076626803,
        "caughtTimestamp": 1725076626803
      }
    },
    "goomy": {
      "hisuibias": {
        "isShiny": false,
        "status": "CAUGHT",
        "discoveredTimestamp": 1725076871731,
        "caughtTimestamp": 1725076871731
      }
    },
    "mawile": {
      "normal": {
        "isShiny": false,
        "status": "CAUGHT",
        "discoveredTimestamp": 1725077163239,
        "caughtTimestamp": 1725077163239
      }
    },
    "steenee": {
      "normal": {
        "isShiny": false,
        "status": "CAUGHT",
        "discoveredTimestamp": 1725077270335,
        "caughtTimestamp": 1725077270335
      }
    },
    "elekid": {
      "normal": {
        "isShiny": false,
        "status": "CAUGHT",
        "discoveredTimestamp": 1725077639836,
        "caughtTimestamp": 1725077639836
      }
    },
    "munchlax": {
      "normal": {
        "isShiny": false,
        "status": "CAUGHT",
        "discoveredTimestamp": 1725078012531,
        "caughtTimestamp": 1725078012531
      }
    },
    "exeggutor": {
      "normal": {
        "isShiny": false,
        "status": "CAUGHT",
        "discoveredTimestamp": 1725078430260,
        "caughtTimestamp": 1725078430260
      }
    },
    "riolu": {
      "normal": {
        "isShiny": false,
        "status": "CAUGHT",
        "discoveredTimestamp": 1725078545832,
        "caughtTimestamp": 1725078545832
      }
    },
    "galvantula": {
      "normal": {
        "isShiny": false,
        "status": "CAUGHT",
        "discoveredTimestamp": 1725079157530,
        "caughtTimestamp": 1725079157530
      }
    },
    "lapras": {
      "normal": {
        "isShiny": false,
        "status": "CAUGHT",
        "discoveredTimestamp": 1725079227730,
        "caughtTimestamp": 1725079227730
      }
    },
    "aron": {
      "normal": {
        "isShiny": false,
        "status": "CAUGHT",
        "discoveredTimestamp": 1725079632152,
        "caughtTimestamp": 1725079632152
      }
    },
    "makuhita": {
      "normal": {
        "isShiny": false,
        "status": "CAUGHT",
        "discoveredTimestamp": 1725079716130,
        "caughtTimestamp": 1725079716130
      }
    },
    "cleffa": {
      "normal": {
        "isShiny": false,
        "status": "CAUGHT",
        "discoveredTimestamp": 1725080282981,
        "caughtTimestamp": 1725080282981
      }
    },
    "tyrogue": {
      "normal": {
        "isShiny": false,
        "status": "CAUGHT",
        "discoveredTimestamp": 1725081144743,
        "caughtTimestamp": 1725081144743
      }
    },
    "pidgeotto": {
      "normal": {
        "isShiny": false,
        "status": "CAUGHT",
        "discoveredTimestamp": 1725081842733,
        "caughtTimestamp": 1725081842733
      }
    },
    "cottonee": {
      "normal": {
        "isShiny": false,
        "status": "CAUGHT",
        "discoveredTimestamp": 1725082054332,
        "caughtTimestamp": 1725082054332
      }
    },
    "shroomish": {
      "normal": {
        "isShiny": false,
        "status": "CAUGHT",
        "discoveredTimestamp": 1725082298613,
        "caughtTimestamp": 1725082298613
      }
    },
    "pikachu": {
      "normal": {
        "isShiny": false,
        "status": "CAUGHT",
        "discoveredTimestamp": 1725082968095,
        "caughtTimestamp": 1725082968095
      }
    },
    "raichu": {
      "normal": {
        "isShiny": false,
        "status": "CAUGHT",
        "discoveredTimestamp": 1725082982095,
        "caughtTimestamp": 1725082982095
      }
    },
    "shedinja": {
      "normal": {
        "isShiny": false,
        "status": "CAUGHT",
        "discoveredTimestamp": 1725083679484,
        "caughtTimestamp": 1725083679484
      }
    },
    "servine": {
      "normal": {
        "isShiny": false,
        "status": "CAUGHT",
        "discoveredTimestamp": 1725083808508,
        "caughtTimestamp": 1725083808508
      }
    },
    "nidoqueen": {
      "normal": {
        "isShiny": false,
        "status": "CAUGHT",
        "discoveredTimestamp": 1725084031036,
        "caughtTimestamp": 1725084031036
      }
    },
    "breloom": {
      "normal": {
        "isShiny": false,
        "status": "CAUGHT",
        "discoveredTimestamp": 1725084489951,
        "caughtTimestamp": 1725084489951
      }
    },
    "chimchar": {
      "normal": {
        "isShiny": false,
        "status": "CAUGHT",
        "discoveredTimestamp": 1725084539085,
        "caughtTimestamp": 1725084539085
      }
    },
    "monferno": {
      "normal": {
        "isShiny": false,
        "status": "CAUGHT",
        "discoveredTimestamp": 1725084557464,
        "caughtTimestamp": 1725084557464
      }
    },
    "swampert": {
      "normal": {
        "isShiny": false,
        "status": "CAUGHT",
        "discoveredTimestamp": 1725084738280,
        "caughtTimestamp": 1725084738280
      }
    },
    "duskull": {
      "normal": {
        "isShiny": false,
        "status": "CAUGHT",
        "discoveredTimestamp": 1725084891032,
        "caughtTimestamp": 1725084891032
      }
    },
    "hakamoo": {
      "normal": {
        "isShiny": false,
        "status": "CAUGHT",
        "discoveredTimestamp": 1725084897393,
        "caughtTimestamp": 1725084897393
      }
    },
    "sliggoo": {
      "hisui": {
        "isShiny": false,
        "status": "CAUGHT",
        "discoveredTimestamp": 1725084930643,
        "caughtTimestamp": 1725084930643
      }
    },
    "noctowl": {
      "normal": {
        "isShiny": false,
        "status": "CAUGHT",
        "discoveredTimestamp": 1725085025281,
        "caughtTimestamp": 1725085025281
      }
    },
    "pidgeot": {
      "normal": {
        "isShiny": false,
        "status": "CAUGHT",
        "discoveredTimestamp": 1725085129009,
        "caughtTimestamp": 1725085129009
      }
    },
    "eevee": {
      "normal": {
        "isShiny": false,
        "status": "CAUGHT",
        "discoveredTimestamp": 1725085137490,
        "caughtTimestamp": 1725085137490
      }
    },
    "timburr": {
      "normal": {
        "isShiny": false,
        "status": "CAUGHT",
        "discoveredTimestamp": 1725085570482,
        "caughtTimestamp": 1725085570482
      }
    },
    "torkoal": {
      "normal": {
        "isShiny": false,
        "status": "CAUGHT",
        "discoveredTimestamp": 1725085865633,
        "caughtTimestamp": 1725085865633
      }
    },
    "arcanine": {
      "normal": {
        "isShiny": false,
        "status": "CAUGHT",
        "discoveredTimestamp": 1725085948296,
        "caughtTimestamp": 1725085948296
      }
    },
    "talonflame": {
      "normal": {
        "isShiny": false,
        "status": "CAUGHT",
        "discoveredTimestamp": 1725086095295,
        "caughtTimestamp": 1725086095295
      }
    },
    "snorlax": {
      "normal": {
        "isShiny": false,
        "status": "CAUGHT",
        "discoveredTimestamp": 1725086801285,
        "caughtTimestamp": 1725086801285
      }
    },
    "gurdurr": {
      "normal": {
        "isShiny": false,
        "status": "CAUGHT",
        "discoveredTimestamp": 1725087374424,
        "caughtTimestamp": 1725087374424
      }
    },
    "conkeldurr": {
      "normal": {
        "isShiny": false,
        "status": "CAUGHT",
        "discoveredTimestamp": 1725087394461,
        "caughtTimestamp": 1725087394461
      }
    },
    "kommoo": {
      "normal": {
        "isShiny": false,
        "status": "CAUGHT",
        "discoveredTimestamp": 1725087947240,
        "caughtTimestamp": 1725087947240
      }
    },
    "nuzleaf": {
      "normal": {
        "isShiny": false,
        "status": "CAUGHT",
        "discoveredTimestamp": 1725088090331,
        "caughtTimestamp": 1725088090331
      }
    },
    "hariyama": {
      "normal": {
        "isShiny": false,
        "status": "CAUGHT",
        "discoveredTimestamp": 1725088256733,
        "caughtTimestamp": 1725088256733
      }
    },
    "abra": {
      "normal": {
        "isShiny": false,
        "status": "CAUGHT",
        "discoveredTimestamp": 1725088626429,
        "caughtTimestamp": 1725088626429
      }
    },
    "kadabra": {
      "normal": {
        "isShiny": false,
        "status": "CAUGHT",
        "discoveredTimestamp": 1725088672591,
        "caughtTimestamp": 1725088672591
      }
    },
    "shiftry": {
      "normal": {
        "isShiny": false,
        "status": "CAUGHT",
        "discoveredTimestamp": 1725088699102,
        "caughtTimestamp": 1725088699102
      }
    },
    "machop": {
      "normal": {
        "isShiny": false,
        "status": "CAUGHT",
        "discoveredTimestamp": 1725089604427,
        "caughtTimestamp": 1725089604427
      }
    },
    "phantump": {
      "normal": {
        "isShiny": false,
        "status": "CAUGHT",
        "discoveredTimestamp": 1725089709030,
        "caughtTimestamp": 1725089709030
      }
    },
    "heatmor": {
      "normal": {
        "isShiny": false,
        "status": "CAUGHT",
        "discoveredTimestamp": 1725091765474,
        "caughtTimestamp": 1725091765474
      }
    },
    "sneasel": {
      "hisui": {
        "isShiny": false,
        "status": "CAUGHT",
        "discoveredTimestamp": 1725091871828,
        "caughtTimestamp": 1725091871828
      }
    },
    "corviknight": {
      "normal": {
        "isShiny": false,
        "status": "CAUGHT",
        "discoveredTimestamp": 1725092202175,
        "caughtTimestamp": 1725092202175
      }
    },
    "machoke": {
      "normal": {
        "isShiny": false,
        "status": "CAUGHT",
        "discoveredTimestamp": 1725093275592,
        "caughtTimestamp": 1725093275592
      }
    },
    "gible": {
      "normal": {
        "isShiny": false,
        "status": "CAUGHT",
        "discoveredTimestamp": 1725093960217,
        "caughtTimestamp": 1725093960217
      }
    },
    "ursaluna": {
      "normal": {
        "isShiny": false,
        "status": "CAUGHT",
        "discoveredTimestamp": 1725094019823,
        "caughtTimestamp": 1725094019823
      }
    },
    "skiddo": {
      "normal": {
        "isShiny": false,
        "status": "CAUGHT",
        "discoveredTimestamp": 1725132210950,
        "caughtTimestamp": 1725132210950
      }
    },
    "primeape": {
      "normal": {
        "isShiny": false,
        "status": "CAUGHT",
        "discoveredTimestamp": 1725134777235,
        "caughtTimestamp": 1725134777235
      }
    },
    "rockruff": {
      "normal": {
        "isShiny": false,
        "status": "CAUGHT",
        "discoveredTimestamp": 1725148021908,
        "caughtTimestamp": 1725148021908
      }
    },
    "deino": {
      "normal": {
        "isShiny": false,
        "status": "CAUGHT",
        "discoveredTimestamp": 1725149038062,
        "caughtTimestamp": 1725149038062
      }
    },
    "boldore": {
      "normal": {
        "isShiny": false,
        "status": "CAUGHT",
        "discoveredTimestamp": 1725149475158,
        "caughtTimestamp": 1725149475158
      }
    },
    "rowlet": {
      "normal": {
        "isShiny": false,
        "status": "CAUGHT",
        "discoveredTimestamp": 1725149740658,
        "caughtTimestamp": 1725149740658
      }
    },
    "annihilape": {
      "normal": {
        "isShiny": false,
        "status": "CAUGHT",
        "discoveredTimestamp": 1725151991896,
        "caughtTimestamp": 1725151991896
      }
    },
    "machamp": {
      "normal": {
        "isShiny": false,
        "status": "CAUGHT",
        "discoveredTimestamp": 1725152125837,
        "caughtTimestamp": 1725152125837
      }
    },
    "dartrix": {
      "normal": {
        "isShiny": false,
        "status": "CAUGHT",
        "discoveredTimestamp": 1725152543876,
        "caughtTimestamp": 1725152543876
      }
    },
    "geodude": {
      "normal": {
        "isShiny": false,
        "status": "CAUGHT",
        "discoveredTimestamp": 1725152667404,
        "caughtTimestamp": 1725152667404
      }
    },
    "graveler": {
      "normal": {
        "isShiny": false,
        "status": "CAUGHT",
        "discoveredTimestamp": 1725152676468,
        "caughtTimestamp": 1725152676468
      }
    },
    "litten": {
      "normal": {
        "isShiny": false,
        "status": "CAUGHT",
        "discoveredTimestamp": 1725239106534,
        "caughtTimestamp": 1725239106534
      }
    },
    "woobat": {
      "normal": {
        "isShiny": false,
        "status": "CAUGHT",
        "discoveredTimestamp": 1725240353462,
        "caughtTimestamp": 1725240353462
      }
    },
    "lopunny": {
      "normal": {
        "isShiny": false,
        "status": "CAUGHT",
        "discoveredTimestamp": 1725243675944,
        "caughtTimestamp": 1725243675944
      }
    },
    "pawniard": {
      "normal": {
        "isShiny": false,
        "status": "CAUGHT",
        "discoveredTimestamp": 1725244570854,
        "caughtTimestamp": 1725244570854
      }
    },
    "gogoat": {
      "normal": {
        "isShiny": false,
        "status": "CAUGHT",
        "discoveredTimestamp": 1725245051332,
        "caughtTimestamp": 1725245051332
      }
    },
    "bisharp": {
      "normal": {
        "isShiny": false,
        "status": "CAUGHT",
        "discoveredTimestamp": 1725245221326,
        "caughtTimestamp": 1725245221326
      }
    },
    "alakazam": {
      "normal": {
        "isShiny": false,
        "status": "CAUGHT",
        "discoveredTimestamp": 1725245294703,
        "caughtTimestamp": 1725245294703
      }
    },
    "mareep": {
      "normal": {
        "isShiny": false,
        "status": "CAUGHT",
        "discoveredTimestamp": 1725246426126,
        "caughtTimestamp": 1725246426126
      }
    },
    "bellsprout": {
      "normal": {
        "isShiny": false,
        "status": "CAUGHT",
        "discoveredTimestamp": 1725247191584,
        "caughtTimestamp": 1725247191584
      }
    },
    "krabby": {
      "normal": {
        "isShiny": false,
        "status": "CAUGHT",
        "discoveredTimestamp": 1725247285325,
        "caughtTimestamp": 1725247285325
      }
    },
    "sawsbuck": {
      "normal": {
        "isShiny": false,
        "status": "CAUGHT",
        "discoveredTimestamp": 1725247552327,
        "caughtTimestamp": 1725247552327
      }
    },
    "foongus": {
      "normal": {
        "isShiny": false,
        "status": "CAUGHT",
        "discoveredTimestamp": 1725248126035,
        "caughtTimestamp": 1725248126035
      }
    },
    "lairon": {
      "normal": {
        "isShiny": false,
        "status": "CAUGHT",
        "discoveredTimestamp": 1725248134187,
        "caughtTimestamp": 1725248134187
      }
    },
    "flaaffy": {
      "normal": {
        "isShiny": false,
        "status": "CAUGHT",
        "discoveredTimestamp": 1725248337458,
        "caughtTimestamp": 1725248337458
      }
    },
    "drakloak": {
      "normal": {
        "isShiny": false,
        "status": "CAUGHT",
        "discoveredTimestamp": 1725248432424,
        "caughtTimestamp": 1725248432424
      }
    },
    "unfezant": {
      "normal": {
        "isShiny": false,
        "status": "CAUGHT",
        "discoveredTimestamp": 1725248525086,
        "caughtTimestamp": 1725248525086
      }
    },
    "goodra": {
      "hisui": {
        "isShiny": false,
        "status": "CAUGHT",
        "discoveredTimestamp": 1725248619676,
        "caughtTimestamp": 1725248619676
      }
    },
    "aggron": {
      "normal": {
        "isShiny": false,
        "status": "CAUGHT",
        "discoveredTimestamp": 1725248773575,
        "caughtTimestamp": 1725248773575
      }
    },
    "zweilous": {
      "normal": {
        "isShiny": false,
        "status": "CAUGHT",
        "discoveredTimestamp": 1725248779282,
        "caughtTimestamp": 1725248779282
      }
    },
    "serperior": {
      "normal": {
        "isShiny": false,
        "status": "CAUGHT",
        "discoveredTimestamp": 1725249265884,
        "caughtTimestamp": 1725249265884
      }
    },
    "charizard": {
      "normal": {
        "isShiny": false,
        "status": "CAUGHT",
        "discoveredTimestamp": 1725249774637,
        "caughtTimestamp": 1725249774637
      }
    },
    "tangrowth": {
      "normal": {
        "isShiny": false,
        "status": "CAUGHT",
        "discoveredTimestamp": 1725250385528,
        "caughtTimestamp": 1725250385528
      }
    },
    "lickitung": {
      "normal": {
        "isShiny": false,
        "status": "CAUGHT",
        "discoveredTimestamp": 1725250661080,
        "caughtTimestamp": 1725250661080
      }
    },
    "gabite": {
      "normal": {
        "isShiny": false,
        "status": "CAUGHT",
        "discoveredTimestamp": 1725250862797,
        "caughtTimestamp": 1725250862797
      }
    },
    "hawlucha": {
      "normal": {
        "isShiny": false,
        "status": "CAUGHT",
        "discoveredTimestamp": 1725251244729,
        "caughtTimestamp": 1725251244729
      }
    },
    "ditto": {
      "normal": {
        "isShiny": false,
        "status": "CAUGHT",
        "discoveredTimestamp": 1725251828136,
        "caughtTimestamp": 1725251828136
      }
    },
    "torracat": {
      "normal": {
        "isShiny": false,
        "status": "CAUGHT",
        "discoveredTimestamp": 1725252180128,
        "caughtTimestamp": 1725252180128
      }
    },
    "shroodle": {
      "normal": {
        "isShiny": false,
        "status": "CAUGHT",
        "discoveredTimestamp": 1725252864426,
        "caughtTimestamp": 1725252864426
      }
    },
    "rabsca": {
      "normal": {
        "isShiny": false,
        "status": "CAUGHT",
        "discoveredTimestamp": 1725253558633,
        "caughtTimestamp": 1725253558633
      }
    },
    "axew": {
      "normal": {
        "isShiny": false,
        "status": "CAUGHT",
        "discoveredTimestamp": 1725253612076,
        "caughtTimestamp": 1725253612076
      }
    },
    "lucario": {
      "normal": {
        "isShiny": false,
        "status": "CAUGHT",
        "discoveredTimestamp": 1725254660683,
        "caughtTimestamp": 1725254660683
      }
    },
    "aegislash": {
      "normal": {
        "isShiny": false,
        "status": "CAUGHT",
        "discoveredTimestamp": 1725254745480,
        "caughtTimestamp": 1725254745480
      }
    },
    "larvitar": {
      "normal": {
        "isShiny": false,
        "status": "CAUGHT",
        "discoveredTimestamp": 1725255788483,
        "caughtTimestamp": 1725255788483
      }
    },
    "pupitar": {
      "normal": {
        "isShiny": false,
        "status": "CAUGHT",
        "discoveredTimestamp": 1725255808335,
        "caughtTimestamp": 1725255808335
      }
    },
    "carvanha": {
      "normal": {
        "isShiny": true,
        "status": "CAUGHT",
        "discoveredTimestamp": 1725257051576,
        "caughtTimestamp": 1725257051576
      }
    },
    "skrelp": {
      "normal": {
        "isShiny": false,
        "status": "CAUGHT",
        "discoveredTimestamp": 1725258338183,
        "caughtTimestamp": 1725258338183
      }
    }
  }
}