{
  "uuid": "a91ad032-292f-4396-a71b-7256feb45c11",
  "starterPrompted": true,
  "starterLocked": false,
  "starterSelected": true,
  "starterUUID": "6c51d0ca-8b93-42b2-8f26-c3a5cef74892",
  "keyItems": [],
  "battleTheme": "cobblemon:battle.pvp.default",
  "extraData": {
    "cobbledex_discovery": {
      "registers": {
        "charmander": {
          "normal": {
            "isShiny": false,
            "status": "CAUGHT",
            "discoveredTimestamp": 1725066772865,
            "caughtTimestamp": 1725066772865
          }
        },
        "nidorino": {
          "normal": {
            "isShiny": false,
            "status": "CAUGHT",
            "discoveredTimestamp": 1725068114234,
            "caughtTimestamp": 1725068114234
          }
        },
        "growlithe": {
          "normal": {
            "isShiny": false,
            "status": "CAUGHT",
            "discoveredTimestamp": 1725068188433,
            "caughtTimestamp": 1725068188433
          }
        },
        "magikarp": {
          "normal": {
            "isShiny": false,
            "status": "CAUGHT",
            "discoveredTimestamp": 1725068638280,
            "caughtTimestamp": 1725068638280
          }
        }
      },
      "name": "cobbledex_discovery"
    },
    "Cobbledex_RewardHistory": {
      "received": [],
      "name": "Cobbledex_RewardHistory"
    }
  },
  "advancementData": {
    "totalCaptureCount": 3,
    "totalEggsHatched": 0,
    "totalEvolvedCount": 0,
    "totalBattleVictoryCount": 17,
    "totalPvPBattleVictoryCount": 0,
    "totalPvWBattleVictoryCount": 14,
    "totalPvNBattleVictoryCount": 3,
    "totalShinyCaptureCount": 0,
    "totalTradedCount": 0,
    "totalTypeCaptureCounts": {
      "poison": 1,
      "fire": 1,
      "water": 1
    },
    "totalDefeatedCounts": {
      "cobblemon:kricketot": 1,
      "cobblemon:zigzagoon": 1,
      "cobblemon:sentret": 1,
      "cobblemon:bunnelby": 1,
      "cobblemon:rattata": 1,
      "cobblemon:wooloo": 2,
      "cobblemon:slowpoke": 1,
      "cobblemon:fidough": 2,
      "cobblemon:poochyena": 1
    },
    "aspectsCollected": {}
  }
}