{
  "uuid": "a91ad032-292f-4396-a71b-7256feb45c11",
  "starterPrompted": true,
  "starterLocked": false,
  "starterSelected": true,
  "starterUUID": "6c51d0ca-8b93-42b2-8f26-c3a5cef74892",
  "keyItems": [],
  "battleTheme": "cobblemon:battle.pvp.default",
  "extraData": {
    "cobbledex_discovery": {
      "registers": {
        "charmander": {
          "normal": {
            "isShiny": false,
            "status": "CAUGHT",
            "discoveredTimestamp": 1725066772865,
            "caughtTimestamp": 1725066772865
          }
        },
        "nidorino": {
          "normal": {
            "isShiny": false,
            "status": "CAUGHT",
            "discoveredTimestamp": 1725068114234,
            "caughtTimestamp": 1725068114234
          }
        },
        "growlithe": {
          "normal": {
            "isShiny": false,
            "status": "CAUGHT",
            "discoveredTimestamp": 1725068188433,
            "caughtTimestamp": 1725068188433
          }
        },
        "magikarp": {
          "normal": {
            "isShiny": false,
            "status": "CAUGHT",
            "discoveredTimestamp": 1725068638280,
            "caughtTimestamp": 1725068638280
          }
        },
        "rhyhorn": {
          "normal": {
            "isShiny": false,
            "status": "CAUGHT",
            "discoveredTimestamp": 1725069620997,
            "caughtTimestamp": 1725069620997
          }
        },
        "psyduck": {
          "normal": {
            "isShiny": false,
            "status": "CAUGHT",
            "discoveredTimestamp": 1725070050532,
            "caughtTimestamp": 1725070050532
          }
        },
        "buneary": {
          "normal": {
            "isShiny": false,
            "status": "CAUGHT",
            "discoveredTimestamp": 1725072009902,
            "caughtTimestamp": 1725072009902
          }
        },
        "slowpoke": {
          "normal": {
            "isShiny": false,
            "status": "CAUGHT",
            "discoveredTimestamp": 1725072087833,
            "caughtTimestamp": 1725072087833
          }
        },
        "whirlipede": {
          "normal": {
            "isShiny": false,
            "status": "CAUGHT",
            "discoveredTimestamp": 1725072205419,
            "caughtTimestamp": 1725072205419
          }
        },
        "exeggcute": {
          "normal": {
            "isShiny": false,
            "status": "CAUGHT",
            "discoveredTimestamp": 1725072940196,
            "caughtTimestamp": 1725072940196
          }
        },
        "charmeleon": {
          "normal": {
            "isShiny": false,
            "status": "CAUGHT",
            "discoveredTimestamp": 1725074261447,
            "caughtTimestamp": 1725074261447
          }
        },
        "gastly": {
          "normal": {
            "isShiny": false,
            "status": "CAUGHT",
            "discoveredTimestamp": 1725076626802,
            "caughtTimestamp": 1725076626802
          }
        },
        "steenee": {
          "normal": {
            "isShiny": false,
            "status": "CAUGHT",
            "discoveredTimestamp": 1725077270334,
            "caughtTimestamp": 1725077270334
          }
        },
        "elekid": {
          "normal": {
            "isShiny": false,
            "status": "CAUGHT",
            "discoveredTimestamp": 1725077639835,
            "caughtTimestamp": 1725077639835
          }
        },
        "gyarados": {
          "normal": {
            "isShiny": false,
            "status": "CAUGHT",
            "discoveredTimestamp": 1725078581282,
            "caughtTimestamp": 1725078581282
          }
        },
        "lapras": {
          "normal": {
            "isShiny": false,
            "status": "CAUGHT",
            "discoveredTimestamp": 1725079227729,
            "caughtTimestamp": 1725079227729
          }
        },
        "mudsdale": {
          "normal": {
            "isShiny": false,
            "status": "CAUGHT",
            "discoveredTimestamp": 1725079921863,
            "caughtTimestamp": 1725079921863
          }
        },
        "cottonee": {
          "normal": {
            "isShiny": false,
            "status": "CAUGHT",
            "discoveredTimestamp": 1725082054330,
            "caughtTimestamp": 1725082054330
          }
        },
        "shroomish": {
          "normal": {
            "isShiny": false,
            "status": "CAUGHT",
            "discoveredTimestamp": 1725084385881,
            "caughtTimestamp": 1725084385881
          }
        },
        "breloom": {
          "normal": {
            "isShiny": false,
            "status": "CAUGHT",
            "discoveredTimestamp": 1725084489951,
            "caughtTimestamp": 1725084489951
          }
        },
        "duskull": {
          "normal": {
            "isShiny": false,
            "status": "CAUGHT",
            "discoveredTimestamp": 1725084891032,
            "caughtTimestamp": 1725084891032
          }
        },
        "zorua": {
          "normal": {
            "isShiny": false,
            "status": "CAUGHT",
            "discoveredTimestamp": 1725086238378,
            "caughtTimestamp": 1725086238378
          }
        },
        "gurdurr": {
          "normal": {
            "isShiny": false,
            "status": "CAUGHT",
            "discoveredTimestamp": 1725087384647,
            "caughtTimestamp": 1725087384647
          }
        },
        "conkeldurr": {
          "normal": {
            "isShiny": false,
            "status": "CAUGHT",
            "discoveredTimestamp": 1725087394461,
            "caughtTimestamp": 1725087394461
          }
        },
        "arcanine": {
          "normal": {
            "isShiny": false,
            "status": "CAUGHT",
            "discoveredTimestamp": 1725087465391,
            "caughtTimestamp": 1725087465391
          }
        },
        "exeggutor": {
          "normal": {
            "isShiny": false,
            "status": "CAUGHT",
            "discoveredTimestamp": 1725087481929,
            "caughtTimestamp": 1725087481929
          }
        },
        "machop": {
          "normal": {
            "isShiny": false,
            "status": "CAUGHT",
            "discoveredTimestamp": 1725089604427,
            "caughtTimestamp": 1725089604427
          }
        },
        "heatmor": {
          "normal": {
            "isShiny": false,
            "status": "CAUGHT",
            "discoveredTimestamp": 1725091765474,
            "caughtTimestamp": 1725091765474
          }
        },
        "corvisquire": {
          "normal": {
            "isShiny": false,
            "status": "CAUGHT",
            "discoveredTimestamp": 1725092724549,
            "caughtTimestamp": 1725092724549
          }
        },
        "heracross": {
          "normal": {
            "isShiny": false,
            "status": "CAUGHT",
            "discoveredTimestamp": 1725092757832,
            "caughtTimestamp": 1725092757832
          }
        },
        "pidgeot": {
          "normal": {
            "isShiny": false,
            "status": "CAUGHT",
            "discoveredTimestamp": 1725092763534,
            "caughtTimestamp": 1725092763534
          }
        }
      },
      "name": "cobbledex_discovery"
    },
    "Cobbledex_RewardHistory": {
      "received": [
        "15",
        "30"
      ],
      "name": "Cobbledex_RewardHistory"
    }
  },
  "advancementData": {
    "totalCaptureCount": 24,
    "totalEggsHatched": 0,
    "totalEvolvedCount": 4,
    "totalBattleVictoryCount": 185,
    "totalPvPBattleVictoryCount": 0,
    "totalPvWBattleVictoryCount": 162,
    "totalPvNBattleVictoryCount": 23,
    "totalShinyCaptureCount": 0,
    "totalTradedCount": 8,
    "totalTypeCaptureCounts": {
      "poison": 3,
      "fire": 2,
      "water": 5,
      "ground": 2,
      "rock": 1,
      "normal": 1,
      "psychic": 2,
      "bug": 1,
      "grass": 4,
      "ghost": 2,
      "electric": 2,
      "flying": 1,
      "ice": 1,
      "fairy": 1,
      "dark": 1,
      "fighting": 3
    },
    "totalDefeatedCounts": {
      "cobblemon:kricketot": 1,
      "cobblemon:zigzagoon": 11,
      "cobblemon:sentret": 11,
      "cobblemon:bunnelby": 9,
      "cobblemon:rattata": 11,
      "cobblemon:wooloo": 7,
      "cobblemon:slowpoke": 3,
      "cobblemon:fidough": 2,
      "cobblemon:poochyena": 2,
      "cobblemon:doduo": 1,
      "cobblemon:wimpod": 1,
      "cobblemon:wingull": 2,
      "cobblemon:spearow": 1,
      "cobblemon:pidgey": 2,
      "cobblemon:oddish": 4,
      "cobblemon:mudbray": 2,
      "cobblemon:nidoranf": 2,
      "cobblemon:mareep": 4,
      "cobblemon:ekans": 1,
      "cobblemon:patrat": 7,
      "cobblemon:golduck": 1,
      "cobblemon:gastly": 1,
      "cobblemon:lapras": 1,
      "cobblemon:lechonk": 2,
      "cobblemon:taillow": 3,
      "cobblemon:cottonee": 1,
      "cobblemon:bouffalant": 1,
      "cobblemon:psyduck": 1,
      "cobblemon:ponyta": 1,
      "cobblemon:krabby": 1,
      "cobblemon:igglybuff": 2,
      "cobblemon:watchog": 1,
      "cobblemon:gimmighoul": 2,
      "cobblemon:deerling": 1,
      "cobblemon:petilil": 1,
      "cobblemon:pichu": 1,
      "cobblemon:seedot": 2,
      "cobblemon:breloom": 1,
      "cobblemon:hoothoot": 1,
      "cobblemon:buneary": 4,
      "cobblemon:weedle": 1,
      "cobblemon:lopunny": 2,
      "cobblemon:murkrow": 1,
      "cobblemon:paras": 1,
      "cobblemon:spinarak": 1,
      "cobblemon:budew": 1,
      "cobblemon:miltank": 1,
      "cobblemon:plusle": 1,
      "cobblemon:makuhita": 1,
      "cobblemon:riolu": 2,
      "cobblemon:sneasel": 1,
      "cobblemon:mawile": 1,
      "cobblemon:geodude": 3,
      "cobblemon:teddiursa": 2,
      "cobblemon:mankey": 3,
      "cobblemon:primeape": 1,
      "cobblemon:rookidee": 1,
      "cobblemon:machoke": 1
    },
    "aspectsCollected": {}
  }
}