{
  "uuid": "a91ad032-292f-4396-a71b-7256feb45c11",
  "starterPrompted": true,
  "starterLocked": false,
  "starterSelected": true,
  "starterUUID": "6c51d0ca-8b93-42b2-8f26-c3a5cef74892",
  "keyItems": [],
  "battleTheme": "cobblemon:battle.pvp.default",
  "extraData": {
    "cobbledex_discovery": {
      "registers": {
        "charmander": {
          "normal": {
            "isShiny": false,
            "status": "CAUGHT",
            "discoveredTimestamp": 1725066772865,
            "caughtTimestamp": 1725066772865
          }
        },
        "nidorino": {
          "normal": {
            "isShiny": false,
            "status": "CAUGHT",
            "discoveredTimestamp": 1725068114234,
            "caughtTimestamp": 1725068114234
          }
        },
        "growlithe": {
          "normal": {
            "isShiny": false,
            "status": "CAUGHT",
            "discoveredTimestamp": 1725068188433,
            "caughtTimestamp": 1725068188433
          }
        },
        "magikarp": {
          "normal": {
            "isShiny": false,
            "status": "CAUGHT",
            "discoveredTimestamp": 1725068638280,
            "caughtTimestamp": 1725068638280
          }
        },
        "rhyhorn": {
          "normal": {
            "isShiny": false,
            "status": "CAUGHT",
            "discoveredTimestamp": 1725069620997,
            "caughtTimestamp": 1725069620997
          }
        },
        "psyduck": {
          "normal": {
            "isShiny": false,
            "status": "CAUGHT",
            "discoveredTimestamp": 1725070050532,
            "caughtTimestamp": 1725070050532
          }
        },
        "buneary": {
          "normal": {
            "isShiny": false,
            "status": "CAUGHT",
            "discoveredTimestamp": 1725072009902,
            "caughtTimestamp": 1725072009902
          }
        },
        "slowpoke": {
          "normal": {
            "isShiny": false,
            "status": "CAUGHT",
            "discoveredTimestamp": 1725072087833,
            "caughtTimestamp": 1725072087833
          }
        },
        "whirlipede": {
          "normal": {
            "isShiny": false,
            "status": "CAUGHT",
            "discoveredTimestamp": 1725072205419,
            "caughtTimestamp": 1725072205419
          }
        },
        "exeggcute": {
          "normal": {
            "isShiny": false,
            "status": "CAUGHT",
            "discoveredTimestamp": 1725072940196,
            "caughtTimestamp": 1725072940196
          }
        }
      },
      "name": "cobbledex_discovery"
    },
    "Cobbledex_RewardHistory": {
      "received": [],
      "name": "Cobbledex_RewardHistory"
    }
  },
  "advancementData": {
    "totalCaptureCount": 9,
    "totalEggsHatched": 0,
    "totalEvolvedCount": 0,
    "totalBattleVictoryCount": 39,
    "totalPvPBattleVictoryCount": 0,
    "totalPvWBattleVictoryCount": 34,
    "totalPvNBattleVictoryCount": 5,
    "totalShinyCaptureCount": 0,
    "totalTradedCount": 0,
    "totalTypeCaptureCounts": {
      "poison": 2,
      "fire": 1,
      "water": 3,
      "ground": 1,
      "rock": 1,
      "normal": 1,
      "psychic": 2,
      "bug": 1,
      "grass": 1
    },
    "totalDefeatedCounts": {
      "cobblemon:kricketot": 1,
      "cobblemon:zigzagoon": 2,
      "cobblemon:sentret": 2,
      "cobblemon:bunnelby": 2,
      "cobblemon:rattata": 2,
      "cobblemon:wooloo": 2,
      "cobblemon:slowpoke": 1,
      "cobblemon:fidough": 2,
      "cobblemon:poochyena": 2,
      "cobblemon:doduo": 1,
      "cobblemon:wimpod": 1,
      "cobblemon:wingull": 2,
      "cobblemon:spearow": 1,
      "cobblemon:pidgey": 1,
      "cobblemon:oddish": 1,
      "cobblemon:mudbray": 1,
      "cobblemon:nidoranf": 1
    },
    "aspectsCollected": {}
  }
}