{
  "uuid": "a91ad032-292f-4396-a71b-7256feb45c11",
  "starterPrompted": true,
  "starterLocked": false,
  "starterSelected": true,
  "starterUUID": "6c51d0ca-8b93-42b2-8f26-c3a5cef74892",
  "keyItems": [],
  "battleTheme": "cobblemon:battle.pvp.default",
  "extraData": {
    "cobbledex_discovery": {
      "registers": {
        "charmander": {
          "normal": {
            "isShiny": false,
            "status": "CAUGHT",
            "discoveredTimestamp": 1725066772865,
            "caughtTimestamp": 1725066772865
          }
        },
        "nidorino": {
          "normal": {
            "isShiny": false,
            "status": "CAUGHT",
            "discoveredTimestamp": 1725068114234,
            "caughtTimestamp": 1725068114234
          }
        },
        "growlithe": {
          "normal": {
            "isShiny": false,
            "status": "CAUGHT",
            "discoveredTimestamp": 1725068188433,
            "caughtTimestamp": 1725068188433
          }
        },
        "magikarp": {
          "normal": {
            "isShiny": false,
            "status": "CAUGHT",
            "discoveredTimestamp": 1725068638280,
            "caughtTimestamp": 1725068638280
          }
        },
        "rhyhorn": {
          "normal": {
            "isShiny": false,
            "status": "CAUGHT",
            "discoveredTimestamp": 1725069620997,
            "caughtTimestamp": 1725069620997
          }
        },
        "psyduck": {
          "normal": {
            "isShiny": false,
            "status": "CAUGHT",
            "discoveredTimestamp": 1725070050532,
            "caughtTimestamp": 1725070050532
          }
        },
        "buneary": {
          "normal": {
            "isShiny": false,
            "status": "CAUGHT",
            "discoveredTimestamp": 1725072009902,
            "caughtTimestamp": 1725072009902
          }
        },
        "slowpoke": {
          "normal": {
            "isShiny": false,
            "status": "CAUGHT",
            "discoveredTimestamp": 1725072087833,
            "caughtTimestamp": 1725072087833
          }
        },
        "whirlipede": {
          "normal": {
            "isShiny": false,
            "status": "CAUGHT",
            "discoveredTimestamp": 1725072205419,
            "caughtTimestamp": 1725072205419
          }
        },
        "exeggcute": {
          "normal": {
            "isShiny": false,
            "status": "CAUGHT",
            "discoveredTimestamp": 1725072940196,
            "caughtTimestamp": 1725072940196
          }
        },
        "charmeleon": {
          "normal": {
            "isShiny": false,
            "status": "CAUGHT",
            "discoveredTimestamp": 1725074261447,
            "caughtTimestamp": 1725074261447
          }
        },
        "gastly": {
          "normal": {
            "isShiny": false,
            "status": "CAUGHT",
            "discoveredTimestamp": 1725076626802,
            "caughtTimestamp": 1725076626802
          }
        },
        "steenee": {
          "normal": {
            "isShiny": false,
            "status": "CAUGHT",
            "discoveredTimestamp": 1725077270334,
            "caughtTimestamp": 1725077270334
          }
        },
        "elekid": {
          "normal": {
            "isShiny": false,
            "status": "CAUGHT",
            "discoveredTimestamp": 1725077639835,
            "caughtTimestamp": 1725077639835
          }
        }
      },
      "name": "cobbledex_discovery"
    },
    "Cobbledex_RewardHistory": {
      "received": [],
      "name": "Cobbledex_RewardHistory"
    }
  },
  "advancementData": {
    "totalCaptureCount": 12,
    "totalEggsHatched": 0,
    "totalEvolvedCount": 1,
    "totalBattleVictoryCount": 64,
    "totalPvPBattleVictoryCount": 0,
    "totalPvWBattleVictoryCount": 55,
    "totalPvNBattleVictoryCount": 9,
    "totalShinyCaptureCount": 0,
    "totalTradedCount": 0,
    "totalTypeCaptureCounts": {
      "poison": 3,
      "fire": 1,
      "water": 3,
      "ground": 1,
      "rock": 1,
      "normal": 1,
      "psychic": 2,
      "bug": 1,
      "grass": 2,
      "ghost": 1,
      "electric": 1
    },
    "totalDefeatedCounts": {
      "cobblemon:kricketot": 1,
      "cobblemon:zigzagoon": 2,
      "cobblemon:sentret": 6,
      "cobblemon:bunnelby": 4,
      "cobblemon:rattata": 3,
      "cobblemon:wooloo": 3,
      "cobblemon:slowpoke": 3,
      "cobblemon:fidough": 2,
      "cobblemon:poochyena": 2,
      "cobblemon:doduo": 1,
      "cobblemon:wimpod": 1,
      "cobblemon:wingull": 2,
      "cobblemon:spearow": 1,
      "cobblemon:pidgey": 1,
      "cobblemon:oddish": 2,
      "cobblemon:mudbray": 1,
      "cobblemon:nidoranf": 2,
      "cobblemon:mareep": 1,
      "cobblemon:ekans": 1,
      "cobblemon:patrat": 2,
      "cobblemon:golduck": 1,
      "cobblemon:gastly": 1
    },
    "aspectsCollected": {}
  }
}