{
  "uuid": "fa249b2a-0426-4083-b1cb-d3ea8e11f1bd",
  "starterPrompted": true,
  "starterLocked": false,
  "starterSelected": true,
  "starterUUID": "6bd32789-404b-440f-9c09-b70f3155bf26",
  "keyItems": [],
  "battleTheme": "cobblemon:battle.pvp.default",
  "extraData": {
    "cobbledex_discovery": {
      "registers": {
        "treecko": {
          "normal": {
            "isShiny": false,
            "status": "CAUGHT",
            "discoveredTimestamp": 1724531443149,
            "caughtTimestamp": 1724531443149
          }
        },
        "carvanha": {
          "normal": {
            "isShiny": false,
            "status": "CAUGHT",
            "discoveredTimestamp": 1724532821132,
            "caughtTimestamp": 1724532821132
          }
        },
        "beedrill": {
          "normal": {
            "isShiny": false,
            "status": "CAUGHT",
            "discoveredTimestamp": 1724630268429,
            "caughtTimestamp": 1724630268429
          }
        },
        "bellsprout": {
          "normal": {
            "isShiny": false,
            "status": "CAUGHT",
            "discoveredTimestamp": 1724631460346,
            "caughtTimestamp": 1724631460346
          }
        },
        "pikachu": {
          "alolabias": {
            "isShiny": false,
            "status": "CAUGHT",
            "discoveredTimestamp": 1724632608437,
            "caughtTimestamp": 1724632608437
          }
        },
        "machop": {
          "normal": {
            "isShiny": false,
            "status": "CAUGHT",
            "discoveredTimestamp": 1724633863184,
            "caughtTimestamp": 1724633863184
          }
        },
        "staryu": {
          "normal": {
            "isShiny": false,
            "status": "CAUGHT",
            "discoveredTimestamp": 1724636855832,
            "caughtTimestamp": 1724636855832
          }
        },
        "phantump": {
          "normal": {
            "isShiny": false,
            "status": "CAUGHT",
            "discoveredTimestamp": 1724638465437,
            "caughtTimestamp": 1724638465437
          }
        },
        "magikarp": {
          "normal": {
            "isShiny": false,
            "status": "CAUGHT",
            "discoveredTimestamp": 1724639617591,
            "caughtTimestamp": 1724639617591
          }
        },
        "gyarados": {
          "normal": {
            "isShiny": false,
            "status": "CAUGHT",
            "discoveredTimestamp": 1724639624647,
            "caughtTimestamp": 1724639624647
          }
        },
        "grovyle": {
          "normal": {
            "isShiny": false,
            "status": "CAUGHT",
            "discoveredTimestamp": 1724639756642,
            "caughtTimestamp": 1724639756642
          }
        },
        "rookidee": {
          "normal": {
            "isShiny": false,
            "status": "CAUGHT",
            "discoveredTimestamp": 1724640146633,
            "caughtTimestamp": 1724640146633
          }
        },
        "corvisquire": {
          "normal": {
            "isShiny": false,
            "status": "CAUGHT",
            "discoveredTimestamp": 1724640154779,
            "caughtTimestamp": 1724640154779
          }
        },
        "wimpod": {
          "normal": {
            "isShiny": false,
            "status": "CAUGHT",
            "discoveredTimestamp": 1724640378082,
            "caughtTimestamp": 1724640378082
          }
        },
        "cloyster": {
          "normal": {
            "isShiny": false,
            "status": "CAUGHT",
            "discoveredTimestamp": 1724640973084,
            "caughtTimestamp": 1724640973084
          }
        },
        "dreepy": {
          "normal": {
            "isShiny": false,
            "status": "CAUGHT",
            "discoveredTimestamp": 1724642228434,
            "caughtTimestamp": 1724642228434
          }
        },
        "honedge": {
          "normal": {
            "isShiny": false,
            "status": "CAUGHT",
            "discoveredTimestamp": 1724642706432,
            "caughtTimestamp": 1724642706432
          }
        },
        "darumaka": {
          "normal": {
            "isShiny": false,
            "status": "CAUGHT",
            "discoveredTimestamp": 1724644222278,
            "caughtTimestamp": 1724644222278
          }
        },
        "mudbray": {
          "normal": {
            "isShiny": false,
            "status": "CAUGHT",
            "discoveredTimestamp": 1724646717929,
            "caughtTimestamp": 1724646717929
          }
        },
        "mudsdale": {
          "normal": {
            "isShiny": false,
            "status": "CAUGHT",
            "discoveredTimestamp": 1724646867238,
            "caughtTimestamp": 1724646867238
          }
        },
        "gurdurr": {
          "normal": {
            "isShiny": false,
            "status": "CAUGHT",
            "discoveredTimestamp": 1724649014696,
            "caughtTimestamp": 1724649014696
          }
        },
        "aegislash": {
          "normal": {
            "isShiny": false,
            "status": "CAUGHT",
            "discoveredTimestamp": 1724649300493,
            "caughtTimestamp": 1724649300493
          }
        },
        "conkeldurr": {
          "normal": {
            "isShiny": false,
            "status": "CAUGHT",
            "discoveredTimestamp": 1724649832645,
            "caughtTimestamp": 1724649832645
          }
        },
        "trevenant": {
          "normal": {
            "isShiny": false,
            "status": "CAUGHT",
            "discoveredTimestamp": 1724652609695,
            "caughtTimestamp": 1724652609695
          }
        },
        "galvantula": {
          "normal": {
            "isShiny": false,
            "status": "CAUGHT",
            "discoveredTimestamp": 1724655697986,
            "caughtTimestamp": 1724655697986
          }
        },
        "raichu": {
          "alola": {
            "isShiny": false,
            "status": "CAUGHT",
            "discoveredTimestamp": 1724658556031,
            "caughtTimestamp": 1724658556031
          }
        },
        "exeggutor": {
          "normal": {
            "isShiny": false,
            "status": "CAUGHT",
            "discoveredTimestamp": 1724659332553,
            "caughtTimestamp": 1724659332553
          }
        }
      },
      "name": "cobbledex_discovery"
    },
    "Cobbledex_RewardHistory": {
      "received": [
        "15"
      ],
      "name": "Cobbledex_RewardHistory"
    }
  },
  "advancementData": {
    "totalCaptureCount": 19,
    "totalEggsHatched": 0,
    "totalEvolvedCount": 7,
    "totalBattleVictoryCount": 142,
    "totalPvPBattleVictoryCount": 0,
    "totalPvWBattleVictoryCount": 140,
    "totalPvNBattleVictoryCount": 2,
    "totalShinyCaptureCount": 0,
    "totalTradedCount": 4,
    "totalTypeCaptureCounts": {
      "water": 6,
      "dark": 1,
      "bug": 3,
      "poison": 2,
      "grass": 2,
      "electric": 2,
      "fighting": 2,
      "ghost": 4,
      "flying": 2,
      "ice": 1,
      "dragon": 1,
      "steel": 2,
      "fire": 1,
      "ground": 1
    },
    "totalDefeatedCounts": {
      "cobblemon:spearow": 1,
      "cobblemon:krabby": 15,
      "cobblemon:diglett": 2,
      "cobblemon:geodude": 7,
      "cobblemon:mankey": 1,
      "cobblemon:squawkabilly": 1,
      "cobblemon:magikarp": 27,
      "cobblemon:aipom": 1,
      "cobblemon:shroomish": 2,
      "cobblemon:bunnelby": 2,
      "cobblemon:zigzagoon": 2,
      "cobblemon:slowpoke": 5,
      "cobblemon:phanpy": 2,
      "cobblemon:combee": 1,
      "cobblemon:kakuna": 1,
      "cobblemon:gimmighoul": 3,
      "cobblemon:weedle": 2,
      "cobblemon:crabrawler": 2,
      "cobblemon:wingull": 5,
      "cobblemon:psyduck": 4,
      "cobblemon:dreepy": 1,
      "cobblemon:exeggcute": 1,
      "cobblemon:shellder": 4,
      "cobblemon:wimpod": 1,
      "cobblemon:seaking": 1,
      "cobblemon:frillish": 9,
      "cobblemon:sentret": 3,
      "cobblemon:pidgey": 2,
      "cobblemon:arrokuda": 1,
      "cobblemon:goldeen": 4,
      "cobblemon:kingler": 1,
      "cobblemon:pyukumuku": 1,
      "cobblemon:buneary": 1,
      "cobblemon:galvantula": 1,
      "cobblemon:graveler": 1,
      "cobblemon:mareep": 1,
      "cobblemon:solrock": 1,
      "cobblemon:durant": 1,
      "cobblemon:diggersby": 1
    },
    "aspectsCollected": {}
  }
}