{
  "uuid": "fa249b2a-0426-4083-b1cb-d3ea8e11f1bd",
  "starterPrompted": true,
  "starterLocked": false,
  "starterSelected": true,
  "starterUUID": "6bd32789-404b-440f-9c09-b70f3155bf26",
  "keyItems": [],
  "battleTheme": "cobblemon:battle.pvp.default",
  "extraData": {
    "cobbledex_discovery": {
      "registers": {
        "treecko": {
          "normal": {
            "isShiny": false,
            "status": "CAUGHT",
            "discoveredTimestamp": 1724531443149,
            "caughtTimestamp": 1724531443149
          }
        },
        "carvanha": {
          "normal": {
            "isShiny": false,
            "status": "CAUGHT",
            "discoveredTimestamp": 1724532821132,
            "caughtTimestamp": 1724532821132
          }
        },
        "beedrill": {
          "normal": {
            "isShiny": false,
            "status": "CAUGHT",
            "discoveredTimestamp": 1724630268429,
            "caughtTimestamp": 1724630268429
          }
        },
        "bellsprout": {
          "normal": {
            "isShiny": false,
            "status": "CAUGHT",
            "discoveredTimestamp": 1724631460346,
            "caughtTimestamp": 1724631460346
          }
        }
      },
      "name": "cobbledex_discovery"
    },
    "Cobbledex_RewardHistory": {
      "received": [],
      "name": "Cobbledex_RewardHistory"
    }
  },
  "advancementData": {
    "totalCaptureCount": 3,
    "totalEggsHatched": 0,
    "totalEvolvedCount": 0,
    "totalBattleVictoryCount": 14,
    "totalPvPBattleVictoryCount": 0,
    "totalPvWBattleVictoryCount": 14,
    "totalPvNBattleVictoryCount": 0,
    "totalShinyCaptureCount": 0,
    "totalTradedCount": 0,
    "totalTypeCaptureCounts": {
      "water": 1,
      "dark": 1,
      "bug": 1,
      "poison": 2,
      "grass": 1
    },
    "totalDefeatedCounts": {
      "cobblemon:spearow": 1,
      "cobblemon:krabby": 1,
      "cobblemon:diglett": 2,
      "cobblemon:geodude": 3,
      "cobblemon:mankey": 1,
      "cobblemon:squawkabilly": 1,
      "cobblemon:magikarp": 1,
      "cobblemon:aipom": 1
    },
    "aspectsCollected": {}
  }
}