{
  "uuid": "fa249b2a-0426-4083-b1cb-d3ea8e11f1bd",
  "starterPrompted": true,
  "starterLocked": false,
  "starterSelected": true,
  "starterUUID": "dfaa30e6-01b7-4e2b-a56f-13cba7b942a2",
  "keyItems": [],
  "battleTheme": "cobblemon:battle.pvp.default",
  "extraData": {
    "cobbledex_discovery": {
      "registers": {
        "snivy": {
          "normal": {
            "isShiny": false,
            "status": "CAUGHT",
            "discoveredTimestamp": 1725065940236,
            "caughtTimestamp": 1725065940236
          }
        },
        "dreepy": {
          "normal": {
            "isShiny": false,
            "status": "CAUGHT",
            "discoveredTimestamp": 1725071896989,
            "caughtTimestamp": 1725071896989
          }
        },
        "sharpedo": {
          "normal": {
            "isShiny": false,
            "status": "CAUGHT",
            "discoveredTimestamp": 1725073167701,
            "caughtTimestamp": 1725073167701
          }
        },
        "gyarados": {
          "normal": {
            "isShiny": false,
            "status": "CAUGHT",
            "discoveredTimestamp": 1725073489498,
            "caughtTimestamp": 1725073489498
          }
        },
        "mimejr": {
          "normal": {
            "isShiny": false,
            "status": "CAUGHT",
            "discoveredTimestamp": 1725075471103,
            "caughtTimestamp": 1725075471103
          }
        },
        "mudbray": {
          "normal": {
            "isShiny": false,
            "status": "CAUGHT",
            "discoveredTimestamp": 1725075706683,
            "caughtTimestamp": 1725075706683
          }
        },
        "mudsdale": {
          "normal": {
            "isShiny": false,
            "status": "CAUGHT",
            "discoveredTimestamp": 1725076457230,
            "caughtTimestamp": 1725076457230
          }
        },
        "corvisquire": {
          "normal": {
            "isShiny": false,
            "status": "CAUGHT",
            "discoveredTimestamp": 1725077346397,
            "caughtTimestamp": 1725077346397
          }
        },
        "munchlax": {
          "normal": {
            "isShiny": false,
            "status": "CAUGHT",
            "discoveredTimestamp": 1725078012531,
            "caughtTimestamp": 1725078012531
          }
        },
        "riolu": {
          "normal": {
            "isShiny": false,
            "status": "CAUGHT",
            "discoveredTimestamp": 1725078545831,
            "caughtTimestamp": 1725078545831
          }
        },
        "galvantula": {
          "normal": {
            "isShiny": false,
            "status": "CAUGHT",
            "discoveredTimestamp": 1725079157529,
            "caughtTimestamp": 1725079157529
          }
        },
        "makuhita": {
          "normal": {
            "isShiny": false,
            "status": "CAUGHT",
            "discoveredTimestamp": 1725079882931,
            "caughtTimestamp": 1725079882931
          }
        },
        "cleffa": {
          "normal": {
            "isShiny": false,
            "status": "CAUGHT",
            "discoveredTimestamp": 1725080282981,
            "caughtTimestamp": 1725080282981
          }
        },
        "charmander": {
          "normal": {
            "isShiny": false,
            "status": "CAUGHT",
            "discoveredTimestamp": 1725080639579,
            "caughtTimestamp": 1725080639579
          }
        },
        "tyrogue": {
          "normal": {
            "isShiny": false,
            "status": "CAUGHT",
            "discoveredTimestamp": 1725081144741,
            "caughtTimestamp": 1725081144741
          }
        },
        "shroomish": {
          "normal": {
            "isShiny": false,
            "status": "CAUGHT",
            "discoveredTimestamp": 1725082298612,
            "caughtTimestamp": 1725082298612
          }
        },
        "shedinja": {
          "normal": {
            "isShiny": false,
            "status": "CAUGHT",
            "discoveredTimestamp": 1725083679483,
            "caughtTimestamp": 1725083679483
          }
        },
        "servine": {
          "normal": {
            "isShiny": false,
            "status": "CAUGHT",
            "discoveredTimestamp": 1725083808508,
            "caughtTimestamp": 1725083808508
          }
        },
        "chimchar": {
          "normal": {
            "isShiny": false,
            "status": "CAUGHT",
            "discoveredTimestamp": 1725084539085,
            "caughtTimestamp": 1725084539085
          }
        },
        "monferno": {
          "normal": {
            "isShiny": false,
            "status": "CAUGHT",
            "discoveredTimestamp": 1725084557464,
            "caughtTimestamp": 1725084557464
          }
        },
        "breloom": {
          "normal": {
            "isShiny": false,
            "status": "CAUGHT",
            "discoveredTimestamp": 1725084941876,
            "caughtTimestamp": 1725084941876
          }
        },
        "eevee": {
          "normal": {
            "isShiny": false,
            "status": "CAUGHT",
            "discoveredTimestamp": 1725085137490,
            "caughtTimestamp": 1725085137490
          }
        },
        "charmeleon": {
          "normal": {
            "isShiny": false,
            "status": "CAUGHT",
            "discoveredTimestamp": 1725085227638,
            "caughtTimestamp": 1725085227638
          }
        },
        "torkoal": {
          "normal": {
            "isShiny": false,
            "status": "CAUGHT",
            "discoveredTimestamp": 1725085865632,
            "caughtTimestamp": 1725085865632
          }
        },
        "snorlax": {
          "normal": {
            "isShiny": false,
            "status": "CAUGHT",
            "discoveredTimestamp": 1725086801284,
            "caughtTimestamp": 1725086801284
          }
        },
        "nuzleaf": {
          "normal": {
            "isShiny": false,
            "status": "CAUGHT",
            "discoveredTimestamp": 1725088090330,
            "caughtTimestamp": 1725088090330
          }
        },
        "abra": {
          "normal": {
            "isShiny": false,
            "status": "CAUGHT",
            "discoveredTimestamp": 1725088626428,
            "caughtTimestamp": 1725088626428
          }
        },
        "kadabra": {
          "normal": {
            "isShiny": false,
            "status": "CAUGHT",
            "discoveredTimestamp": 1725088672590,
            "caughtTimestamp": 1725088672590
          }
        },
        "shiftry": {
          "normal": {
            "isShiny": false,
            "status": "CAUGHT",
            "discoveredTimestamp": 1725088699101,
            "caughtTimestamp": 1725088699101
          }
        },
        "corviknight": {
          "normal": {
            "isShiny": false,
            "status": "CAUGHT",
            "discoveredTimestamp": 1725092202174,
            "caughtTimestamp": 1725092202174
          }
        },
        "machop": {
          "normal": {
            "isShiny": false,
            "status": "CAUGHT",
            "discoveredTimestamp": 1725092724546,
            "caughtTimestamp": 1725092724546
          }
        },
        "gible": {
          "normal": {
            "isShiny": false,
            "status": "CAUGHT",
            "discoveredTimestamp": 1725093960216,
            "caughtTimestamp": 1725093960216
          }
        },
        "pawniard": {
          "normal": {
            "isShiny": false,
            "status": "CAUGHT",
            "discoveredTimestamp": 1725244570854,
            "caughtTimestamp": 1725244570854
          }
        },
        "bisharp": {
          "normal": {
            "isShiny": false,
            "status": "CAUGHT",
            "discoveredTimestamp": 1725245221325,
            "caughtTimestamp": 1725245221325
          }
        },
        "hariyama": {
          "normal": {
            "isShiny": false,
            "status": "CAUGHT",
            "discoveredTimestamp": 1725245289668,
            "caughtTimestamp": 1725245289668
          }
        },
        "alakazam": {
          "normal": {
            "isShiny": false,
            "status": "CAUGHT",
            "discoveredTimestamp": 1725245325774,
            "caughtTimestamp": 1725245325774
          }
        },
        "mawile": {
          "normal": {
            "isShiny": false,
            "status": "CAUGHT",
            "discoveredTimestamp": 1725247247851,
            "caughtTimestamp": 1725247247851
          }
        },
        "serperior": {
          "normal": {
            "isShiny": false,
            "status": "CAUGHT",
            "discoveredTimestamp": 1725249265883,
            "caughtTimestamp": 1725249265883
          }
        },
        "charizard": {
          "normal": {
            "isShiny": false,
            "status": "CAUGHT",
            "discoveredTimestamp": 1725249774636,
            "caughtTimestamp": 1725249774636
          }
        },
        "sawsbuck": {
          "normal": {
            "isShiny": false,
            "status": "CAUGHT",
            "discoveredTimestamp": 1725250840958,
            "caughtTimestamp": 1725250840958
          }
        },
        "gabite": {
          "normal": {
            "isShiny": false,
            "status": "CAUGHT",
            "discoveredTimestamp": 1725250862796,
            "caughtTimestamp": 1725250862796
          }
        },
        "axew": {
          "normal": {
            "isShiny": false,
            "status": "CAUGHT",
            "discoveredTimestamp": 1725253612076,
            "caughtTimestamp": 1725253612076
          }
        }
      },
      "name": "cobbledex_discovery"
    },
    "Cobbledex_RewardHistory": {
      "received": [
        "15",
        "30"
      ],
      "name": "Cobbledex_RewardHistory"
    }
  },
  "advancementData": {
    "totalCaptureCount": 32,
    "totalEggsHatched": 0,
    "totalEvolvedCount": 11,
    "totalBattleVictoryCount": 265,
    "totalPvPBattleVictoryCount": 0,
    "totalPvWBattleVictoryCount": 255,
    "totalPvNBattleVictoryCount": 10,
    "totalShinyCaptureCount": 0,
    "totalTradedCount": 5,
    "totalTypeCaptureCounts": {
      "dragon": 4,
      "ghost": 2,
      "water": 2,
      "dark": 4,
      "flying": 3,
      "psychic": 3,
      "fairy": 3,
      "ground": 4,
      "normal": 4,
      "fighting": 3,
      "bug": 2,
      "electric": 1,
      "fire": 4,
      "grass": 2,
      "steel": 4
    },
    "totalDefeatedCounts": {
      "cobblemon:phanpy": 1,
      "cobblemon:diglett": 1,
      "cobblemon:geodude": 17,
      "cobblemon:roggenrola": 1,
      "cobblemon:magikarp": 2,
      "cobblemon:aegislash": 1,
      "cobblemon:diggersby": 13,
      "cobblemon:graveler": 2,
      "cobblemon:lilligant": 5,
      "cobblemon:pidove": 4,
      "cobblemon:buneary": 14,
      "cobblemon:durant": 24,
      "cobblemon:mankey": 24,
      "cobblemon:larvitar": 1,
      "cobblemon:heatmor": 2,
      "cobblemon:wooloo": 4,
      "cobblemon:teddiursa": 5,
      "cobblemon:torkoal": 7,
      "cobblemon:lopunny": 5,
      "cobblemon:machop": 7,
      "cobblemon:eevee": 1,
      "cobblemon:sawsbuck": 3,
      "cobblemon:makuhita": 2,
      "cobblemon:starly": 1,
      "cobblemon:petilil": 9,
      "cobblemon:staravia": 2,
      "cobblemon:tranquill": 2,
      "cobblemon:machoke": 4,
      "cobblemon:sneasel": 1,
      "cobblemon:skiddo": 30,
      "cobblemon:bunnelby": 6,
      "cobblemon:lechonk": 1,
      "cobblemon:hariyama": 1,
      "cobblemon:primeape": 5,
      "cobblemon:gimmighoul": 1,
      "cobblemon:fletchinder": 1,
      "cobblemon:buizel": 1,
      "cobblemon:bisharp": 4,
      "cobblemon:shedinja": 1,
      "cobblemon:pawniard": 2,
      "cobblemon:corvisquire": 2,
      "cobblemon:hoothoot": 1,
      "cobblemon:deerling": 1,
      "cobblemon:pidgeotto": 1,
      "cobblemon:riolu": 1,
      "cobblemon:rookidee": 1,
      "cobblemon:gloom": 1,
      "cobblemon:hawlucha": 1,
      "cobblemon:dubwool": 1
    },
    "aspectsCollected": {}
  }
}