{
  "uuid": "fa249b2a-0426-4083-b1cb-d3ea8e11f1bd",
  "starterPrompted": true,
  "starterLocked": false,
  "starterSelected": true,
  "starterUUID": "dfaa30e6-01b7-4e2b-a56f-13cba7b942a2",
  "keyItems": [],
  "battleTheme": "cobblemon:battle.pvp.default",
  "extraData": {
    "cobbledex_discovery": {
      "registers": {
        "snivy": {
          "normal": {
            "isShiny": false,
            "status": "CAUGHT",
            "discoveredTimestamp": 1725065940236,
            "caughtTimestamp": 1725065940236
          }
        },
        "dreepy": {
          "normal": {
            "isShiny": false,
            "status": "CAUGHT",
            "discoveredTimestamp": 1725071896989,
            "caughtTimestamp": 1725071896989
          }
        },
        "sharpedo": {
          "normal": {
            "isShiny": false,
            "status": "CAUGHT",
            "discoveredTimestamp": 1725073167701,
            "caughtTimestamp": 1725073167701
          }
        },
        "gyarados": {
          "normal": {
            "isShiny": false,
            "status": "CAUGHT",
            "discoveredTimestamp": 1725073489498,
            "caughtTimestamp": 1725073489498
          }
        }
      },
      "name": "cobbledex_discovery"
    },
    "Cobbledex_RewardHistory": {
      "received": [],
      "name": "Cobbledex_RewardHistory"
    }
  },
  "advancementData": {
    "totalCaptureCount": 3,
    "totalEggsHatched": 0,
    "totalEvolvedCount": 0,
    "totalBattleVictoryCount": 8,
    "totalPvPBattleVictoryCount": 0,
    "totalPvWBattleVictoryCount": 8,
    "totalPvNBattleVictoryCount": 0,
    "totalShinyCaptureCount": 0,
    "totalTradedCount": 0,
    "totalTypeCaptureCounts": {
      "dragon": 1,
      "ghost": 1,
      "water": 2,
      "dark": 1,
      "flying": 1
    },
    "totalDefeatedCounts": {
      "cobblemon:phanpy": 1,
      "cobblemon:diglett": 1,
      "cobblemon:geodude": 1,
      "cobblemon:roggenrola": 1,
      "cobblemon:magikarp": 2,
      "cobblemon:aegislash": 1
    },
    "aspectsCollected": {}
  }
}