{
  "uuid": "4a0385e9-a246-44bc-b429-bbbc0559f034",
  "starterPrompted": true,
  "starterLocked": false,
  "starterSelected": true,
  "starterUUID": "b4be7cbf-de10-4e73-840c-82d7b3c6d8c4",
  "keyItems": [],
  "battleTheme": "cobblemon:battle.pvp.default",
  "extraData": {
    "cobbledex_discovery": {
      "registers": {
        "litten": {
          "normal": {
            "isShiny": false,
            "status": "CAUGHT",
            "discoveredTimestamp": 1724818723409,
            "caughtTimestamp": 1724818723409
          }
        },
        "ponyta": {
          "galar": {
            "isShiny": false,
            "status": "CAUGHT",
            "discoveredTimestamp": 1724819311455,
            "caughtTimestamp": 1724819311455
          }
        },
        "rapidash": {
          "galar": {
            "isShiny": false,
            "status": "CAUGHT",
            "discoveredTimestamp": 1724819332949,
            "caughtTimestamp": 1724819332949
          }
        },
        "tauros": {
          "normal": {
            "isShiny": false,
            "status": "CAUGHT",
            "discoveredTimestamp": 1724819770743,
            "caughtTimestamp": 1724819770743
          }
        },
        "dragalge": {
          "normal": {
            "isShiny": false,
            "status": "CAUGHT",
            "discoveredTimestamp": 1724820394587,
            "caughtTimestamp": 1724820394587
          }
        },
        "gengar": {
          "normal": {
            "isShiny": false,
            "status": "CAUGHT",
            "discoveredTimestamp": 1724821278743,
            "caughtTimestamp": 1724821278743
          }
        }
      },
      "name": "cobbledex_discovery"
    },
    "Cobbledex_RewardHistory": {
      "received": [],
      "name": "Cobbledex_RewardHistory"
    }
  },
  "advancementData": {
    "totalCaptureCount": 4,
    "totalEggsHatched": 0,
    "totalEvolvedCount": 1,
    "totalBattleVictoryCount": 5,
    "totalPvPBattleVictoryCount": 0,
    "totalPvWBattleVictoryCount": 5,
    "totalPvNBattleVictoryCount": 0,
    "totalShinyCaptureCount": 0,
    "totalTradedCount": 0,
    "totalTypeCaptureCounts": {
      "psychic": 1,
      "normal": 1,
      "poison": 2,
      "dragon": 1,
      "ghost": 1
    },
    "totalDefeatedCounts": {
      "cobblemon:caterpie": 1,
      "cobblemon:galvantula": 1
    },
    "aspectsCollected": {}
  }
}