{
  "uuid": "69db95a3-906e-479b-bdaf-75f2b183ee54",
  "starterPrompted": true,
  "starterLocked": false,
  "starterSelected": true,
  "starterUUID": "40cd54b3-bc3c-429a-9f82-68669447ad7c",
  "keyItems": [],
  "battleTheme": "cobblemon:battle.pvp.default",
  "extraData": {
    "cobbledex_discovery": {
      "registers": {
        "froakie": {
          "normal": {
            "isShiny": false,
            "status": "CAUGHT",
            "discoveredTimestamp": 1724529659199,
            "caughtTimestamp": 1724529659199
          }
        },
        "pikachu": {
          "normal": {
            "isShiny": false,
            "status": "CAUGHT",
            "discoveredTimestamp": 1724534890809,
            "caughtTimestamp": 1724534890809
          },
          "alolabias": {
            "isShiny": false,
            "status": "CAUGHT",
            "discoveredTimestamp": 1724646342885,
            "caughtTimestamp": 1724646342885
          }
        },
        "buizel": {
          "normal": {
            "isShiny": false,
            "status": "CAUGHT",
            "discoveredTimestamp": 1724535102060,
            "caughtTimestamp": 1724535102060
          }
        },
        "vulpix": {
          "normal": {
            "isShiny": false,
            "status": "CAUGHT",
            "discoveredTimestamp": 1724536010911,
            "caughtTimestamp": 1724536010911
          }
        },
        "fletchling": {
          "normal": {
            "isShiny": false,
            "status": "CAUGHT",
            "discoveredTimestamp": 1724536384561,
            "caughtTimestamp": 1724536384561
          }
        },
        "fletchinder": {
          "normal": {
            "isShiny": false,
            "status": "CAUGHT",
            "discoveredTimestamp": 1724536405005,
            "caughtTimestamp": 1724536405005
          }
        },
        "ditto": {
          "normal": {
            "isShiny": false,
            "status": "CAUGHT",
            "discoveredTimestamp": 1724538459865,
            "caughtTimestamp": 1724538459865
          }
        },
        "tinkatink": {
          "normal": {
            "isShiny": false,
            "status": "CAUGHT",
            "discoveredTimestamp": 1724538569970,
            "caughtTimestamp": 1724538569970
          }
        },
        "growlithe": {
          "normal": {
            "isShiny": false,
            "status": "CAUGHT",
            "discoveredTimestamp": 1724539024359,
            "caughtTimestamp": 1724539024359
          }
        },
        "frogadier": {
          "normal": {
            "isShiny": false,
            "status": "CAUGHT",
            "discoveredTimestamp": 1724543312332,
            "caughtTimestamp": 1724543312332
          }
        },
        "dreepy": {
          "normal": {
            "isShiny": false,
            "status": "CAUGHT",
            "discoveredTimestamp": 1724546623913,
            "caughtTimestamp": 1724546623913
          }
        },
        "magikarp": {
          "normal": {
            "isShiny": false,
            "status": "CAUGHT",
            "discoveredTimestamp": 1724638109587,
            "caughtTimestamp": 1724638109587
          }
        },
        "farfetchd": {
          "normal": {
            "isShiny": false,
            "status": "CAUGHT",
            "discoveredTimestamp": 1724638297843,
            "caughtTimestamp": 1724638297843
          }
        },
        "exeggcute": {
          "normal": {
            "isShiny": false,
            "status": "CAUGHT",
            "discoveredTimestamp": 1724638966637,
            "caughtTimestamp": 1724638966637
          }
        },
        "oshawott": {
          "hisuibias": {
            "isShiny": false,
            "status": "CAUGHT",
            "discoveredTimestamp": 1724640011482,
            "caughtTimestamp": 1724640011482
          }
        },
        "golisopod": {
          "normal": {
            "isShiny": false,
            "status": "CAUGHT",
            "discoveredTimestamp": 1724640607835,
            "caughtTimestamp": 1724640607835
          }
        },
        "eevee": {
          "normal": {
            "isShiny": false,
            "status": "CAUGHT",
            "discoveredTimestamp": 1724641017482,
            "caughtTimestamp": 1724641017482
          }
        },
        "zorua": {
          "normal": {
            "isShiny": false,
            "status": "CAUGHT",
            "discoveredTimestamp": 1724641291482,
            "caughtTimestamp": 1724641291482
          }
        },
        "tinkatuff": {
          "normal": {
            "isShiny": false,
            "status": "CAUGHT",
            "discoveredTimestamp": 1724642324913,
            "caughtTimestamp": 1724642324913
          }
        },
        "zoroark": {
          "normal": {
            "isShiny": false,
            "status": "CAUGHT",
            "discoveredTimestamp": 1724642406242,
            "caughtTimestamp": 1724642406242
          }
        },
        "honedge": {
          "normal": {
            "isShiny": false,
            "status": "CAUGHT",
            "discoveredTimestamp": 1724642566485,
            "caughtTimestamp": 1724642566485
          }
        },
        "machop": {
          "normal": {
            "isShiny": false,
            "status": "CAUGHT",
            "discoveredTimestamp": 1724643130033,
            "caughtTimestamp": 1724643130033
          }
        },
        "sneasel": {
          "hisui": {
            "isShiny": false,
            "status": "CAUGHT",
            "discoveredTimestamp": 1724643364482,
            "caughtTimestamp": 1724643364482
          }
        },
        "ampharos": {
          "normal": {
            "isShiny": false,
            "status": "CAUGHT",
            "discoveredTimestamp": 1724643929481,
            "caughtTimestamp": 1724643929481
          }
        },
        "machoke": {
          "normal": {
            "isShiny": false,
            "status": "CAUGHT",
            "discoveredTimestamp": 1724644226184,
            "caughtTimestamp": 1724644226184
          }
        },
        "charcadet": {
          "normal": {
            "isShiny": false,
            "status": "CAUGHT",
            "discoveredTimestamp": 1724644938186,
            "caughtTimestamp": 1724644938186
          }
        },
        "dodrio": {
          "normal": {
            "isShiny": false,
            "status": "CAUGHT",
            "discoveredTimestamp": 1724646665284,
            "caughtTimestamp": 1724646665284
          }
        },
        "exeggutor": {
          "alola": {
            "isShiny": false,
            "status": "CAUGHT",
            "discoveredTimestamp": 1724647089232,
            "caughtTimestamp": 1724647089232
          }
        },
        "nidoranf": {
          "normal": {
            "isShiny": false,
            "status": "CAUGHT",
            "discoveredTimestamp": 1724647345831,
            "caughtTimestamp": 1724647345831
          }
        },
        "elekid": {
          "normal": {
            "isShiny": false,
            "status": "CAUGHT",
            "discoveredTimestamp": 1724647862732,
            "caughtTimestamp": 1724647862732
          }
        },
        "dewott": {
          "hisuibias": {
            "isShiny": false,
            "status": "CAUGHT",
            "discoveredTimestamp": 1724647998909,
            "caughtTimestamp": 1724647998909
          }
        },
        "electabuzz": {
          "normal": {
            "isShiny": false,
            "status": "CAUGHT",
            "discoveredTimestamp": 1724648013354,
            "caughtTimestamp": 1724648013354
          }
        },
        "nidorina": {
          "normal": {
            "isShiny": false,
            "status": "CAUGHT",
            "discoveredTimestamp": 1724648016539,
            "caughtTimestamp": 1724648016539
          }
        },
        "timburr": {
          "normal": {
            "isShiny": false,
            "status": "CAUGHT",
            "discoveredTimestamp": 1724648277431,
            "caughtTimestamp": 1724648277431
          }
        },
        "gurdurr": {
          "normal": {
            "isShiny": false,
            "status": "CAUGHT",
            "discoveredTimestamp": 1724648592165,
            "caughtTimestamp": 1724648592165
          }
        },
        "spinda": {
          "normal": {
            "isShiny": false,
            "status": "CAUGHT",
            "discoveredTimestamp": 1724648801749,
            "caughtTimestamp": 1724648801749
          }
        },
        "lapras": {
          "normal": {
            "isShiny": false,
            "status": "CAUGHT",
            "discoveredTimestamp": 1724649223835,
            "caughtTimestamp": 1724649223835
          }
        },
        "nickit": {
          "normal": {
            "isShiny": false,
            "status": "CAUGHT",
            "discoveredTimestamp": 1724649609134,
            "caughtTimestamp": 1724649609134
          }
        },
        "nidoranm": {
          "normal": {
            "isShiny": false,
            "status": "CAUGHT",
            "discoveredTimestamp": 1724649720892,
            "caughtTimestamp": 1724649720892
          }
        },
        "galvantula": {
          "normal": {
            "isShiny": false,
            "status": "CAUGHT",
            "discoveredTimestamp": 1724649820209,
            "caughtTimestamp": 1724649820209
          }
        },
        "thievul": {
          "normal": {
            "isShiny": false,
            "status": "CAUGHT",
            "discoveredTimestamp": 1724649859237,
            "caughtTimestamp": 1724649859237
          }
        },
        "nidorino": {
          "normal": {
            "isShiny": false,
            "status": "CAUGHT",
            "discoveredTimestamp": 1724649888816,
            "caughtTimestamp": 1724649888816
          }
        },
        "gimmighoul": {
          "normal": {
            "isShiny": false,
            "status": "CAUGHT",
            "discoveredTimestamp": 1724650095586,
            "caughtTimestamp": 1724650095586
          }
        },
        "lickitung": {
          "normal": {
            "isShiny": false,
            "status": "CAUGHT",
            "discoveredTimestamp": 1724651142830,
            "caughtTimestamp": 1724651142830
          }
        },
        "phantump": {
          "normal": {
            "isShiny": false,
            "status": "CAUGHT",
            "discoveredTimestamp": 1724651564633,
            "caughtTimestamp": 1724651564633
          }
        },
        "riolu": {
          "normal": {
            "isShiny": false,
            "status": "CAUGHT",
            "discoveredTimestamp": 1724651698081,
            "caughtTimestamp": 1724651698081
          }
        },
        "ursaring": {
          "normal": {
            "isShiny": false,
            "status": "CAUGHT",
            "discoveredTimestamp": 1724651875634,
            "caughtTimestamp": 1724651875634
          }
        },
        "trevenant": {
          "normal": {
            "isShiny": false,
            "status": "CAUGHT",
            "discoveredTimestamp": 1724652615896,
            "caughtTimestamp": 1724652615896
          }
        }
      },
      "name": "cobbledex_discovery"
    },
    "Cobbledex_RewardHistory": {
      "received": [
        "15",
        "30",
        "45"
      ],
      "name": "Cobbledex_RewardHistory"
    }
  },
  "advancementData": {
    "totalCaptureCount": 40,
    "totalEggsHatched": 0,
    "totalEvolvedCount": 11,
    "totalBattleVictoryCount": 79,
    "totalPvPBattleVictoryCount": 0,
    "totalPvWBattleVictoryCount": 71,
    "totalPvNBattleVictoryCount": 8,
    "totalShinyCaptureCount": 0,
    "totalTradedCount": 2,
    "totalTypeCaptureCounts": {
      "electric": 5,
      "water": 5,
      "fire": 3,
      "normal": 10,
      "flying": 3,
      "fairy": 1,
      "steel": 2,
      "dragon": 3,
      "ghost": 5,
      "grass": 3,
      "psychic": 1,
      "bug": 2,
      "dark": 2,
      "fighting": 4,
      "poison": 4,
      "ice": 1
    },
    "totalDefeatedCounts": {
      "cobblemon:doduo": 1,
      "cobblemon:spearow": 2,
      "cobblemon:phanpy": 1,
      "cobblemon:bunnelby": 2,
      "cobblemon:tandemaus": 1,
      "cobblemon:crabrawler": 1,
      "cobblemon:wingull": 1,
      "cobblemon:slowpoke": 1,
      "cobblemon:bidoof": 1,
      "cobblemon:rattata": 2,
      "cobblemon:fletchling": 1,
      "cobblemon:zubat": 2,
      "cobblemon:teddiursa": 1,
      "cobblemon:timburr": 1,
      "cobblemon:heracross": 2,
      "cobblemon:shellder": 1,
      "cobblemon:exeggcute": 1,
      "cobblemon:oddish": 1,
      "cobblemon:pichu": 1,
      "cobblemon:tinkatink": 1,
      "cobblemon:dhelmise": 1,
      "cobblemon:gimmighoul": 5,
      "cobblemon:eevee": 1
    },
    "aspectsCollected": {}
  }
}