{
  "uuid": "69db95a3-906e-479b-bdaf-75f2b183ee54",
  "starterPrompted": true,
  "starterLocked": false,
  "starterSelected": true,
  "starterUUID": "27687a6e-31d8-4b79-84cb-59ae1d0c113f",
  "keyItems": [],
  "battleTheme": "cobblemon:battle.pvp.default",
  "extraData": {
    "cobbledex_discovery": {
      "registers": {
        "mudkip": {
          "normal": {
            "isShiny": false,
            "status": "CAUGHT",
            "discoveredTimestamp": 1725066645752,
            "caughtTimestamp": 1725066645752
          }
        },
        "maschiff": {
          "normal": {
            "isShiny": false,
            "status": "CAUGHT",
            "discoveredTimestamp": 1725067119140,
            "caughtTimestamp": 1725067119140
          }
        },
        "pichu": {
          "normal": {
            "isShiny": false,
            "status": "CAUGHT",
            "discoveredTimestamp": 1725067500185,
            "caughtTimestamp": 1725067500185
          }
        },
        "fletchling": {
          "normal": {
            "isShiny": false,
            "status": "CAUGHT",
            "discoveredTimestamp": 1725067674736,
            "caughtTimestamp": 1725067674736
          }
        },
        "fletchinder": {
          "normal": {
            "isShiny": false,
            "status": "CAUGHT",
            "discoveredTimestamp": 1725067682435,
            "caughtTimestamp": 1725067682435
          }
        },
        "exeggcute": {
          "normal": {
            "isShiny": false,
            "status": "CAUGHT",
            "discoveredTimestamp": 1725067802635,
            "caughtTimestamp": 1725067802635
          }
        },
        "jangmoo": {
          "normal": {
            "isShiny": false,
            "status": "CAUGHT",
            "discoveredTimestamp": 1725068161384,
            "caughtTimestamp": 1725068161384
          }
        },
        "heracross": {
          "normal": {
            "isShiny": false,
            "status": "CAUGHT",
            "discoveredTimestamp": 1725068518781,
            "caughtTimestamp": 1725068518781
          }
        },
        "nidoranf": {
          "normal": {
            "isShiny": false,
            "status": "CAUGHT",
            "discoveredTimestamp": 1725069812536,
            "caughtTimestamp": 1725069812536
          }
        }
      },
      "name": "cobbledex_discovery"
    },
    "Cobbledex_RewardHistory": {
      "received": [],
      "name": "Cobbledex_RewardHistory"
    }
  },
  "advancementData": {
    "totalCaptureCount": 8,
    "totalEggsHatched": 0,
    "totalEvolvedCount": 1,
    "totalBattleVictoryCount": 15,
    "totalPvPBattleVictoryCount": 0,
    "totalPvWBattleVictoryCount": 15,
    "totalPvNBattleVictoryCount": 0,
    "totalShinyCaptureCount": 0,
    "totalTradedCount": 0,
    "totalTypeCaptureCounts": {
      "dark": 1,
      "electric": 1,
      "normal": 1,
      "flying": 1,
      "grass": 2,
      "psychic": 2,
      "dragon": 1,
      "bug": 1,
      "fighting": 1,
      "poison": 1
    },
    "totalDefeatedCounts": {
      "cobblemon:woobat": 1,
      "cobblemon:flittle": 1,
      "cobblemon:ekans": 1,
      "cobblemon:raticate": 1,
      "cobblemon:gimmighoul": 1,
      "cobblemon:vulpix": 1,
      "cobblemon:fletchling": 1
    },
    "aspectsCollected": {}
  }
}