{
  "uuid": "69db95a3-906e-479b-bdaf-75f2b183ee54",
  "starterPrompted": true,
  "starterLocked": false,
  "starterSelected": true,
  "starterUUID": "27687a6e-31d8-4b79-84cb-59ae1d0c113f",
  "keyItems": [],
  "battleTheme": "cobblemon:battle.pvp.default",
  "extraData": {
    "cobbledex_discovery": {
      "registers": {
        "mudkip": {
          "normal": {
            "isShiny": false,
            "status": "CAUGHT",
            "discoveredTimestamp": 1725066645752,
            "caughtTimestamp": 1725066645752
          }
        },
        "maschiff": {
          "normal": {
            "isShiny": false,
            "status": "CAUGHT",
            "discoveredTimestamp": 1725067119140,
            "caughtTimestamp": 1725067119140
          }
        },
        "pichu": {
          "normal": {
            "isShiny": false,
            "status": "CAUGHT",
            "discoveredTimestamp": 1725067500185,
            "caughtTimestamp": 1725067500185
          }
        },
        "fletchling": {
          "normal": {
            "isShiny": false,
            "status": "CAUGHT",
            "discoveredTimestamp": 1725067674736,
            "caughtTimestamp": 1725067674736
          }
        },
        "fletchinder": {
          "normal": {
            "isShiny": false,
            "status": "CAUGHT",
            "discoveredTimestamp": 1725067682435,
            "caughtTimestamp": 1725067682435
          }
        },
        "exeggcute": {
          "normal": {
            "isShiny": false,
            "status": "CAUGHT",
            "discoveredTimestamp": 1725067802635,
            "caughtTimestamp": 1725067802635
          }
        },
        "jangmoo": {
          "normal": {
            "isShiny": false,
            "status": "CAUGHT",
            "discoveredTimestamp": 1725068161384,
            "caughtTimestamp": 1725068161384
          }
        },
        "heracross": {
          "normal": {
            "isShiny": false,
            "status": "CAUGHT",
            "discoveredTimestamp": 1725068518781,
            "caughtTimestamp": 1725068518781
          }
        },
        "nidoranf": {
          "normal": {
            "isShiny": false,
            "status": "CAUGHT",
            "discoveredTimestamp": 1725069812536,
            "caughtTimestamp": 1725069812536
          }
        },
        "buizel": {
          "normal": {
            "isShiny": false,
            "status": "CAUGHT",
            "discoveredTimestamp": 1725070739631,
            "caughtTimestamp": 1725070739631
          }
        },
        "nickit": {
          "normal": {
            "isShiny": false,
            "status": "CAUGHT",
            "discoveredTimestamp": 1725071278844,
            "caughtTimestamp": 1725071278844
          }
        },
        "thievul": {
          "normal": {
            "isShiny": false,
            "status": "CAUGHT",
            "discoveredTimestamp": 1725071288177,
            "caughtTimestamp": 1725071288177
          }
        },
        "nidorina": {
          "normal": {
            "isShiny": false,
            "status": "CAUGHT",
            "discoveredTimestamp": 1725071330452,
            "caughtTimestamp": 1725071330452
          }
        },
        "growlithe": {
          "normal": {
            "isShiny": false,
            "status": "CAUGHT",
            "discoveredTimestamp": 1725071669191,
            "caughtTimestamp": 1725071669191
          }
        },
        "scolipede": {
          "normal": {
            "isShiny": false,
            "status": "CAUGHT",
            "discoveredTimestamp": 1725073404380,
            "caughtTimestamp": 1725073404380
          }
        },
        "marshtomp": {
          "normal": {
            "isShiny": false,
            "status": "CAUGHT",
            "discoveredTimestamp": 1725075087799,
            "caughtTimestamp": 1725075087799
          }
        },
        "rookidee": {
          "normal": {
            "isShiny": false,
            "status": "CAUGHT",
            "discoveredTimestamp": 1725075277490,
            "caughtTimestamp": 1725075277490
          }
        },
        "corvisquire": {
          "normal": {
            "isShiny": false,
            "status": "CAUGHT",
            "discoveredTimestamp": 1725075386631,
            "caughtTimestamp": 1725075386631
          }
        },
        "snorunt": {
          "normal": {
            "isShiny": false,
            "status": "CAUGHT",
            "discoveredTimestamp": 1725075508129,
            "caughtTimestamp": 1725075508129
          }
        },
        "zorua": {
          "hisui": {
            "isShiny": false,
            "status": "CAUGHT",
            "discoveredTimestamp": 1725075634782,
            "caughtTimestamp": 1725075634782
          }
        },
        "goomy": {
          "hisuibias": {
            "isShiny": false,
            "status": "CAUGHT",
            "discoveredTimestamp": 1725076871730,
            "caughtTimestamp": 1725076871730
          }
        },
        "mawile": {
          "normal": {
            "isShiny": false,
            "status": "CAUGHT",
            "discoveredTimestamp": 1725077163238,
            "caughtTimestamp": 1725077163238
          }
        }
      },
      "name": "cobbledex_discovery"
    },
    "Cobbledex_RewardHistory": {
      "received": [
        "15"
      ],
      "name": "Cobbledex_RewardHistory"
    }
  },
  "advancementData": {
    "totalCaptureCount": 18,
    "totalEggsHatched": 0,
    "totalEvolvedCount": 6,
    "totalBattleVictoryCount": 29,
    "totalPvPBattleVictoryCount": 0,
    "totalPvWBattleVictoryCount": 27,
    "totalPvNBattleVictoryCount": 2,
    "totalShinyCaptureCount": 0,
    "totalTradedCount": 0,
    "totalTypeCaptureCounts": {
      "dark": 2,
      "electric": 1,
      "normal": 3,
      "flying": 3,
      "grass": 2,
      "psychic": 2,
      "dragon": 2,
      "bug": 2,
      "fighting": 1,
      "poison": 2,
      "water": 1,
      "fire": 1,
      "ice": 1,
      "ghost": 1,
      "steel": 1,
      "fairy": 1
    },
    "totalDefeatedCounts": {
      "cobblemon:woobat": 1,
      "cobblemon:flittle": 1,
      "cobblemon:ekans": 1,
      "cobblemon:raticate": 1,
      "cobblemon:gimmighoul": 1,
      "cobblemon:vulpix": 1,
      "cobblemon:fletchling": 1,
      "cobblemon:farfetchd": 1,
      "cobblemon:goomy": 1
    },
    "aspectsCollected": {}
  }
}