{
  "uuid": "69db95a3-906e-479b-bdaf-75f2b183ee54",
  "starterPrompted": true,
  "starterLocked": false,
  "starterSelected": true,
  "starterUUID": "40cd54b3-bc3c-429a-9f82-68669447ad7c",
  "keyItems": [],
  "battleTheme": "cobblemon:battle.pvp.default",
  "extraData": {
    "cobbledex_discovery": {
      "registers": {
        "froakie": {
          "normal": {
            "isShiny": false,
            "status": "CAUGHT",
            "discoveredTimestamp": 1724529659199,
            "caughtTimestamp": 1724529659199
          }
        },
        "pikachu": {
          "normal": {
            "isShiny": false,
            "status": "CAUGHT",
            "discoveredTimestamp": 1724534890809,
            "caughtTimestamp": 1724534890809
          }
        },
        "buizel": {
          "normal": {
            "isShiny": false,
            "status": "CAUGHT",
            "discoveredTimestamp": 1724535102060,
            "caughtTimestamp": 1724535102060
          }
        }
      },
      "name": "cobbledex_discovery"
    },
    "Cobbledex_RewardHistory": {
      "received": [],
      "name": "Cobbledex_RewardHistory"
    }
  },
  "advancementData": {
    "totalCaptureCount": 2,
    "totalEggsHatched": 0,
    "totalEvolvedCount": 0,
    "totalBattleVictoryCount": 13,
    "totalPvPBattleVictoryCount": 0,
    "totalPvWBattleVictoryCount": 12,
    "totalPvNBattleVictoryCount": 1,
    "totalShinyCaptureCount": 0,
    "totalTradedCount": 0,
    "totalTypeCaptureCounts": {
      "electric": 1,
      "water": 1
    },
    "totalDefeatedCounts": {
      "cobblemon:doduo": 1,
      "cobblemon:spearow": 2,
      "cobblemon:phanpy": 1,
      "cobblemon:bunnelby": 2,
      "cobblemon:tandemaus": 1,
      "cobblemon:crabrawler": 1,
      "cobblemon:wingull": 1,
      "cobblemon:slowpoke": 1,
      "cobblemon:bidoof": 1
    },
    "aspectsCollected": {}
  }
}