{
  "uuid": "69db95a3-906e-479b-bdaf-75f2b183ee54",
  "starterPrompted": true,
  "starterLocked": false,
  "starterSelected": true,
  "starterUUID": "40cd54b3-bc3c-429a-9f82-68669447ad7c",
  "keyItems": [],
  "battleTheme": "cobblemon:battle.pvp.default",
  "extraData": {
    "cobbledex_discovery": {
      "registers": {
        "froakie": {
          "normal": {
            "isShiny": false,
            "status": "CAUGHT",
            "discoveredTimestamp": 1724529659199,
            "caughtTimestamp": 1724529659199
          }
        },
        "pikachu": {
          "normal": {
            "isShiny": false,
            "status": "CAUGHT",
            "discoveredTimestamp": 1724534890809,
            "caughtTimestamp": 1724534890809
          }
        },
        "buizel": {
          "normal": {
            "isShiny": false,
            "status": "CAUGHT",
            "discoveredTimestamp": 1724535102060,
            "caughtTimestamp": 1724535102060
          }
        },
        "vulpix": {
          "normal": {
            "isShiny": false,
            "status": "CAUGHT",
            "discoveredTimestamp": 1724536010911,
            "caughtTimestamp": 1724536010911
          }
        },
        "fletchling": {
          "normal": {
            "isShiny": false,
            "status": "CAUGHT",
            "discoveredTimestamp": 1724536384561,
            "caughtTimestamp": 1724536384561
          }
        },
        "fletchinder": {
          "normal": {
            "isShiny": false,
            "status": "CAUGHT",
            "discoveredTimestamp": 1724536405005,
            "caughtTimestamp": 1724536405005
          }
        },
        "ditto": {
          "normal": {
            "isShiny": false,
            "status": "CAUGHT",
            "discoveredTimestamp": 1724538459865,
            "caughtTimestamp": 1724538459865
          }
        },
        "tinkatink": {
          "normal": {
            "isShiny": false,
            "status": "CAUGHT",
            "discoveredTimestamp": 1724538569970,
            "caughtTimestamp": 1724538569970
          }
        },
        "growlithe": {
          "normal": {
            "isShiny": false,
            "status": "CAUGHT",
            "discoveredTimestamp": 1724539024359,
            "caughtTimestamp": 1724539024359
          }
        },
        "frogadier": {
          "normal": {
            "isShiny": false,
            "status": "CAUGHT",
            "discoveredTimestamp": 1724543312332,
            "caughtTimestamp": 1724543312332
          }
        }
      },
      "name": "cobbledex_discovery"
    },
    "Cobbledex_RewardHistory": {
      "received": [],
      "name": "Cobbledex_RewardHistory"
    }
  },
  "advancementData": {
    "totalCaptureCount": 7,
    "totalEggsHatched": 0,
    "totalEvolvedCount": 2,
    "totalBattleVictoryCount": 25,
    "totalPvPBattleVictoryCount": 0,
    "totalPvWBattleVictoryCount": 23,
    "totalPvNBattleVictoryCount": 2,
    "totalShinyCaptureCount": 0,
    "totalTradedCount": 0,
    "totalTypeCaptureCounts": {
      "electric": 1,
      "water": 1,
      "fire": 2,
      "normal": 2,
      "flying": 1,
      "fairy": 1,
      "steel": 1
    },
    "totalDefeatedCounts": {
      "cobblemon:doduo": 1,
      "cobblemon:spearow": 2,
      "cobblemon:phanpy": 1,
      "cobblemon:bunnelby": 2,
      "cobblemon:tandemaus": 1,
      "cobblemon:crabrawler": 1,
      "cobblemon:wingull": 1,
      "cobblemon:slowpoke": 1,
      "cobblemon:bidoof": 1,
      "cobblemon:rattata": 2,
      "cobblemon:fletchling": 1,
      "cobblemon:zubat": 2,
      "cobblemon:teddiursa": 1
    },
    "aspectsCollected": {}
  }
}