{
  "uuid": "69db95a3-906e-479b-bdaf-75f2b183ee54",
  "starterPrompted": true,
  "starterLocked": false,
  "starterSelected": true,
  "starterUUID": "40cd54b3-bc3c-429a-9f82-68669447ad7c",
  "keyItems": [],
  "battleTheme": "cobblemon:battle.pvp.default",
  "extraData": {
    "cobbledex_discovery": {
      "registers": {
        "froakie": {
          "normal": {
            "isShiny": false,
            "status": "CAUGHT",
            "discoveredTimestamp": 1724529659199,
            "caughtTimestamp": 1724529659199
          }
        }
      },
      "name": "cobbledex_discovery"
    },
    "Cobbledex_RewardHistory": {
      "received": [],
      "name": "Cobbledex_RewardHistory"
    }
  },
  "advancementData": {
    "totalCaptureCount": 0,
    "totalEggsHatched": 0,
    "totalEvolvedCount": 0,
    "totalBattleVictoryCount": 1,
    "totalPvPBattleVictoryCount": 0,
    "totalPvWBattleVictoryCount": 1,
    "totalPvNBattleVictoryCount": 0,
    "totalShinyCaptureCount": 0,
    "totalTradedCount": 0,
    "totalTypeCaptureCounts": {},
    "totalDefeatedCounts": {
      "cobblemon:doduo": 1
    },
    "aspectsCollected": {}
  }
}