{
  "uuid": "69db95a3-906e-479b-bdaf-75f2b183ee54",
  "starterPrompted": true,
  "starterLocked": false,
  "starterSelected": true,
  "starterUUID": "27687a6e-31d8-4b79-84cb-59ae1d0c113f",
  "keyItems": [],
  "battleTheme": "cobblemon:battle.pvp.default",
  "extraData": {
    "cobbledex_discovery": {
      "registers": {
        "mudkip": {
          "normal": {
            "isShiny": false,
            "status": "CAUGHT",
            "discoveredTimestamp": 1725066645752,
            "caughtTimestamp": 1725066645752
          }
        },
        "maschiff": {
          "normal": {
            "isShiny": false,
            "status": "CAUGHT",
            "discoveredTimestamp": 1725067119140,
            "caughtTimestamp": 1725067119140
          }
        },
        "pichu": {
          "normal": {
            "isShiny": false,
            "status": "CAUGHT",
            "discoveredTimestamp": 1725067500185,
            "caughtTimestamp": 1725067500185
          }
        },
        "fletchling": {
          "normal": {
            "isShiny": false,
            "status": "CAUGHT",
            "discoveredTimestamp": 1725067674736,
            "caughtTimestamp": 1725067674736
          }
        },
        "fletchinder": {
          "normal": {
            "isShiny": false,
            "status": "CAUGHT",
            "discoveredTimestamp": 1725067682435,
            "caughtTimestamp": 1725067682435
          }
        },
        "exeggcute": {
          "normal": {
            "isShiny": false,
            "status": "CAUGHT",
            "discoveredTimestamp": 1725067802635,
            "caughtTimestamp": 1725067802635
          }
        },
        "jangmoo": {
          "normal": {
            "isShiny": false,
            "status": "CAUGHT",
            "discoveredTimestamp": 1725068161384,
            "caughtTimestamp": 1725068161384
          }
        },
        "heracross": {
          "normal": {
            "isShiny": false,
            "status": "CAUGHT",
            "discoveredTimestamp": 1725068518781,
            "caughtTimestamp": 1725068518781
          }
        },
        "nidoranf": {
          "normal": {
            "isShiny": false,
            "status": "CAUGHT",
            "discoveredTimestamp": 1725069812536,
            "caughtTimestamp": 1725069812536
          }
        },
        "buizel": {
          "normal": {
            "isShiny": false,
            "status": "CAUGHT",
            "discoveredTimestamp": 1725070739631,
            "caughtTimestamp": 1725070739631
          }
        },
        "nickit": {
          "normal": {
            "isShiny": false,
            "status": "CAUGHT",
            "discoveredTimestamp": 1725071278844,
            "caughtTimestamp": 1725071278844
          }
        },
        "thievul": {
          "normal": {
            "isShiny": false,
            "status": "CAUGHT",
            "discoveredTimestamp": 1725071288177,
            "caughtTimestamp": 1725071288177
          }
        },
        "nidorina": {
          "normal": {
            "isShiny": false,
            "status": "CAUGHT",
            "discoveredTimestamp": 1725071330452,
            "caughtTimestamp": 1725071330452
          }
        },
        "growlithe": {
          "normal": {
            "isShiny": false,
            "status": "CAUGHT",
            "discoveredTimestamp": 1725071669191,
            "caughtTimestamp": 1725071669191
          }
        },
        "scolipede": {
          "normal": {
            "isShiny": false,
            "status": "CAUGHT",
            "discoveredTimestamp": 1725073404380,
            "caughtTimestamp": 1725073404380
          }
        },
        "marshtomp": {
          "normal": {
            "isShiny": false,
            "status": "CAUGHT",
            "discoveredTimestamp": 1725075087799,
            "caughtTimestamp": 1725075087799
          }
        },
        "rookidee": {
          "normal": {
            "isShiny": false,
            "status": "CAUGHT",
            "discoveredTimestamp": 1725075277490,
            "caughtTimestamp": 1725075277490
          }
        },
        "corvisquire": {
          "normal": {
            "isShiny": false,
            "status": "CAUGHT",
            "discoveredTimestamp": 1725075386631,
            "caughtTimestamp": 1725075386631
          }
        },
        "snorunt": {
          "normal": {
            "isShiny": false,
            "status": "CAUGHT",
            "discoveredTimestamp": 1725075508129,
            "caughtTimestamp": 1725075508129
          }
        },
        "zorua": {
          "hisui": {
            "isShiny": false,
            "status": "CAUGHT",
            "discoveredTimestamp": 1725075634782,
            "caughtTimestamp": 1725075634782
          },
          "normal": {
            "isShiny": false,
            "status": "CAUGHT",
            "discoveredTimestamp": 1725133745010,
            "caughtTimestamp": 1725133745010
          }
        },
        "goomy": {
          "hisuibias": {
            "isShiny": false,
            "status": "CAUGHT",
            "discoveredTimestamp": 1725076871730,
            "caughtTimestamp": 1725076871730
          }
        },
        "mawile": {
          "normal": {
            "isShiny": false,
            "status": "CAUGHT",
            "discoveredTimestamp": 1725077163238,
            "caughtTimestamp": 1725077163238
          }
        },
        "exeggutor": {
          "normal": {
            "isShiny": false,
            "status": "CAUGHT",
            "discoveredTimestamp": 1725078430260,
            "caughtTimestamp": 1725078430260
          }
        },
        "aron": {
          "normal": {
            "isShiny": false,
            "status": "CAUGHT",
            "discoveredTimestamp": 1725079632150,
            "caughtTimestamp": 1725079632150
          }
        },
        "makuhita": {
          "normal": {
            "isShiny": false,
            "status": "CAUGHT",
            "discoveredTimestamp": 1725079716129,
            "caughtTimestamp": 1725079716129
          }
        },
        "dreepy": {
          "normal": {
            "isShiny": false,
            "status": "CAUGHT",
            "discoveredTimestamp": 1725081224129,
            "caughtTimestamp": 1725081224129
          }
        },
        "mimejr": {
          "normal": {
            "isShiny": false,
            "status": "CAUGHT",
            "discoveredTimestamp": 1725081507082,
            "caughtTimestamp": 1725081507082
          }
        },
        "pidgeotto": {
          "normal": {
            "isShiny": false,
            "status": "CAUGHT",
            "discoveredTimestamp": 1725081842732,
            "caughtTimestamp": 1725081842732
          }
        },
        "mudsdale": {
          "normal": {
            "isShiny": false,
            "status": "CAUGHT",
            "discoveredTimestamp": 1725082895482,
            "caughtTimestamp": 1725082895482
          }
        },
        "pikachu": {
          "normal": {
            "isShiny": false,
            "status": "CAUGHT",
            "discoveredTimestamp": 1725082968092,
            "caughtTimestamp": 1725082968092
          }
        },
        "raichu": {
          "normal": {
            "isShiny": false,
            "status": "CAUGHT",
            "discoveredTimestamp": 1725082982095,
            "caughtTimestamp": 1725082982095
          }
        },
        "nidoqueen": {
          "normal": {
            "isShiny": false,
            "status": "CAUGHT",
            "discoveredTimestamp": 1725084031035,
            "caughtTimestamp": 1725084031035
          }
        },
        "swampert": {
          "normal": {
            "isShiny": false,
            "status": "CAUGHT",
            "discoveredTimestamp": 1725084738279,
            "caughtTimestamp": 1725084738279
          }
        },
        "hakamoo": {
          "normal": {
            "isShiny": false,
            "status": "CAUGHT",
            "discoveredTimestamp": 1725084897393,
            "caughtTimestamp": 1725084897393
          }
        },
        "sliggoo": {
          "hisui": {
            "isShiny": false,
            "status": "CAUGHT",
            "discoveredTimestamp": 1725084930642,
            "caughtTimestamp": 1725084930642
          }
        },
        "noctowl": {
          "normal": {
            "isShiny": false,
            "status": "CAUGHT",
            "discoveredTimestamp": 1725085025281,
            "caughtTimestamp": 1725085025281
          }
        },
        "pidgeot": {
          "normal": {
            "isShiny": false,
            "status": "CAUGHT",
            "discoveredTimestamp": 1725085129009,
            "caughtTimestamp": 1725085129009
          }
        },
        "timburr": {
          "normal": {
            "isShiny": false,
            "status": "CAUGHT",
            "discoveredTimestamp": 1725085570481,
            "caughtTimestamp": 1725085570481
          }
        },
        "arcanine": {
          "normal": {
            "isShiny": false,
            "status": "CAUGHT",
            "discoveredTimestamp": 1725085948296,
            "caughtTimestamp": 1725085948296
          }
        },
        "talonflame": {
          "normal": {
            "isShiny": false,
            "status": "CAUGHT",
            "discoveredTimestamp": 1725086095293,
            "caughtTimestamp": 1725086095293
          }
        },
        "gurdurr": {
          "normal": {
            "isShiny": false,
            "status": "CAUGHT",
            "discoveredTimestamp": 1725087374423,
            "caughtTimestamp": 1725087374423
          }
        },
        "rhyhorn": {
          "normal": {
            "isShiny": false,
            "status": "CAUGHT",
            "discoveredTimestamp": 1725087384645,
            "caughtTimestamp": 1725087384645
          }
        },
        "conkeldurr": {
          "normal": {
            "isShiny": false,
            "status": "CAUGHT",
            "discoveredTimestamp": 1725087429691,
            "caughtTimestamp": 1725087429691
          }
        },
        "slowpoke": {
          "normal": {
            "isShiny": false,
            "status": "CAUGHT",
            "discoveredTimestamp": 1725087465388,
            "caughtTimestamp": 1725087465388
          }
        },
        "eevee": {
          "normal": {
            "isShiny": false,
            "status": "CAUGHT",
            "discoveredTimestamp": 1725087858731,
            "caughtTimestamp": 1725087858731
          }
        },
        "kommoo": {
          "normal": {
            "isShiny": false,
            "status": "CAUGHT",
            "discoveredTimestamp": 1725087947239,
            "caughtTimestamp": 1725087947239
          }
        },
        "hariyama": {
          "normal": {
            "isShiny": false,
            "status": "CAUGHT",
            "discoveredTimestamp": 1725088256731,
            "caughtTimestamp": 1725088256731
          }
        },
        "phantump": {
          "normal": {
            "isShiny": false,
            "status": "CAUGHT",
            "discoveredTimestamp": 1725089709030,
            "caughtTimestamp": 1725089709030
          }
        },
        "sneasel": {
          "hisui": {
            "isShiny": false,
            "status": "CAUGHT",
            "discoveredTimestamp": 1725091871827,
            "caughtTimestamp": 1725091871827
          }
        },
        "machop": {
          "normal": {
            "isShiny": false,
            "status": "CAUGHT",
            "discoveredTimestamp": 1725092757834,
            "caughtTimestamp": 1725092757834
          }
        },
        "corviknight": {
          "normal": {
            "isShiny": false,
            "status": "CAUGHT",
            "discoveredTimestamp": 1725093210366,
            "caughtTimestamp": 1725093210366
          }
        },
        "machoke": {
          "normal": {
            "isShiny": false,
            "status": "CAUGHT",
            "discoveredTimestamp": 1725093275591,
            "caughtTimestamp": 1725093275591
          }
        },
        "ursaluna": {
          "normal": {
            "isShiny": false,
            "status": "CAUGHT",
            "discoveredTimestamp": 1725094019823,
            "caughtTimestamp": 1725094019823
          }
        },
        "skiddo": {
          "normal": {
            "isShiny": false,
            "status": "CAUGHT",
            "discoveredTimestamp": 1725132210940,
            "caughtTimestamp": 1725132210940
          }
        },
        "primeape": {
          "normal": {
            "isShiny": false,
            "status": "CAUGHT",
            "discoveredTimestamp": 1725134777232,
            "caughtTimestamp": 1725134777232
          }
        },
        "riolu": {
          "normal": {
            "isShiny": false,
            "status": "CAUGHT",
            "discoveredTimestamp": 1725141788676,
            "caughtTimestamp": 1725141788676
          }
        },
        "rockruff": {
          "normal": {
            "isShiny": false,
            "status": "CAUGHT",
            "discoveredTimestamp": 1725148021907,
            "caughtTimestamp": 1725148021907
          }
        },
        "deino": {
          "normal": {
            "isShiny": false,
            "status": "CAUGHT",
            "discoveredTimestamp": 1725149038061,
            "caughtTimestamp": 1725149038061
          }
        },
        "boldore": {
          "normal": {
            "isShiny": false,
            "status": "CAUGHT",
            "discoveredTimestamp": 1725149475156,
            "caughtTimestamp": 1725149475156
          }
        },
        "rowlet": {
          "normal": {
            "isShiny": false,
            "status": "CAUGHT",
            "discoveredTimestamp": 1725149740657,
            "caughtTimestamp": 1725149740657
          }
        },
        "munchlax": {
          "normal": {
            "isShiny": false,
            "status": "CAUGHT",
            "discoveredTimestamp": 1725151681160,
            "caughtTimestamp": 1725151681160
          }
        },
        "annihilape": {
          "normal": {
            "isShiny": false,
            "status": "CAUGHT",
            "discoveredTimestamp": 1725151991895,
            "caughtTimestamp": 1725151991895
          }
        },
        "machamp": {
          "normal": {
            "isShiny": false,
            "status": "CAUGHT",
            "discoveredTimestamp": 1725152125836,
            "caughtTimestamp": 1725152125836
          }
        },
        "dartrix": {
          "normal": {
            "isShiny": false,
            "status": "CAUGHT",
            "discoveredTimestamp": 1725152543875,
            "caughtTimestamp": 1725152543875
          }
        },
        "geodude": {
          "normal": {
            "isShiny": false,
            "status": "CAUGHT",
            "discoveredTimestamp": 1725152667404,
            "caughtTimestamp": 1725152667404
          }
        },
        "graveler": {
          "normal": {
            "isShiny": false,
            "status": "CAUGHT",
            "discoveredTimestamp": 1725152676467,
            "caughtTimestamp": 1725152676467
          }
        },
        "woobat": {
          "normal": {
            "isShiny": false,
            "status": "CAUGHT",
            "discoveredTimestamp": 1725240378862,
            "caughtTimestamp": 1725240378862
          }
        },
        "gogoat": {
          "normal": {
            "isShiny": false,
            "status": "CAUGHT",
            "discoveredTimestamp": 1725245051331,
            "caughtTimestamp": 1725245051331
          }
        },
        "kadabra": {
          "normal": {
            "isShiny": false,
            "status": "CAUGHT",
            "discoveredTimestamp": 1725245289666,
            "caughtTimestamp": 1725245289666
          }
        },
        "alakazam": {
          "normal": {
            "isShiny": false,
            "status": "CAUGHT",
            "discoveredTimestamp": 1725245294703,
            "caughtTimestamp": 1725245294703
          }
        },
        "pawniard": {
          "normal": {
            "isShiny": false,
            "status": "CAUGHT",
            "discoveredTimestamp": 1725247255483,
            "caughtTimestamp": 1725247255483
          }
        },
        "sawsbuck": {
          "normal": {
            "isShiny": false,
            "status": "CAUGHT",
            "discoveredTimestamp": 1725247552326,
            "caughtTimestamp": 1725247552326
          }
        },
        "lairon": {
          "normal": {
            "isShiny": false,
            "status": "CAUGHT",
            "discoveredTimestamp": 1725248134186,
            "caughtTimestamp": 1725248134186
          }
        },
        "drakloak": {
          "normal": {
            "isShiny": false,
            "status": "CAUGHT",
            "discoveredTimestamp": 1725248432389,
            "caughtTimestamp": 1725248432389
          }
        },
        "unfezant": {
          "normal": {
            "isShiny": false,
            "status": "CAUGHT",
            "discoveredTimestamp": 1725248525085,
            "caughtTimestamp": 1725248525085
          }
        },
        "goodra": {
          "hisui": {
            "isShiny": false,
            "status": "CAUGHT",
            "discoveredTimestamp": 1725248619675,
            "caughtTimestamp": 1725248619675
          }
        },
        "aggron": {
          "normal": {
            "isShiny": false,
            "status": "CAUGHT",
            "discoveredTimestamp": 1725248773573,
            "caughtTimestamp": 1725248773573
          }
        },
        "zweilous": {
          "normal": {
            "isShiny": false,
            "status": "CAUGHT",
            "discoveredTimestamp": 1725248779281,
            "caughtTimestamp": 1725248779281
          }
        },
        "lickitung": {
          "normal": {
            "isShiny": false,
            "status": "CAUGHT",
            "discoveredTimestamp": 1725250661079,
            "caughtTimestamp": 1725250661079
          }
        },
        "charmander": {
          "normal": {
            "isShiny": false,
            "status": "CAUGHT",
            "discoveredTimestamp": 1725250840960,
            "caughtTimestamp": 1725250840960
          }
        },
        "charmeleon": {
          "normal": {
            "isShiny": false,
            "status": "CAUGHT",
            "discoveredTimestamp": 1725250895629,
            "caughtTimestamp": 1725250895629
          }
        },
        "hawlucha": {
          "normal": {
            "isShiny": false,
            "status": "CAUGHT",
            "discoveredTimestamp": 1725251244729,
            "caughtTimestamp": 1725251244729
          }
        },
        "charizard": {
          "normal": {
            "isShiny": false,
            "status": "CAUGHT",
            "discoveredTimestamp": 1725251359474,
            "caughtTimestamp": 1725251359474
          }
        },
        "ditto": {
          "normal": {
            "isShiny": false,
            "status": "CAUGHT",
            "discoveredTimestamp": 1725251828128,
            "caughtTimestamp": 1725251828128
          }
        },
        "gible": {
          "normal": {
            "isShiny": false,
            "status": "CAUGHT",
            "discoveredTimestamp": 1725252535026,
            "caughtTimestamp": 1725252535026
          }
        },
        "gabite": {
          "normal": {
            "isShiny": false,
            "status": "CAUGHT",
            "discoveredTimestamp": 1725252742847,
            "caughtTimestamp": 1725252742847
          }
        },
        "lucario": {
          "normal": {
            "isShiny": false,
            "status": "CAUGHT",
            "discoveredTimestamp": 1725254660679,
            "caughtTimestamp": 1725254660679
          }
        },
        "aegislash": {
          "normal": {
            "isShiny": false,
            "status": "CAUGHT",
            "discoveredTimestamp": 1725254745480,
            "caughtTimestamp": 1725254745480
          }
        },
        "larvitar": {
          "normal": {
            "isShiny": false,
            "status": "CAUGHT",
            "discoveredTimestamp": 1725255788481,
            "caughtTimestamp": 1725255788481
          }
        },
        "pupitar": {
          "normal": {
            "isShiny": false,
            "status": "CAUGHT",
            "discoveredTimestamp": 1725255808334,
            "caughtTimestamp": 1725255808334
          }
        },
        "carvanha": {
          "normal": {
            "isShiny": true,
            "status": "CAUGHT",
            "discoveredTimestamp": 1725257051576,
            "caughtTimestamp": 1725257051576
          }
        },
        "foongus": {
          "normal": {
            "isShiny": false,
            "status": "CAUGHT",
            "discoveredTimestamp": 1725257690575,
            "caughtTimestamp": 1725257690575
          }
        },
        "breloom": {
          "normal": {
            "isShiny": false,
            "status": "CAUGHT",
            "discoveredTimestamp": 1725257776426,
            "caughtTimestamp": 1725257776426
          }
        },
        "skrelp": {
          "normal": {
            "isShiny": false,
            "status": "CAUGHT",
            "discoveredTimestamp": 1725258338183,
            "caughtTimestamp": 1725258338183
          }
        }
      },
      "name": "cobbledex_discovery"
    },
    "Cobbledex_RewardHistory": {
      "received": [
        "15",
        "30",
        "45",
        "60",
        "75",
        "90"
      ],
      "name": "Cobbledex_RewardHistory"
    }
  },
  "advancementData": {
    "totalCaptureCount": 60,
    "totalEggsHatched": 0,
    "totalEvolvedCount": 35,
    "totalBattleVictoryCount": 171,
    "totalPvPBattleVictoryCount": 3,
    "totalPvWBattleVictoryCount": 142,
    "totalPvNBattleVictoryCount": 26,
    "totalShinyCaptureCount": 1,
    "totalTradedCount": 12,
    "totalTypeCaptureCounts": {
      "dark": 6,
      "electric": 1,
      "normal": 13,
      "flying": 8,
      "grass": 9,
      "psychic": 3,
      "dragon": 5,
      "bug": 2,
      "fighting": 10,
      "poison": 6,
      "water": 3,
      "fire": 4,
      "ice": 1,
      "ghost": 4,
      "steel": 5,
      "fairy": 2,
      "rock": 5,
      "ground": 5
    },
    "totalDefeatedCounts": {
      "cobblemon:woobat": 1,
      "cobblemon:flittle": 1,
      "cobblemon:ekans": 1,
      "cobblemon:raticate": 1,
      "cobblemon:gimmighoul": 3,
      "cobblemon:vulpix": 1,
      "cobblemon:fletchling": 2,
      "cobblemon:farfetchd": 1,
      "cobblemon:goomy": 1,
      "cobblemon:mamoswine": 1,
      "cobblemon:meowth": 1,
      "cobblemon:koffing": 1,
      "cobblemon:timburr": 1,
      "cobblemon:klefki": 1,
      "cobblemon:mareep": 1,
      "cobblemon:deerling": 1,
      "cobblemon:spinda": 2,
      "cobblemon:buneary": 8,
      "cobblemon:taillow": 1,
      "cobblemon:bunnelby": 2,
      "cobblemon:skiddo": 16,
      "cobblemon:pidgey": 1,
      "cobblemon:rockruff": 1,
      "cobblemon:starly": 2,
      "cobblemon:mankey": 7,
      "cobblemon:geodude": 3,
      "cobblemon:wooloo": 1,
      "cobblemon:cufant": 1,
      "cobblemon:shroomish": 1,
      "cobblemon:pidove": 1,
      "cobblemon:pikipek": 1,
      "cobblemon:weedle": 1,
      "cobblemon:diggersby": 2,
      "cobblemon:bisharp": 3,
      "cobblemon:minior": 2,
      "cobblemon:durant": 2,
      "cobblemon:graveler": 1,
      "cobblemon:venipede": 1,
      "cobblemon:riolu": 1,
      "cobblemon:happiny": 1,
      "cobblemon:rookidee": 1
    },
    "aspectsCollected": {}
  }
}