{
  "uuid": "69db95a3-906e-479b-bdaf-75f2b183ee54",
  "starterPrompted": true,
  "starterLocked": false,
  "starterSelected": true,
  "starterUUID": "27687a6e-31d8-4b79-84cb-59ae1d0c113f",
  "keyItems": [],
  "battleTheme": "cobblemon:battle.pvp.default",
  "extraData": {
    "cobbledex_discovery": {
      "registers": {
        "mudkip": {
          "normal": {
            "isShiny": false,
            "status": "CAUGHT",
            "discoveredTimestamp": 1725066645752,
            "caughtTimestamp": 1725066645752
          }
        },
        "maschiff": {
          "normal": {
            "isShiny": false,
            "status": "CAUGHT",
            "discoveredTimestamp": 1725067119140,
            "caughtTimestamp": 1725067119140
          }
        }
      },
      "name": "cobbledex_discovery"
    },
    "Cobbledex_RewardHistory": {
      "received": [],
      "name": "Cobbledex_RewardHistory"
    }
  },
  "advancementData": {
    "totalCaptureCount": 1,
    "totalEggsHatched": 0,
    "totalEvolvedCount": 0,
    "totalBattleVictoryCount": 4,
    "totalPvPBattleVictoryCount": 0,
    "totalPvWBattleVictoryCount": 4,
    "totalPvNBattleVictoryCount": 0,
    "totalShinyCaptureCount": 0,
    "totalTradedCount": 0,
    "totalTypeCaptureCounts": {
      "dark": 1
    },
    "totalDefeatedCounts": {
      "cobblemon:woobat": 1,
      "cobblemon:flittle": 1,
      "cobblemon:ekans": 1
    },
    "aspectsCollected": {}
  }
}