{"stats":{"minecraft:killed":{"minecraft:drowned":1},"minecraft:mined":{"minecraft:acacia_leaves":1,"minecraft:pink_bed":1,"cobblemon:aspear_berry":2,"minecraft:powder_snow":1,"cobblemon:persim_berry":1,"cobblemon:blue_mint":3,"cobblemon:medicinal_leek":1,"minecraft:grass":10,"minecraft:acacia_log":5,"minecraft:grass_block":4,"minecraft:spruce_leaves":1,"cobblemon:oran_berry":1,"minecraft:sugar_cane":2},"minecraft:used":{"minecraft:bread":2,"minecraft:rotten_flesh":1,"minecraft:pink_bed":1,"minecraft:dirt":2,"minecraft:goat_horn":5,"minecraft:egg":1},"minecraft:picked_up":{"cobblemizer:iv_random":2,"cobblemon:remedy":1,"minecraft:pink_bed":2,"cobblemon:great_ball":10,"simple_backpack:backpack":2,"cobblemon:blue_mint_leaf":2,"minecraft:torch":129,"minecraft:acacia_log":10,"cobblemon:cheri_berry":25,"rctmod:trainer_card":1,"cobblemon:persim_berry":15,"minecraft:dirt":76,"cobblemon:blue_mint_seeds":4,"minecraft:rotten_flesh":3,"minecraft:oak_sign":2,"cobblemon:poke_ball":32,"minecraft:wheat_seeds":7,"cobblemon:revive":20,"cobblemon:potion":32,"minecraft:carved_pumpkin":2,"cobblemon:oran_berry":36,"minecraft:bread":126,"cobblemon:medicinal_leek":2,"cobblemon:chesto_berry":4,"minecraft:sugar_cane":8,"minecraft:chest":2,"cobblemon:blue_apricorn":4,"cobbledex:cobbledex_item":2,"minecraft:egg":1},"minecraft:killed_by":{"minecraft:skeleton":1,"minecraft:creeper":1,"minecraft:zombie":1},"minecraft:custom":{"minecraft:time_since_rest":29723,"minecraft:sprint_one_cm":63318,"minecraft:damage_taken":1110,"minecraft:walk_one_cm":139719,"minecraft:mob_kills":1,"minecraft:damage_dealt":311,"minecraft:swim_one_cm":3742,"minecraft:fly_one_cm":80068,"minecraft:open_chest":3,"minecraft:crouch_one_cm":126,"minecraft:play_time":46597,"minecraft:deaths":3,"minecraft:sneak_time":104,"minecraft:walk_under_water_one_cm":1920,"minecraft:jump":554,"minecraft:leave_game":1,"minecraft:climb_one_cm":304,"minecraft:time_since_death":29672,"minecraft:walk_on_water_one_cm":9112,"minecraft:sleep_in_bed":1,"minecraft:total_world_time":46597,"minecraft:fall_one_cm":14707}},"DataVersion":3465}