{"stats":{"minecraft:killed":{"minecraft:drowned":1},"minecraft:mined":{"minecraft:acacia_leaves":1,"minecraft:pink_bed":1,"cobblemon:aspear_berry":2,"minecraft:powder_snow":1,"cobblemon:blue_mint":3,"minecraft:granite":3,"minecraft:acacia_log":5,"minecraft:grass_block":4,"minecraft:copper_ore":5,"minecraft:spruce_leaves":1,"minecraft:sugar_cane":2,"cobblemon:oran_berry":1,"minecraft:iron_ore":2,"cobblemon:persim_berry":1,"cobblemon:medicinal_leek":1,"minecraft:grass":10,"minecraft:coal_ore":22,"minecraft:stone":33},"minecraft:used":{"minecraft:stone_pickaxe":65,"minecraft:rotten_flesh":1,"minecraft:torch":5,"minecraft:dirt":2,"minecraft:crafting_table":1,"minecraft:bread":2,"minecraft:pink_bed":1,"minecraft:cobblestone":23,"minecraft:goat_horn":10,"minecraft:egg":1,"minecraft:acacia_planks":4},"minecraft:picked_up":{"cobblemizer:iv_random":2,"cobblemon:remedy":1,"simple_backpack:backpack":3,"cobblemon:great_ball":14,"cobblemon:blue_mint_leaf":2,"minecraft:dirt":134,"minecraft:raw_copper":30,"minecraft:acacia_planks":11,"minecraft:oak_sign":2,"minecraft:wheat_seeds":12,"cobblemon:potion":44,"cobblemon:oran_berry":36,"minecraft:stone_pickaxe":1,"minecraft:glass_bottle":4,"minecraft:sugar_cane":12,"minecraft:chest":3,"cobbledex:cobbledex_item":3,"minecraft:egg":1,"minecraft:pink_bed":2,"minecraft:stick":6,"minecraft:raw_iron":2,"minecraft:torch":190,"minecraft:acacia_log":10,"cobblemon:cheri_berry":25,"rctmod:trainer_card":2,"cobblemon:persim_berry":30,"minecraft:goat_horn":1,"cobblemon:blue_mint_seeds":4,"minecraft:rotten_flesh":4,"cobblemon:poke_ball":46,"cobblemon:revive":29,"minecraft:granite":3,"minecraft:carved_pumpkin":3,"minecraft:bread":188,"cobblemon:chesto_berry":4,"cobblemon:medicinal_leek":3,"cobblemon:blue_apricorn":4,"minecraft:coal":26,"minecraft:cobblestone":77},"minecraft:crafted":{"minecraft:crafting_table":1,"minecraft:stick":8,"minecraft:stone_pickaxe":1,"minecraft:acacia_planks":20},"minecraft:killed_by":{"minecraft:player":1,"minecraft:skeleton":1,"minecraft:creeper":1,"minecraft:zombie":1},"minecraft:custom":{"minecraft:interact_with_furnace":13,"minecraft:mob_kills":1,"minecraft:interact_with_crafting_table":2,"minecraft:leave_game":1,"minecraft:time_since_death":4023,"minecraft:sleep_in_bed":1,"minecraft:climb_one_cm":304,"minecraft:time_since_rest":4056,"minecraft:sprint_one_cm":66950,"minecraft:damage_taken":1709,"minecraft:walk_one_cm":171906,"minecraft:damage_dealt":341,"minecraft:swim_one_cm":4446,"minecraft:fly_one_cm":83454,"minecraft:open_chest":3,"minecraft:crouch_one_cm":297,"minecraft:play_time":64597,"minecraft:deaths":4,"minecraft:sneak_time":562,"minecraft:walk_under_water_one_cm":7623,"minecraft:jump":736,"minecraft:walk_on_water_one_cm":16030,"minecraft:total_world_time":64597,"minecraft:fall_one_cm":18516}},"DataVersion":3465}