{"stats":{"minecraft:mined":{"minecraft:pink_bed":4,"minecraft:jungle_leaves":1,"cobblemon:aspear_berry":2,"cobblemon:apricorn_log":5,"minecraft:granite":3,"minecraft:grass_block":14,"minecraft:acacia_log":6,"cobblemon:pink_apricorn":1,"minecraft:jungle_log":4,"minecraft:spruce_leaves":3,"cobblemon:blue_apricorn":1,"minecraft:iron_ore":5,"cobblemon:pink_mint":3,"minecraft:andesite":4,"minecraft:pumpkin":1,"minecraft:deepslate_lapis_ore":4,"cobblemon:medicinal_leek":2,"minecraft:deepslate_iron_ore":13,"cobblemon:yellow_apricorn":1,"minecraft:stone":52,"minecraft:mud_brick_slab":1,"minecraft:acacia_leaves":1,"cobblemon:revival_herb":1,"minecraft:powder_snow":1,"minecraft:torch":7,"cobblemon:blue_mint":3,"cobblemon:apricorn_leaves":243,"minecraft:melon":1,"minecraft:copper_ore":5,"minecraft:sugar_cane":2,"cobblemon:oran_berry":1,"minecraft:diorite":4,"minecraft:red_terracotta":4,"minecraft:blue_terracotta":3,"cobblemon:bluk_berry":1,"minecraft:birch_leaves":4,"cobblemon:persim_berry":4,"cobblemon:dusk_stone_ore":1,"minecraft:grass":15,"minecraft:coal_ore":33,"minecraft:oak_log":1,"minecraft:gravel":1,"minecraft:dirt":6,"minecraft:oak_leaves":23,"minecraft:deepslate":2},"minecraft:killed":{"minecraft:drowned":1},"minecraft:used":{"minecraft:blue_terracotta":2,"minecraft:chest":1,"minecraft:rotten_flesh":1,"minecraft:torch":23,"minecraft:dirt":8,"minecraft:jungle_log":1,"cobblemon:apricorn_planks":3,"minecraft:sweet_berries":6,"minecraft:goat_horn":10,"minecraft:furnace":1,"minecraft:egg":1,"minecraft:acacia_planks":4,"minecraft:cobbled_deepslate":2,"minecraft:acacia_boat":1,"minecraft:stone_pickaxe":132,"minecraft:wooden_pickaxe":21,"minecraft:sugar_cane":2,"minecraft:crafting_table":4,"cobblemon:white_apricorn_seed":1,"minecraft:oak_log":1,"cobblemon:green_apricorn_seed":1,"minecraft:bread":2,"minecraft:brown_wool":1,"minecraft:gravel":1,"minecraft:pink_bed":4,"minecraft:cobblestone":51,"minecraft:andesite":4},"minecraft:dropped":{"minecraft:wheat_seeds":1,"cobblemon:potion":1,"cobblemizer:friendship_add_uncommon":1,"minecraft:birch_sapling":1,"minecraft:filled_map":1},"minecraft:broken":{"minecraft:stone_pickaxe":1},"minecraft:crafted":{"cobblemon:apricorn_planks":20,"minecraft:furnace":1,"minecraft:stone_pickaxe":1,"minecraft:wooden_shovel":1,"minecraft:crafting_table":4,"minecraft:wooden_pickaxe":4,"minecraft:air":0,"minecraft:acacia_boat":1,"minecraft:jungle_planks":12,"minecraft:stick":12,"minecraft:iron_ingot":2,"minecraft:acacia_planks":24},"minecraft:picked_up":{"cobblemon:remedy":1,"minecraft:mud_brick_slab":1,"simple_backpack:backpack":3,"cobblemon:blue_mint_leaf":2,"cobblemon:yellow_apricorn":9,"cobblemon:red_apricorn":8,"minecraft:raw_copper":30,"cobblemon:revival_herb":3,"cobblemon:white_apricorn":6,"minecraft:oak_sign":2,"minecraft:cobbled_deepslate":2,"cobblemon:green_apricorn":5,"cobblemon:white_apricorn_seed":1,"cobblemon:oran_berry":40,"cobblemon:dusk_stone":1,"cobblemon:pep_up_flower":1,"minecraft:melon_slice":6,"minecraft:sugar_cane":14,"minecraft:chest":3,"minecraft:birch_sapling":1,"cobblemon:green_apricorn_seed":1,"minecraft:egg":1,"minecraft:stick":13,"minecraft:raw_iron":18,"cobblemon:apricorn_log":5,"minecraft:torch":197,"minecraft:acacia_log":11,"minecraft:porkchop":1,"rctmod:trainer_card":2,"cobblemon:never_melt_ice":2,"minecraft:goat_horn":1,"cobblemon:blue_mint_seeds":4,"minecraft:rotten_flesh":4,"cobblemon:pink_mint_leaf":1,"cobblemon:revive":29,"minecraft:carved_pumpkin":3,"cobblemon:blue_apricorn":15,"minecraft:snowball":1,"minecraft:cobblestone":94,"cobblemizer:iv_random":2,"cobblemon:great_ball":15,"minecraft:andesite":4,"minecraft:jungle_log":4,"minecraft:brown_wool":1,"minecraft:filled_map":1,"minecraft:oak_log":1,"minecraft:lapis_lazuli":24,"minecraft:dirt":150,"minecraft:acacia_planks":11,"minecraft:wheat_seeds":13,"cobblemon:black_apricorn":2,"cobblemon:potion":45,"minecraft:stone_pickaxe":1,"cobblemon:pink_mint_seeds":4,"minecraft:glass_bottle":4,"cobbledex:cobbledex_item":3,"cobblemizer:friendship_add_uncommon":7,"minecraft:pink_bed":6,"minecraft:pumpkin":1,"minecraft:sweet_berries":6,"cobblemizer:friendship_add_rare":3,"cobblemon:blue_apricorn_seed":1,"minecraft:gravel":1,"cobblemon:cheri_berry":25,"cobblemizer:friendship_add_epic":1,"cobblemon:persim_berry":44,"cobblemon:pink_apricorn":15,"minecraft:red_terracotta":3,"minecraft:blue_terracotta":2,"cobblemon:poke_ball":48,"minecraft:granite":3,"minecraft:bread":188,"cobblemon:chesto_berry":4,"cobblemon:medicinal_leek":5,"minecraft:oak_sapling":2,"minecraft:coal":37},"minecraft:killed_by":{"minecraft:player":1,"minecraft:creeper":1,"minecraft:skeleton":1,"minecraft:zombie":1},"minecraft:custom":{"minecraft:mob_kills":3,"minecraft:interact_with_crafting_table":9,"minecraft:leave_game":5,"minecraft:time_since_death":148244,"minecraft:climb_one_cm":5886,"minecraft:sprint_one_cm":536826,"minecraft:walk_one_cm":648996,"minecraft:drop":5,"minecraft:play_time":208818,"minecraft:deaths":4,"minecraft:sneak_time":1696,"minecraft:walk_under_water_one_cm":30808,"minecraft:boat_one_cm":116581,"minecraft:jump":2534,"minecraft:walk_on_water_one_cm":42886,"minecraft:total_world_time":208818,"minecraft:interact_with_furnace":17,"minecraft:sleep_in_bed":5,"minecraft:time_since_rest":124226,"minecraft:damage_taken":2667,"minecraft:damage_dealt":497,"minecraft:swim_one_cm":11817,"minecraft:fly_one_cm":271546,"minecraft:open_chest":8,"minecraft:crouch_one_cm":1808,"minecraft:fall_one_cm":51834}},"DataVersion":3465}