{"stats":{"minecraft:mined":{"minecraft:mud_brick_slab":1,"minecraft:acacia_leaves":1,"minecraft:pink_bed":4,"minecraft:jungle_leaves":1,"cobblemon:aspear_berry":2,"cobblemon:apricorn_log":5,"minecraft:powder_snow":1,"cobblemon:apricorn_leaves":238,"cobblemon:blue_mint":3,"minecraft:torch":3,"minecraft:granite":3,"cobblemon:pink_apricorn":1,"minecraft:acacia_log":6,"minecraft:grass_block":8,"minecraft:melon":1,"minecraft:copper_ore":5,"minecraft:spruce_leaves":1,"minecraft:sugar_cane":2,"cobblemon:oran_berry":1,"minecraft:red_terracotta":4,"minecraft:blue_terracotta":3,"cobblemon:bluk_berry":1,"minecraft:iron_ore":5,"minecraft:birch_leaves":1,"minecraft:pumpkin":1,"cobblemon:persim_berry":1,"cobblemon:medicinal_leek":1,"minecraft:grass":12,"minecraft:oak_log":1,"minecraft:coal_ore":26,"cobblemon:yellow_apricorn":1,"minecraft:gravel":1,"minecraft:stone":36,"minecraft:oak_leaves":17},"minecraft:killed":{"minecraft:drowned":1},"minecraft:used":{"minecraft:acacia_boat":1,"minecraft:blue_terracotta":2,"minecraft:stone_pickaxe":90,"minecraft:sugar_cane":2,"minecraft:rotten_flesh":1,"minecraft:torch":10,"minecraft:dirt":5,"minecraft:crafting_table":3,"minecraft:oak_log":1,"minecraft:bread":2,"minecraft:brown_wool":1,"minecraft:gravel":1,"minecraft:pink_bed":4,"minecraft:cobblestone":49,"minecraft:sweet_berries":6,"minecraft:goat_horn":10,"minecraft:egg":1,"minecraft:acacia_planks":4},"minecraft:dropped":{"minecraft:wheat_seeds":1,"cobblemon:potion":1,"cobblemizer:friendship_add_uncommon":1},"minecraft:crafted":{"minecraft:wooden_shovel":1,"minecraft:crafting_table":3,"cobblemon:apricorn_planks":8,"minecraft:acacia_boat":1,"minecraft:stick":12,"minecraft:stone_pickaxe":1,"minecraft:acacia_planks":24},"minecraft:picked_up":{"cobblemizer:iv_random":2,"cobblemon:remedy":1,"minecraft:mud_brick_slab":1,"simple_backpack:backpack":3,"cobblemon:great_ball":15,"cobblemon:yellow_apricorn":4,"cobblemon:blue_mint_leaf":2,"minecraft:brown_wool":1,"cobblemon:red_apricorn":1,"minecraft:oak_log":1,"minecraft:dirt":138,"minecraft:raw_copper":30,"cobblemon:white_apricorn":3,"minecraft:acacia_planks":11,"minecraft:oak_sign":2,"cobblemon:black_apricorn":1,"minecraft:wheat_seeds":13,"cobblemon:potion":45,"cobblemon:white_apricorn_seed":1,"minecraft:stone_pickaxe":1,"cobblemon:oran_berry":40,"minecraft:glass_bottle":4,"minecraft:melon_slice":6,"minecraft:sugar_cane":14,"minecraft:chest":3,"cobbledex:cobbledex_item":3,"minecraft:egg":1,"cobblemizer:friendship_add_uncommon":7,"minecraft:pink_bed":6,"minecraft:stick":12,"minecraft:raw_iron":5,"cobblemon:apricorn_log":5,"minecraft:pumpkin":1,"minecraft:sweet_berries":6,"cobblemizer:friendship_add_rare":3,"minecraft:torch":193,"minecraft:acacia_log":11,"minecraft:gravel":1,"cobblemon:cheri_berry":25,"minecraft:porkchop":1,"rctmod:trainer_card":2,"cobblemizer:friendship_add_epic":1,"cobblemon:persim_berry":44,"cobblemon:pink_apricorn":12,"minecraft:red_terracotta":3,"cobblemon:never_melt_ice":2,"minecraft:goat_horn":1,"cobblemon:blue_mint_seeds":4,"minecraft:blue_terracotta":2,"minecraft:rotten_flesh":4,"cobblemon:poke_ball":48,"cobblemon:revive":29,"minecraft:granite":3,"minecraft:carved_pumpkin":3,"minecraft:bread":188,"minecraft:oak_sapling":1,"cobblemon:medicinal_leek":3,"cobblemon:chesto_berry":4,"cobblemon:blue_apricorn":9,"minecraft:coal":30,"minecraft:snowball":1,"minecraft:cobblestone":80},"minecraft:killed_by":{"minecraft:player":1,"minecraft:skeleton":1,"minecraft:creeper":1,"minecraft:zombie":1},"minecraft:custom":{"minecraft:interact_with_furnace":13,"minecraft:mob_kills":3,"minecraft:interact_with_crafting_table":5,"minecraft:leave_game":4,"minecraft:time_since_death":93147,"minecraft:sleep_in_bed":5,"minecraft:climb_one_cm":5886,"minecraft:time_since_rest":69129,"minecraft:sprint_one_cm":274082,"minecraft:damage_taken":2486,"minecraft:walk_one_cm":452365,"minecraft:drop":3,"minecraft:damage_dealt":417,"minecraft:swim_one_cm":11817,"minecraft:fly_one_cm":166689,"minecraft:open_chest":5,"minecraft:crouch_one_cm":1806,"minecraft:play_time":153721,"minecraft:deaths":4,"minecraft:sneak_time":1692,"minecraft:walk_under_water_one_cm":29604,"minecraft:boat_one_cm":116581,"minecraft:jump":1749,"minecraft:walk_on_water_one_cm":31846,"minecraft:total_world_time":153721,"minecraft:fall_one_cm":37100}},"DataVersion":3465}