{"stats":{"minecraft:killed":{"minecraft:drowned":1},"minecraft:mined":{"minecraft:acacia_leaves":1,"minecraft:pink_bed":1,"cobblemon:persim_berry":1,"cobblemon:medicinal_leek":1,"minecraft:grass":8,"minecraft:acacia_log":5,"minecraft:grass_block":3,"cobblemon:oran_berry":1,"minecraft:sugar_cane":2},"minecraft:used":{"minecraft:bread":2,"minecraft:rotten_flesh":1,"minecraft:pink_bed":1,"minecraft:dirt":2,"minecraft:egg":1},"minecraft:picked_up":{"cobblemizer:iv_random":2,"minecraft:pink_bed":2,"cobblemon:great_ball":10,"simple_backpack:backpack":2,"minecraft:torch":129,"minecraft:acacia_log":10,"minecraft:dirt":75,"minecraft:rotten_flesh":3,"minecraft:oak_sign":2,"cobblemon:poke_ball":32,"minecraft:wheat_seeds":6,"cobblemon:revive":20,"cobblemon:potion":32,"minecraft:carved_pumpkin":2,"cobblemon:oran_berry":32,"minecraft:bread":126,"cobblemon:medicinal_leek":2,"minecraft:sugar_cane":8,"minecraft:chest":2,"cobblemon:blue_apricorn":4,"cobbledex:cobbledex_item":2,"minecraft:egg":1},"minecraft:killed_by":{"minecraft:skeleton":1,"minecraft:creeper":1,"minecraft:zombie":1},"minecraft:custom":{"minecraft:time_since_rest":5723,"minecraft:sprint_one_cm":28452,"minecraft:damage_taken":910,"minecraft:walk_one_cm":69505,"minecraft:mob_kills":1,"minecraft:damage_dealt":301,"minecraft:swim_one_cm":3742,"minecraft:fly_one_cm":31636,"minecraft:play_time":22597,"minecraft:deaths":3,"minecraft:sneak_time":86,"minecraft:walk_under_water_one_cm":1920,"minecraft:jump":227,"minecraft:leave_game":1,"minecraft:climb_one_cm":304,"minecraft:time_since_death":5672,"minecraft:walk_on_water_one_cm":8780,"minecraft:sleep_in_bed":1,"minecraft:total_world_time":22597,"minecraft:fall_one_cm":4670}},"DataVersion":3465}