{"stats":{"minecraft:dropped":{"minecraft:kelp":2,"minecraft:coal":1,"minecraft:diorite":3,"minecraft:andesite":5,"minecraft:beef":1},"minecraft:custom":{"minecraft:interact_with_furnace":11,"minecraft:mob_kills":3,"minecraft:interact_with_crafting_table":9,"minecraft:leave_game":12,"minecraft:time_since_death":64037,"minecraft:sleep_in_bed":1,"minecraft:climb_one_cm":282,"minecraft:time_since_rest":38777,"minecraft:sprint_one_cm":143307,"minecraft:damage_taken":996,"minecraft:walk_one_cm":83465,"minecraft:drop":6,"minecraft:damage_dealt":676,"minecraft:swim_one_cm":23818,"minecraft:fly_one_cm":212747,"minecraft:open_chest":18,"minecraft:crouch_one_cm":597,"minecraft:play_time":64037,"minecraft:sneak_time":1279,"minecraft:walk_under_water_one_cm":11024,"minecraft:boat_one_cm":107439,"minecraft:jump":1117,"minecraft:walk_on_water_one_cm":5528,"minecraft:total_world_time":64037,"minecraft:fall_one_cm":41977},"minecraft:mined":{"megamons:anistarite_rough_geode_block":2,"megamons:anistarite_geode_block":23,"minecraft:deepslate_diamond_ore":4,"minecraft:dandelion":1,"minecraft:crafting_table":4,"minecraft:granite":1,"minecraft:acacia_log":2,"minecraft:grass_block":2,"minecraft:deepslate_gold_ore":9,"minecraft:diorite":10,"minecraft:wall_torch":1,"minecraft:furnace":1,"minecraft:birch_log":10,"minecraft:iron_ore":28,"minecraft:suspicious_sand":1,"minecraft:birch_leaves":3,"minecraft:andesite":9,"cobblemon:medicinal_leek":4,"minecraft:grass":1,"cobblemon:deepslate_moon_stone_ore":4,"minecraft:coal_ore":1,"minecraft:deepslate_iron_ore":2,"minecraft:dripstone_block":10,"minecraft:gravel":26,"minecraft:dirt":4,"cobblemon:sun_stone_ore":2,"minecraft:stone":82,"minecraft:deepslate":94},"minecraft:picked_up":{"minecraft:birch_log":10,"minecraft:crafting_table":4,"cobblemon:ultra_ball":6,"minecraft:andesite":9,"cobblemon:yellow_apricorn":12,"minecraft:leather":1,"cobblemon:pinap_berry":27,"minecraft:birch_planks":10,"minecraft:flint":2,"megamons:anistarite_geode_block":23,"minecraft:string":1,"minecraft:dirt":6,"minecraft:kelp":2,"cobblemon:black_apricorn":11,"minecraft:raw_gold":9,"minecraft:beef":1,"cobblemon:oran_berry":22,"cobblemon:moon_stone":4,"minecraft:oak_planks":1,"minecraft:furnace":1,"cobblemon:sun_stone":2,"minecraft:raw_iron":30,"minecraft:birch_boat":3,"minecraft:torch":1,"minecraft:acacia_log":2,"cobblemon:cheri_berry":3,"minecraft:gravel":24,"minecraft:birch_stairs":1,"cobblemon:yellow_apricorn_seed":1,"minecraft:diorite":3,"minecraft:diamond":4,"cobblemon:medicinal_leek":8,"minecraft:mutton":4,"minecraft:coal":1,"minecraft:white_wool":2,"minecraft:cobblestone":75},"minecraft:killed":{"minecraft:sheep":2,"minecraft:cow":1},"minecraft:crafted":{"minecraft:wooden_shovel":1,"minecraft:crafting_table":1,"minecraft:wooden_pickaxe":1,"minecraft:birch_boat":1,"minecraft:furnace":1,"minecraft:birch_planks":40,"minecraft:air":0,"minecraft:flint_and_steel":1,"minecraft:stick":12,"minecraft:iron_ingot":21,"minecraft:iron_pickaxe":1,"minecraft:stone_pickaxe":1,"minecraft:wooden_axe":1,"minecraft:acacia_planks":8,"minecraft:torch":4,"cobblemon:ultra_ball":52},"minecraft:used":{"minecraft:stone_pickaxe":57,"minecraft:birch_boat":3,"minecraft:wooden_pickaxe":24,"minecraft:torch":1,"minecraft:dirt":6,"minecraft:crafting_table":4,"minecraft:wooden_axe":20,"minecraft:iron_pickaxe":221,"minecraft:gravel":14,"minecraft:furnace":1,"minecraft:andesite":4,"minecraft:birch_stairs":1}},"DataVersion":3465}