{"stats":{"minecraft:crafted":{"minecraft:oak_door":3,"minecraft:oak_planks":716,"minecraft:birch_boat":1,"cobblemon:apricorn_planks":80,"minecraft:furnace":1,"minecraft:glass_pane":16,"minecraft:glass":6,"rotomphonecobblemonfabric:rotom_phone":1,"minecraft:iron_boots":1,"minecraft:iron_axe":2,"minecraft:ladder":78,"minecraft:stone_pickaxe":1,"minecraft:chest":11,"minecraft:jungle_stairs":96,"minecraft:crossbow":1,"minecraft:wooden_shovel":2,"minecraft:crafting_table":3,"minecraft:wooden_pickaxe":1,"minecraft:iron_helmet":1,"minecraft:iron_sword":1,"minecraft:copper_ingot":6,"minecraft:bucket":1,"minecraft:birch_planks":36,"minecraft:stone_axe":1,"minecraft:jungle_planks":148,"minecraft:air":0,"minecraft:oak_boat":1,"minecraft:iron_chestplate":1,"minecraft:diamond_pickaxe":1,"minecraft:stick":204,"minecraft:compass":2,"minecraft:iron_ingot":74,"minecraft:iron_pickaxe":2,"minecraft:wooden_axe":1,"minecraft:iron_leggings":1,"minecraft:iron_shovel":13,"minecraft:gold_ingot":24,"cobblemon:ultra_ball":24},"minecraft:killed":{"minecraft:piglin_brute":4,"minecraft:piglin":11,"cobblemon:pokemon":8},"minecraft:killed_by":{"cobblemon:pokemon":2,"minecraft:piglin_brute":4},"minecraft:picked_up":{"minecraft:cocoa_beans":4,"cobblemon:leaf_stone":2,"minecraft:crafting_table":14,"simple_backpack:backpack":4,"minecraft:chicken":2,"minecraft:ladder":78,"cobblemon:yellow_apricorn":19,"cobblemon:red_apricorn":4,"minecraft:gold_block":2,"minecraft:amethyst_block":3,"cobblemon:wepear_berry":1,"minecraft:string":21,"minecraft:raw_copper":26,"minecraft:iron_axe":1,"minecraft:blackstone":5,"minecraft:cracked_stone_bricks":8,"minecraft:gold_nugget":319,"minecraft:cobbled_deepslate":141,"cobblemon:exp_candy_s":2,"cobblemon:oran_berry":6,"minecraft:oak_boat":5,"minecraft:rose_bush":1,"minecraft:calcite":3,"minecraft:jungle_sapling":1,"minecraft:poppy":3,"cobblemon:full_restore":2,"cobblemon:leftovers":2,"minecraft:chest":6,"minecraft:egg":1,"minecraft:furnace":2,"minecraft:stick":114,"minecraft:raw_iron":74,"cobblemon:apricorn_log":35,"cobblemon:pc":5,"minecraft:torch":118,"minecraft:polished_blackstone_bricks":7,"rctmod:trainer_card":1,"minecraft:diorite":1,"cobblemon:citrine_ball":2,"minecraft:carrot":2,"minecraft:redstone":27,"minecraft:rotten_flesh":5,"minecraft:jungle_stairs":9,"cobblemon:revive":16,"cobblemon:super_potion":4,"cobblemon:verdant_ball":3,"minecraft:obsidian":5,"cobblemon:repeat_ball":3,"cobblemon:blue_apricorn":43,"minecraft:cobblestone":53,"cobblemizer:iv_random":1,"minecraft:birch_log":9,"cobblemon:ancient_poke_ball":5,"cobblemon:great_ball":24,"cobblemon:ultra_ball":12,"minecraft:crimson_stem":2,"minecraft:glow_ink_sac":3,"minecraft:jungle_log":37,"minecraft:black_bed":3,"cobblemon:pinap_berry":1,"cobblemon:slate_ball":1,"minecraft:lily_pad":2,"minecraft:flint":1,"minecraft:tuff":12,"minecraft:oak_log":333,"minecraft:lapis_lazuli":34,"minecraft:dirt":1544,"rotomphonecobblemonfabric:rotom_phone":3,"minecraft:glass":3,"minecraft:apple":12,"minecraft:wheat_seeds":75,"cobblemon:black_apricorn":58,"cobblemon:exp_share":1,"minecraft:raw_gold":24,"cobblemon:potion":25,"minecraft:soul_sand":13,"cobblemon:nest_ball":1,"minecraft:oak_planks":53,"cobblemon:max_ether":4,"cobblemon:sun_stone":1,"cobblemon:red_apricorn_seed":1,"cobblemon:azure_ball":1,"minecraft:smooth_basalt":3,"minecraft:birch_boat":1,"cobblemon:black_apricorn_seed":5,"cobblemon:premier_ball":1,"cobblemon:fire_stone":4,"cobblemon:blue_apricorn_seed":6,"minecraft:gravel":4,"minecraft:sand":19,"cobblemon:yellow_apricorn_seed":4,"minecraft:amethyst_shard":4,"cobblemon:shuca_berry":1,"cobblemon:healing_machine":3,"minecraft:diamond":1,"cobblemon:poke_ball":25,"minecraft:cracked_polished_blackstone_bricks":2,"cobblemon:choice_scarf":1,"minecraft:crossbow":2,"minecraft:golden_apple":2,"minecraft:emerald":2,"minecraft:bread":128,"minecraft:oak_sapling":73,"minecraft:netherrack":363,"minecraft:coal":28,"minecraft:crimson_roots":3},"minecraft:used":{"minecraft:iron_shovel":1701,"minecraft:flint_and_steel":1,"minecraft:poppy":3,"minecraft:ladder":16,"minecraft:chest":17,"minecraft:stone":18,"minecraft:iron_sword":72,"minecraft:netherrack":351,"minecraft:oak_door":2,"minecraft:torch":118,"minecraft:soul_sand":13,"minecraft:dirt":1461,"minecraft:tuff":10,"minecraft:obsidian":10,"minecraft:jungle_sapling":1,"minecraft:wooden_axe":6,"minecraft:iron_axe":492,"cobblemon:pc":5,"minecraft:golden_carrot":17,"minecraft:oak_sapling":70,"minecraft:furnace":2,"minecraft:cobbled_deepslate":131,"minecraft:calcite":3,"minecraft:water_bucket":22,"minecraft:diorite":1,"minecraft:birch_planks":6,"minecraft:stone_pickaxe":131,"minecraft:oak_planks":569,"minecraft:birch_boat":2,"minecraft:wooden_pickaxe":9,"minecraft:crafting_table":15,"cobblemon:yellow_apricorn_seed":4,"cobblemon:black_apricorn_seed":4,"minecraft:crossbow":6,"minecraft:sponge":7,"minecraft:black_bed":3,"cobblemon:healing_machine":1,"minecraft:diamond_pickaxe":594,"minecraft:apple":7,"minecraft:bread":91,"minecraft:iron_pickaxe":439,"minecraft:jungle_stairs":42,"minecraft:gravel":2,"minecraft:stone_axe":3,"minecraft:cobblestone":21,"minecraft:cooked_porkchop":1,"minecraft:bucket":23,"minecraft:oak_boat":5,"minecraft:golden_pickaxe":32,"cobblemon:blue_apricorn_seed":3},"minecraft:custom":{"minecraft:interact_with_smithing_table":1,"minecraft:mob_kills":30,"minecraft:interact_with_crafting_table":38,"minecraft:open_barrel":18,"minecraft:leave_game":1,"minecraft:time_since_death":5113,"minecraft:climb_one_cm":11106,"minecraft:sprint_one_cm":1430468,"minecraft:walk_one_cm":579481,"minecraft:drop":68,"minecraft:talked_to_villager":17,"minecraft:play_time":425460,"minecraft:deaths":9,"minecraft:sneak_time":40667,"minecraft:walk_under_water_one_cm":27110,"minecraft:boat_one_cm":260793,"minecraft:jump":7788,"minecraft:walk_on_water_one_cm":41055,"minecraft:total_world_time":425460,"minecraft:interact_with_furnace":19,"minecraft:interact_with_loom":2,"minecraft:sleep_in_bed":3,"minecraft:time_since_rest":5257,"minecraft:damage_taken":7859,"minecraft:damage_dealt":5800,"minecraft:swim_one_cm":189443,"minecraft:fly_one_cm":1503609,"minecraft:open_chest":63,"minecraft:crouch_one_cm":181336,"minecraft:open_loot_ball":40,"minecraft:interact_with_smoker":1,"minecraft:fall_one_cm":261645},"minecraft:mined":{"minecraft:nether_gold_ore":76,"cobblemon:healing_machine":2,"minecraft:tuff":13,"minecraft:oak_sapling":1,"minecraft:dark_oak_leaves":4,"minecraft:deepslate_diamond_ore":1,"minecraft:sculk_vein":1,"minecraft:jungle_leaves":1,"cobblemon:pc":4,"cobblemon:apricorn_log":30,"minecraft:obsidian":5,"minecraft:ladder":1,"minecraft:granite":4,"minecraft:grass_block":951,"minecraft:crimson_roots":3,"minecraft:jungle_log":37,"minecraft:cracked_polished_blackstone_bricks":4,"minecraft:crimson_stem":2,"minecraft:spawner":1,"minecraft:polished_blackstone_bricks":7,"minecraft:weeping_vines_plant":1,"minecraft:redstone_ore":3,"minecraft:sculk_catalyst":2,"minecraft:furnace":2,"minecraft:iron_ore":34,"minecraft:fire":3,"minecraft:cobbled_deepslate":2,"minecraft:andesite":11,"minecraft:deepslate_lapis_ore":4,"minecraft:gold_block":2,"minecraft:vine":5,"minecraft:deepslate_iron_ore":40,"minecraft:small_amethyst_bud":1,"cobblemon:nether_fire_stone_ore":4,"minecraft:stone":54,"minecraft:player_head":1,"minecraft:deepslate_redstone_ore":3,"minecraft:blackstone":5,"minecraft:soul_sand":13,"minecraft:medium_amethyst_bud":1,"minecraft:amethyst_cluster":1,"cobblemon:leaf_stone_ore":2,"minecraft:torch":29,"minecraft:crafting_table":14,"cobblemon:apricorn_leaves":10,"minecraft:jungle_stairs":10,"minecraft:emerald_ore":1,"minecraft:calcite":3,"minecraft:chest":6,"minecraft:rose_bush":3,"minecraft:copper_ore":7,"minecraft:deepslate_gold_ore":20,"minecraft:lapis_ore":1,"minecraft:oak_planks":52,"minecraft:sculk":53,"minecraft:diorite":1,"cobblemon:relic_coin_pouch":1,"minecraft:wall_torch":28,"minecraft:amethyst_block":3,"cobblemon:yellow_apricorn_sapling":1,"minecraft:birch_log":9,"minecraft:birch_leaves":17,"minecraft:black_bed":2,"minecraft:mangrove_leaves":2,"minecraft:grass":256,"minecraft:coal_ore":18,"minecraft:oak_log":182,"minecraft:cocoa":1,"minecraft:dirt":525,"minecraft:gravel":25,"minecraft:sand":14,"minecraft:cobweb":22,"minecraft:smooth_basalt":3,"minecraft:cracked_stone_bricks":10,"cobblemon:sun_stone_ore":1,"minecraft:stone_bricks":1,"minecraft:netherrack":562,"minecraft:gold_ore":4,"minecraft:oak_leaves":73,"minecraft:deepslate":206,"minecraft:fern":9},"minecraft:broken":{"minecraft:iron_shovel":5,"minecraft:stone_pickaxe":1,"minecraft:iron_axe":2,"minecraft:iron_pickaxe":1,"minecraft:golden_pickaxe":1},"minecraft:dropped":{"minecraft:crimson_stem":2,"minecraft:bread":1,"cobblemon:pinap_berry":1,"simple_backpack:backpack":2,"minecraft:wheat_seeds":74,"minecraft:glow_ink_sac":3,"cobblemon:potion":2,"minecraft:apple":3,"minecraft:amethyst_block":3,"minecraft:jungle_planks":4,"minecraft:coal":10,"cobblemon:oran_berry":2,"minecraft:stick":43,"minecraft:cracked_polished_blackstone_bricks":1,"rotomphonecobblemonfabric:rotom_phone":2,"minecraft:dirt":67,"minecraft:sponge":1,"minecraft:crimson_roots":1,"minecraft:wooden_axe":1,"minecraft:rose_bush":1,"minecraft:iron_axe":1,"minecraft:sand":5,"minecraft:polished_blackstone_bricks":3,"minecraft:lily_pad":1,"cobblemon:red_apricorn":1,"minecraft:smooth_basalt":3,"minecraft:oak_door":1,"minecraft:gravel":2,"cobblemon:wepear_berry":1,"minecraft:cobbled_deepslate":10,"minecraft:cocoa_beans":4,"minecraft:tuff":2,"minecraft:rotten_flesh":5,"minecraft:oak_planks":4,"minecraft:carrot":2,"minecraft:stone":1,"cobblemon:shuca_berry":1,"minecraft:jungle_stairs":63,"minecraft:oak_sapling":2,"minecraft:ladder":140,"cobblemon:citrine_ball":1,"minecraft:wooden_pickaxe":1,"minecraft:egg":1}},"DataVersion":3465}