{"stats":{"minecraft:dropped":{"pixelmon:aluminium_ingot":1,"minecraft:spruce_planks":3,"pixelmon:curry_bone":1,"minecraft:rotten_flesh":1,"pixelmon:oven":1},"minecraft:crafted":{"minecraft:crafting_table":1,"minecraft:spruce_planks":12,"pixelmon:poke_ball":1,"minecraft:spruce_boat":1},"minecraft:picked_up":{"pixelmon:poke_ball_lid":1,"pixelmon:black_apricorn":1,"minecraft:stick":6,"minecraft:crafting_table":1,"minecraft:sweet_berries":14,"pixelmon:red_trade_machine":1,"minecraft:torch":8,"minecraft:stone_button":1,"pixelmon:iron_base":1,"pixelmon:aluminium_ingot":2,"minecraft:spruce_sapling":4,"pixelmon:fridge":1,"minecraft:white_bed":1,"minecraft:spruce_log":9,"minecraft:carrot":3,"byg:pine_sapling":1,"pixelmon:tm8_blank":1,"minecraft:rotten_flesh":1,"minecraft:spruce_boat":1,"minecraft:spruce_planks":3,"pixelmon:red_pc":2,"pixelmon:oven":1,"pixelmon:fossil_display":1},"minecraft:mined":{"minecraft:tall_seagrass":1,"minecraft:white_bed":1,"minecraft:carrots":1,"minecraft:sweet_berry_bush":1,"pixelmon:fridge":1,"minecraft:spruce_log":9,"minecraft:crafting_table":1,"pixelmon:red_healer":1,"minecraft:torch":3,"pixelmon:oven":1,"minecraft:spruce_leaves":49,"minecraft:wall_torch":4},"minecraft:custom":{"minecraft:time_since_rest":58369,"minecraft:interact_with_furnace":1,"minecraft:sprint_one_cm":239855,"minecraft:damage_taken":528,"minecraft:walk_one_cm":152756,"minecraft:drop":5,"minecraft:swim_one_cm":106533,"minecraft:interact_with_crafting_table":1,"minecraft:fly_one_cm":190985,"minecraft:open_barrel":64,"minecraft:open_chest":62,"minecraft:crouch_one_cm":298,"minecraft:play_one_minute":58369,"minecraft:sneak_time":457,"minecraft:walk_under_water_one_cm":7845,"minecraft:boat_one_cm":48602,"minecraft:jump":974,"minecraft:leave_game":1,"minecraft:walk_on_water_one_cm":3281,"minecraft:time_since_death":58369,"minecraft:climb_one_cm":4250,"minecraft:fall_one_cm":25973},"minecraft:used":{"minecraft:spruce_boat":1,"minecraft:bread":15,"minecraft:stone_pickaxe":8,"pixelmon:pink_pc":1,"pixelmon:red_pc":1,"minecraft:stone_axe":11,"minecraft:torch":19,"minecraft:sweet_berries":5,"minecraft:crafting_table":1,"minecraft:carrot":7}},"DataVersion":2586}