{"stats":{"minecraft:dropped":{"minecraft:bread":53,"pixelmon:aluminium_ingot":2,"minecraft:spruce_planks":6,"pixelmon:curry_bone":1,"minecraft:rotten_flesh":1,"minecraft:string":3,"pixelmon:oven":1},"minecraft:crafted":{"minecraft:crafting_table":1,"minecraft:spruce_planks":12,"pixelmon:poke_ball":1,"minecraft:spruce_boat":1},"minecraft:picked_up":{"pixelmon:poke_ball_lid":1,"pixelmon:black_apricorn":1,"minecraft:stick":6,"minecraft:crafting_table":1,"minecraft:sweet_berries":14,"pixelmon:red_trade_machine":1,"minecraft:torch":9,"pixelmon:poke_ball":3,"minecraft:sand":2,"minecraft:stone_button":1,"pixelmon:iron_base":1,"pixelmon:aluminium_ingot":3,"minecraft:spruce_sapling":4,"pixelmon:fridge":1,"minecraft:white_bed":1,"minecraft:spruce_log":9,"minecraft:carrot":124,"minecraft:string":3,"byg:pine_sapling":1,"pixelmon:tm8_blank":1,"minecraft:rotten_flesh":1,"minecraft:spruce_boat":1,"minecraft:spruce_planks":3,"minecraft:cobweb":1,"pixelmon:red_pc":2,"pixelmon:oven":1,"minecraft:bread":53,"pixelmon:revive":4,"pixelmon:fossil_display":1},"minecraft:mined":{"minecraft:tall_seagrass":1,"minecraft:white_bed":1,"minecraft:carrots":35,"minecraft:sea_pickle":1,"minecraft:sweet_berry_bush":1,"pixelmon:fridge":1,"minecraft:spruce_log":9,"minecraft:crafting_table":1,"pixelmon:red_healer":1,"minecraft:torch":4,"minecraft:sand":4,"pixelmon:oven":1,"minecraft:spruce_leaves":49,"minecraft:wall_torch":4,"minecraft:spawner":1},"minecraft:custom":{"minecraft:time_since_rest":76895,"minecraft:interact_with_furnace":1,"minecraft:sprint_one_cm":309252,"minecraft:damage_taken":657,"minecraft:walk_one_cm":187285,"minecraft:drop":9,"minecraft:damage_dealt":0,"minecraft:swim_one_cm":209446,"minecraft:interact_with_crafting_table":1,"minecraft:fly_one_cm":293630,"minecraft:open_barrel":74,"minecraft:open_chest":74,"minecraft:crouch_one_cm":298,"minecraft:play_one_minute":76895,"minecraft:sneak_time":465,"minecraft:walk_under_water_one_cm":11179,"minecraft:boat_one_cm":48602,"minecraft:jump":1365,"minecraft:leave_game":2,"minecraft:walk_on_water_one_cm":4458,"minecraft:time_since_death":76895,"minecraft:climb_one_cm":6161,"minecraft:fall_one_cm":38660},"minecraft:used":{"minecraft:spruce_boat":1,"minecraft:bread":21,"minecraft:stone_pickaxe":10,"pixelmon:pink_pc":1,"pixelmon:red_pc":1,"minecraft:stone_axe":12,"minecraft:torch":20,"minecraft:sweet_berries":5,"minecraft:crafting_table":1,"minecraft:carrot":7}},"DataVersion":2586}