{"stats":{"minecraft:dropped":{"pixelmon:aluminium_ingot":1,"pixelmon:curry_bone":1,"minecraft:rotten_flesh":1,"pixelmon:oven":1},"minecraft:crafted":{"minecraft:crafting_table":1,"minecraft:spruce_planks":12,"minecraft:spruce_boat":1},"minecraft:picked_up":{"pixelmon:black_apricorn":1,"minecraft:stick":6,"minecraft:crafting_table":1,"minecraft:sweet_berries":14,"pixelmon:red_trade_machine":1,"minecraft:torch":6,"pixelmon:aluminium_ingot":2,"minecraft:spruce_sapling":4,"pixelmon:fridge":1,"minecraft:white_bed":1,"minecraft:spruce_log":9,"minecraft:carrot":3,"byg:pine_sapling":1,"pixelmon:tm8_blank":1,"minecraft:rotten_flesh":1,"minecraft:spruce_boat":1,"pixelmon:red_pc":2,"pixelmon:oven":1,"pixelmon:fossil_display":1},"minecraft:mined":{"minecraft:tall_seagrass":1,"minecraft:white_bed":1,"minecraft:carrots":1,"minecraft:sweet_berry_bush":1,"pixelmon:fridge":1,"minecraft:spruce_log":9,"minecraft:crafting_table":1,"pixelmon:red_healer":1,"minecraft:torch":2,"pixelmon:oven":1,"minecraft:spruce_leaves":49,"minecraft:wall_torch":3},"minecraft:custom":{"minecraft:time_since_rest":46369,"minecraft:interact_with_furnace":1,"minecraft:sprint_one_cm":208926,"minecraft:damage_taken":498,"minecraft:walk_one_cm":119713,"minecraft:drop":4,"minecraft:swim_one_cm":106533,"minecraft:interact_with_crafting_table":1,"minecraft:fly_one_cm":163722,"minecraft:open_barrel":64,"minecraft:open_chest":60,"minecraft:crouch_one_cm":298,"minecraft:play_one_minute":46369,"minecraft:sneak_time":457,"minecraft:walk_under_water_one_cm":7845,"minecraft:boat_one_cm":48602,"minecraft:jump":813,"minecraft:leave_game":1,"minecraft:walk_on_water_one_cm":3281,"minecraft:time_since_death":46369,"minecraft:climb_one_cm":4250,"minecraft:fall_one_cm":21675},"minecraft:used":{"minecraft:spruce_boat":1,"minecraft:bread":12,"minecraft:stone_pickaxe":8,"pixelmon:pink_pc":1,"pixelmon:red_pc":1,"minecraft:stone_axe":11,"minecraft:torch":17,"minecraft:sweet_berries":5,"minecraft:crafting_table":1,"minecraft:carrot":7}},"DataVersion":2586}