{"stats":{"minecraft:picked_up":{"pixelmon:black_apricorn":1,"minecraft:stick":3,"minecraft:sweet_berries":14,"minecraft:torch":3,"pixelmon:oven":1,"pixelmon:aluminium_ingot":1,"minecraft:spruce_sapling":4,"minecraft:carrot":3,"minecraft:spruce_log":9,"minecraft:white_bed":1,"pixelmon:fridge":1},"minecraft:mined":{"minecraft:white_bed":1,"minecraft:carrots":1,"minecraft:sweet_berry_bush":1,"pixelmon:oven":1,"pixelmon:fridge":1,"minecraft:spruce_leaves":49,"minecraft:spruce_log":9,"minecraft:wall_torch":1,"pixelmon:red_healer":1,"minecraft:torch":2},"minecraft:custom":{"minecraft:open_barrel":40,"minecraft:open_chest":31,"minecraft:time_since_rest":22369,"minecraft:play_one_minute":22369,"minecraft:crouch_one_cm":298,"minecraft:interact_with_furnace":1,"minecraft:sprint_one_cm":135269,"minecraft:damage_taken":328,"minecraft:walk_one_cm":51249,"minecraft:sneak_time":176,"minecraft:walk_under_water_one_cm":84,"minecraft:jump":525,"minecraft:leave_game":1,"minecraft:time_since_death":22369,"minecraft:walk_on_water_one_cm":1256,"minecraft:climb_one_cm":1240,"minecraft:fall_one_cm":16407,"minecraft:fly_one_cm":109579},"minecraft:used":{"minecraft:stone_axe":10,"minecraft:torch":6,"minecraft:sweet_berries":5,"minecraft:carrot":7,"minecraft:bread":8,"minecraft:stone_pickaxe":4}},"DataVersion":2586}