{"stats":{"minecraft:crafted":{"minecraft:oak_planks":24,"minecraft:crafting_table":1,"minecraft:stick":4,"minecraft:wooden_axe":1},"minecraft:used":{"minecraft:dark_oak_hanging_sign":1,"minecraft:stone_pickaxe":49,"minecraft:dark_oak_sign":1,"minecraft:chest":4,"minecraft:warped_sign":1,"minecraft:torch":32,"minecraft:dirt":36,"minecraft:crafting_table":1,"cobblemon:healing_machine":5,"minecraft:birch_fence":44,"minecraft:oak_log":17,"minecraft:mud":2,"minecraft:wooden_axe":13,"minecraft:cherry_hanging_sign":3,"minecraft:lantern":4,"minecraft:cherry_sign":1,"minecraft:crimson_sign":1,"cobblemon:pc":3,"minecraft:stone_axe":1,"minecraft:pink_bed":1,"minecraft:cobblestone":26,"minecraft:hay_block":1,"minecraft:purple_bed":1,"minecraft:andesite":1,"minecraft:chain":5,"minecraft:egg":3},"minecraft:custom":{"minecraft:interact_with_crafting_table":1,"minecraft:leave_game":7,"minecraft:time_since_death":160638,"minecraft:sleep_in_bed":3,"minecraft:climb_one_cm":3875,"minecraft:time_since_rest":43946,"minecraft:sprint_one_cm":441374,"minecraft:damage_taken":1000,"minecraft:walk_one_cm":241161,"minecraft:drop":18,"minecraft:damage_dealt":210,"minecraft:talked_to_villager":3,"minecraft:swim_one_cm":91885,"minecraft:fly_one_cm":789829,"minecraft:open_chest":77,"minecraft:crouch_one_cm":993,"minecraft:play_time":160638,"minecraft:sneak_time":654,"minecraft:walk_under_water_one_cm":6654,"minecraft:jump":3405,"minecraft:open_loot_ball":33,"minecraft:walk_on_water_one_cm":30010,"minecraft:total_world_time":160638,"minecraft:fall_one_cm":110755},"minecraft:dropped":{"minecraft:sweet_berries":5,"minecraft:wheat_seeds":10,"minecraft:mangrove_roots":1,"minecraft:mangrove_propagule":2,"minecraft:light_blue_wool":1,"minecraft:oak_sapling":1},"minecraft:mined":{"cobblemon:healing_machine":5,"minecraft:acacia_leaves":1,"minecraft:pink_bed":1,"minecraft:mangrove_roots":1,"cobblemon:pc":3,"minecraft:powder_snow":6,"minecraft:crafting_table":1,"minecraft:torch":11,"minecraft:blast_furnace":1,"minecraft:grass_block":19,"minecraft:tall_grass":10,"minecraft:mangrove_propagule":1,"cobblemon:relic_coin_pouch":3,"minecraft:hay_block":1,"minecraft:purple_bed":1,"minecraft:mud":2,"minecraft:grass":99,"minecraft:coal_ore":6,"minecraft:oak_log":16,"minecraft:vine":1,"minecraft:dirt":18,"minecraft:stone":30,"minecraft:oak_leaves":9,"minecraft:fern":13},"minecraft:picked_up":{"minecraft:mud":2,"minecraft:crafting_table":1,"cobblemon:ultra_ball":1,"minecraft:chicken":1,"minecraft:oak_log":16,"minecraft:dirt":36,"minecraft:apple":2,"minecraft:wheat_seeds":17,"cobblemon:oran_berry":20,"cobblemon:relic_coin":52,"minecraft:egg":3,"minecraft:pink_bed":2,"minecraft:stick":2,"cobblemon:pc":3,"minecraft:sweet_berries":5,"minecraft:torch":11,"minecraft:blast_furnace":1,"cobblemon:healing_machine":5,"minecraft:purple_bed":1,"minecraft:light_blue_wool":1,"cobblemon:poke_ball":5,"minecraft:hay_block":1,"minecraft:mangrove_roots":1,"minecraft:oak_sapling":3,"minecraft:coal":6,"minecraft:mangrove_propagule":2,"minecraft:cobblestone":30}},"DataVersion":3465}