{"stats":{"minecraft:killed":{"minecraft:spider":1,"minecraft:skeleton":1,"minecraft:zombie":5},"minecraft:dropped":{"minecraft:furnace":1,"minecraft:stone_axe":1,"minecraft:wheat_seeds":1,"minecraft:glass_bottle":7,"minecraft:raw_iron":2,"minecraft:feather":1,"minecraft:rotten_flesh":2,"cobblemon:potion":16,"cobbledex:cobbledex_item":2,"minecraft:torch":8,"minecraft:mutton":2,"minecraft:carved_pumpkin":1,"minecraft:arrow":1,"minecraft:stone_pickaxe":1,"cobblemizer:iv_random":1,"minecraft:white_wool":2,"minecraft:bone":2},"minecraft:killed_by":{"cobblemon:pokemon":5},"minecraft:custom":{"minecraft:mob_kills":7,"minecraft:interact_with_crafting_table":4,"minecraft:leave_game":1,"minecraft:time_since_death":60306,"minecraft:sleep_in_bed":12,"minecraft:climb_one_cm":2873,"minecraft:time_since_rest":9315,"minecraft:sprint_one_cm":413944,"minecraft:damage_taken":2898,"minecraft:walk_one_cm":199127,"minecraft:drop":18,"minecraft:damage_dealt":1446,"minecraft:swim_one_cm":104067,"minecraft:talked_to_villager":7,"minecraft:fly_one_cm":689469,"minecraft:open_chest":41,"minecraft:crouch_one_cm":811,"minecraft:play_time":161429,"minecraft:deaths":5,"minecraft:sneak_time":1868,"minecraft:walk_under_water_one_cm":24751,"minecraft:jump":2675,"minecraft:walk_on_water_one_cm":27089,"minecraft:total_world_time":161429,"minecraft:fall_one_cm":71715},"minecraft:used":{"minecraft:acacia_log":1,"minecraft:oak_planks":4,"minecraft:oak_sign":3,"minecraft:chest":4,"minecraft:wooden_pickaxe":1,"minecraft:torch":20,"minecraft:dirt":1,"minecraft:crafting_table":2,"minecraft:dark_oak_planks":2,"minecraft:wooden_axe":18,"minecraft:grass_block":1,"minecraft:bread":32,"cobblemon:pc":1,"minecraft:stone_axe":2,"minecraft:purple_bed":8,"minecraft:egg":1},"minecraft:picked_up":{"minecraft:wooden_axe":1,"cobblemon:remedy":2,"minecraft:crafting_table":4,"minecraft:feather":6,"cobblemon:great_ball":18,"minecraft:chicken":9,"minecraft:clay_ball":4,"minecraft:oak_log":5,"minecraft:dirt":4,"cobblemon:passho_berry":28,"minecraft:bone":10,"minecraft:wheat_seeds":1,"cobblemon:potion":21,"minecraft:rabbit_hide":3,"minecraft:stone_pickaxe":1,"cobblemon:oran_berry":143,"cobblemon:relic_coin":13,"minecraft:glass_bottle":13,"minecraft:rabbit":3,"minecraft:sugar_cane":44,"minecraft:oak_planks":6,"cobbledex:cobbledex_item":4,"simpletms:tr_mudslap":3,"minecraft:furnace":1,"minecraft:egg":1,"minecraft:stick":6,"minecraft:raw_iron":2,"minecraft:torch":187,"minecraft:acacia_log":1,"cobblemon:persim_berry":34,"minecraft:arrow":4,"minecraft:purple_bed":9,"minecraft:rotten_flesh":13,"cobblemon:poke_ball":45,"minecraft:stone_axe":2,"cobblemon:revive":13,"minecraft:carved_pumpkin":4,"minecraft:bread":70,"minecraft:mutton":2,"cobblemon:blue_apricorn":9,"minecraft:white_wool":2,"cobblemizer:iv_random":4},"minecraft:crafted":{"minecraft:oak_planks":20,"minecraft:crafting_table":2,"minecraft:wooden_pickaxe":1,"minecraft:stick":4,"minecraft:wooden_axe":1,"minecraft:dark_oak_planks":20},"minecraft:mined":{"minecraft:acacia_leaves":1,"minecraft:powder_snow":3,"minecraft:crafting_table":1,"minecraft:torch":8,"minecraft:acacia_log":1,"minecraft:grass_block":3,"minecraft:chest":1,"minecraft:sugar_cane":8,"cobblemon:relic_coin_pouch":2,"minecraft:wall_torch":1,"minecraft:purple_bed":8,"minecraft:ice":1,"minecraft:grass":9,"minecraft:oak_log":5,"minecraft:dirt":2,"minecraft:packed_ice":2,"minecraft:oak_leaves":11}},"DataVersion":3465}