{"stats":{"minecraft:crafted":{"minecraft:oak_planks":24,"minecraft:crafting_table":1,"minecraft:stick":4,"minecraft:wooden_axe":1},"minecraft:used":{"minecraft:dark_oak_hanging_sign":1,"minecraft:dark_oak_sign":1,"minecraft:stone_pickaxe":133,"minecraft:chest":4,"minecraft:warped_sign":1,"minecraft:torch":37,"minecraft:dirt":48,"minecraft:crafting_table":1,"cobblemon:healing_machine":8,"minecraft:birch_fence":44,"minecraft:oak_log":17,"minecraft:mud":2,"minecraft:wooden_axe":13,"minecraft:cherry_hanging_sign":3,"minecraft:lantern":4,"minecraft:iron_pickaxe":12,"minecraft:cherry_sign":1,"minecraft:stone_axe":1,"cobblemon:pc":6,"minecraft:crimson_sign":1,"minecraft:pink_bed":1,"minecraft:cobblestone":42,"minecraft:hay_block":1,"minecraft:purple_bed":2,"minecraft:andesite":8,"minecraft:chain":5,"minecraft:egg":5},"minecraft:custom":{"minecraft:interact_with_crafting_table":1,"minecraft:leave_game":8,"minecraft:time_since_death":232465,"minecraft:sleep_in_bed":4,"minecraft:climb_one_cm":5688,"minecraft:time_since_rest":50179,"minecraft:sprint_one_cm":563121,"minecraft:damage_taken":1470,"minecraft:walk_one_cm":330022,"minecraft:drop":25,"minecraft:damage_dealt":220,"minecraft:swim_one_cm":97520,"minecraft:talked_to_villager":3,"minecraft:fly_one_cm":931471,"minecraft:open_chest":77,"minecraft:crouch_one_cm":1950,"minecraft:play_time":232465,"minecraft:sneak_time":989,"minecraft:walk_under_water_one_cm":7154,"minecraft:jump":4254,"minecraft:open_loot_ball":37,"minecraft:walk_on_water_one_cm":32612,"minecraft:total_world_time":232465,"minecraft:fall_one_cm":143155},"minecraft:dropped":{"minecraft:sweet_berries":5,"minecraft:wheat_seeds":12,"minecraft:mangrove_roots":1,"minecraft:glass_bottle":1,"minecraft:mangrove_propagule":2,"minecraft:chicken":1,"minecraft:feather":1,"minecraft:dirt":2,"minecraft:light_blue_wool":1,"minecraft:rabbit":1,"minecraft:oak_sapling":1},"minecraft:mined":{"cobblemon:healing_machine":7,"minecraft:acacia_leaves":1,"minecraft:pink_bed":1,"minecraft:mangrove_roots":1,"cobblemon:pc":5,"minecraft:powder_snow":10,"megamons:crystal_shiny_stone_ore":1,"minecraft:clay":3,"minecraft:crafting_table":1,"minecraft:torch":15,"minecraft:granite":1,"minecraft:blast_furnace":1,"minecraft:grass_block":31,"megamons:crystal_fire_stone_ore":1,"minecraft:tall_grass":10,"minecraft:spruce_leaves":6,"megamons:crystal_moon_stone_ore":1,"megamons:crystal_dusk_stone_ore":1,"minecraft:moss_block":5,"minecraft:mangrove_propagule":1,"cobblemon:relic_coin_pouch":3,"minecraft:wall_torch":1,"minecraft:hay_block":1,"minecraft:purple_bed":2,"minecraft:mud":2,"minecraft:iron_ore":8,"minecraft:andesite":7,"minecraft:grass":108,"minecraft:coal_ore":6,"minecraft:oak_log":16,"minecraft:vine":1,"megamons:crystal_ice_stone_ore":1,"minecraft:dirt":27,"minecraft:stone":91,"minecraft:oak_leaves":35,"megamons:crystal_thunder_stone_ore":2,"minecraft:fern":13},"minecraft:broken":{"minecraft:stone_pickaxe":1},"minecraft:picked_up":{"minecraft:mud":2,"minecraft:crafting_table":1,"minecraft:feather":1,"cobblemon:ultra_ball":2,"minecraft:chicken":2,"minecraft:clay_ball":12,"minecraft:andesite":7,"minecraft:potion":1,"minecraft:mushroom_stew":1,"minecraft:oak_log":16,"minecraft:dirt":57,"minecraft:apple":2,"minecraft:wheat_seeds":19,"minecraft:rabbit_hide":1,"cobblemon:oran_berry":20,"cobblemon:relic_coin":52,"cobblemon:thunder_stone":2,"cobblemon:dusk_stone":1,"minecraft:rabbit":1,"cobblemon:moon_stone":1,"minecraft:moss_block":5,"minecraft:raw_iron":8,"minecraft:egg":5,"minecraft:pink_bed":2,"minecraft:stick":5,"cobblemon:pc":5,"minecraft:sweet_berries":5,"minecraft:torch":16,"cobblemon:fire_stone":1,"cobblemon:shiny_stone":1,"minecraft:blast_furnace":1,"cobblemon:healing_machine":7,"minecraft:purple_bed":2,"minecraft:light_blue_wool":1,"cobblemon:poke_ball":7,"minecraft:hay_block":1,"minecraft:granite":1,"cobblemon:ice_stone":1,"minecraft:emerald":1,"minecraft:mangrove_roots":1,"minecraft:oak_sapling":3,"minecraft:coal":6,"minecraft:mangrove_propagule":2,"minecraft:cobblestone":91}},"DataVersion":3465}