{"stats":{"minecraft:killed":{"minecraft:skeleton":1,"minecraft:zombie":5},"minecraft:dropped":{"cobbledex:cobbledex_item":2,"minecraft:stone_axe":1,"minecraft:furnace":1,"minecraft:wheat_seeds":1,"minecraft:torch":8,"minecraft:mutton":2,"minecraft:raw_iron":2,"minecraft:feather":1,"minecraft:carved_pumpkin":1,"minecraft:rotten_flesh":2,"cobblemon:potion":16,"minecraft:arrow":1,"minecraft:stone_pickaxe":1,"cobblemizer:iv_random":1,"minecraft:white_wool":2,"minecraft:bone":2},"minecraft:killed_by":{"cobblemon:pokemon":1},"minecraft:custom":{"minecraft:time_since_rest":531,"minecraft:sprint_one_cm":133687,"minecraft:damage_taken":1270,"minecraft:walk_one_cm":94725,"minecraft:mob_kills":6,"minecraft:drop":17,"minecraft:damage_dealt":1167,"minecraft:interact_with_crafting_table":2,"minecraft:swim_one_cm":42989,"minecraft:fly_one_cm":226336,"minecraft:open_chest":40,"minecraft:crouch_one_cm":344,"minecraft:play_time":71429,"minecraft:deaths":1,"minecraft:sneak_time":1499,"minecraft:walk_under_water_one_cm":3803,"minecraft:jump":913,"minecraft:leave_game":1,"minecraft:climb_one_cm":2386,"minecraft:time_since_death":57822,"minecraft:walk_on_water_one_cm":8287,"minecraft:sleep_in_bed":6,"minecraft:total_world_time":71429,"minecraft:fall_one_cm":19262},"minecraft:picked_up":{"minecraft:raw_iron":2,"minecraft:chicken":3,"minecraft:feather":3,"minecraft:clay_ball":1,"minecraft:torch":11,"minecraft:acacia_log":1,"minecraft:oak_log":5,"cobblemon:passho_berry":6,"minecraft:arrow":2,"minecraft:bone":4,"minecraft:purple_bed":2,"minecraft:rotten_flesh":5,"minecraft:stone_axe":1,"minecraft:wheat_seeds":1,"minecraft:rabbit_hide":1,"cobblemon:oran_berry":32,"minecraft:carved_pumpkin":1,"minecraft:stone_pickaxe":1,"minecraft:rabbit":1,"cobblemon:blue_apricorn":3,"minecraft:sugar_cane":14,"minecraft:mutton":2,"cobbledex:cobbledex_item":2,"minecraft:white_wool":2,"minecraft:egg":1,"minecraft:furnace":1},"minecraft:used":{"minecraft:wooden_axe":13,"minecraft:acacia_log":1,"minecraft:grass_block":1,"minecraft:bread":21,"minecraft:oak_planks":4,"minecraft:oak_sign":3,"minecraft:chest":4,"cobblemon:pc":1,"minecraft:torch":10,"minecraft:purple_bed":3,"minecraft:crafting_table":1,"minecraft:egg":1},"minecraft:crafted":{"minecraft:oak_planks":20,"minecraft:crafting_table":1,"minecraft:stick":4,"minecraft:wooden_axe":1},"minecraft:mined":{"minecraft:purple_bed":2,"minecraft:acacia_leaves":1,"minecraft:torch":2,"minecraft:grass":4,"minecraft:acacia_log":1,"minecraft:oak_log":5,"minecraft:chest":1,"minecraft:sugar_cane":5,"minecraft:oak_leaves":2,"minecraft:wall_torch":1}},"DataVersion":3465}