{"stats":{"minecraft:crafted":{"minecraft:oak_planks":24,"minecraft:crafting_table":1,"minecraft:stick":4,"minecraft:wooden_axe":1},"minecraft:used":{"minecraft:dark_oak_hanging_sign":1,"minecraft:dark_oak_sign":1,"minecraft:stone_pickaxe":51,"minecraft:chest":4,"minecraft:warped_sign":1,"minecraft:torch":35,"minecraft:dirt":41,"minecraft:crafting_table":1,"cobblemon:healing_machine":6,"minecraft:birch_fence":44,"minecraft:oak_log":17,"minecraft:mud":2,"minecraft:wooden_axe":13,"minecraft:cherry_hanging_sign":3,"minecraft:lantern":4,"minecraft:cherry_sign":1,"minecraft:stone_axe":1,"cobblemon:pc":4,"minecraft:crimson_sign":1,"minecraft:pink_bed":1,"minecraft:cobblestone":26,"minecraft:hay_block":1,"minecraft:purple_bed":2,"minecraft:andesite":1,"minecraft:chain":5,"minecraft:egg":5},"minecraft:custom":{"minecraft:interact_with_crafting_table":1,"minecraft:leave_game":8,"minecraft:time_since_death":184465,"minecraft:sleep_in_bed":4,"minecraft:climb_one_cm":5615,"minecraft:time_since_rest":2179,"minecraft:sprint_one_cm":503960,"minecraft:damage_taken":1360,"minecraft:walk_one_cm":276696,"minecraft:drop":20,"minecraft:damage_dealt":220,"minecraft:swim_one_cm":96725,"minecraft:talked_to_villager":3,"minecraft:fly_one_cm":886014,"minecraft:open_chest":77,"minecraft:crouch_one_cm":1707,"minecraft:play_time":184465,"minecraft:sneak_time":909,"minecraft:walk_under_water_one_cm":6881,"minecraft:jump":3913,"minecraft:open_loot_ball":36,"minecraft:walk_on_water_one_cm":32173,"minecraft:total_world_time":184465,"minecraft:fall_one_cm":132109},"minecraft:dropped":{"minecraft:sweet_berries":5,"minecraft:wheat_seeds":10,"minecraft:mangrove_roots":1,"minecraft:mangrove_propagule":2,"minecraft:dirt":2,"minecraft:light_blue_wool":1,"minecraft:rabbit":1,"minecraft:oak_sapling":1},"minecraft:mined":{"cobblemon:healing_machine":6,"minecraft:acacia_leaves":1,"minecraft:pink_bed":1,"minecraft:mangrove_roots":1,"cobblemon:pc":4,"minecraft:powder_snow":6,"minecraft:crafting_table":1,"minecraft:torch":13,"minecraft:blast_furnace":1,"minecraft:grass_block":24,"minecraft:tall_grass":10,"minecraft:mangrove_propagule":1,"cobblemon:relic_coin_pouch":3,"minecraft:wall_torch":1,"minecraft:hay_block":1,"minecraft:purple_bed":2,"minecraft:mud":2,"minecraft:grass":105,"minecraft:coal_ore":6,"minecraft:oak_log":16,"minecraft:vine":1,"minecraft:dirt":21,"minecraft:stone":30,"minecraft:oak_leaves":35,"minecraft:fern":13},"minecraft:picked_up":{"minecraft:mud":2,"minecraft:crafting_table":1,"cobblemon:ultra_ball":1,"minecraft:chicken":1,"minecraft:potion":1,"minecraft:mushroom_stew":1,"minecraft:oak_log":16,"minecraft:dirt":44,"minecraft:apple":2,"minecraft:wheat_seeds":17,"minecraft:rabbit_hide":1,"cobblemon:oran_berry":20,"cobblemon:relic_coin":52,"minecraft:rabbit":1,"minecraft:egg":5,"minecraft:pink_bed":2,"minecraft:stick":5,"cobblemon:pc":4,"minecraft:sweet_berries":5,"minecraft:torch":14,"minecraft:blast_furnace":1,"cobblemon:healing_machine":6,"minecraft:purple_bed":2,"minecraft:light_blue_wool":1,"cobblemon:poke_ball":5,"minecraft:hay_block":1,"minecraft:emerald":1,"minecraft:mangrove_roots":1,"minecraft:oak_sapling":3,"minecraft:coal":6,"minecraft:mangrove_propagule":2,"minecraft:cobblestone":30}},"DataVersion":3465}