{"stats":{"minecraft:crafted":{"minecraft:oak_planks":24,"minecraft:crafting_table":1,"minecraft:stick":4,"minecraft:wooden_axe":1},"minecraft:used":{"minecraft:dark_oak_hanging_sign":1,"minecraft:stone_pickaxe":18,"minecraft:dark_oak_sign":1,"minecraft:chest":4,"minecraft:warped_sign":1,"minecraft:torch":26,"minecraft:dirt":16,"minecraft:crafting_table":1,"cobblemon:healing_machine":4,"minecraft:birch_fence":44,"minecraft:oak_log":17,"minecraft:wooden_axe":13,"minecraft:cherry_hanging_sign":3,"minecraft:lantern":4,"minecraft:cherry_sign":1,"minecraft:crimson_sign":1,"cobblemon:pc":2,"minecraft:stone_axe":1,"minecraft:pink_bed":1,"minecraft:cobblestone":2,"minecraft:hay_block":1,"minecraft:purple_bed":1,"minecraft:andesite":1,"minecraft:chain":5,"minecraft:egg":2},"minecraft:custom":{"minecraft:interact_with_crafting_table":1,"minecraft:leave_game":7,"minecraft:time_since_death":142638,"minecraft:sleep_in_bed":3,"minecraft:climb_one_cm":3875,"minecraft:time_since_rest":25946,"minecraft:sprint_one_cm":394119,"minecraft:damage_taken":910,"minecraft:walk_one_cm":223727,"minecraft:drop":17,"minecraft:damage_dealt":210,"minecraft:talked_to_villager":3,"minecraft:swim_one_cm":50381,"minecraft:fly_one_cm":626242,"minecraft:open_chest":77,"minecraft:crouch_one_cm":756,"minecraft:play_time":142638,"minecraft:sneak_time":532,"minecraft:walk_under_water_one_cm":5318,"minecraft:jump":2780,"minecraft:open_loot_ball":31,"minecraft:walk_on_water_one_cm":25519,"minecraft:total_world_time":142638,"minecraft:fall_one_cm":86175},"minecraft:dropped":{"minecraft:sweet_berries":5,"minecraft:wheat_seeds":10,"minecraft:mangrove_propagule":2,"minecraft:light_blue_wool":1,"minecraft:oak_sapling":1},"minecraft:mined":{"cobblemon:healing_machine":3,"minecraft:acacia_leaves":1,"minecraft:pink_bed":1,"cobblemon:pc":1,"minecraft:powder_snow":6,"minecraft:crafting_table":1,"minecraft:torch":8,"minecraft:blast_furnace":1,"minecraft:grass_block":12,"minecraft:tall_grass":10,"minecraft:mangrove_propagule":1,"cobblemon:relic_coin_pouch":3,"minecraft:hay_block":1,"minecraft:grass":98,"minecraft:coal_ore":6,"minecraft:oak_log":16,"minecraft:vine":1,"minecraft:dirt":5,"minecraft:stone":6,"minecraft:oak_leaves":9,"minecraft:fern":12},"minecraft:picked_up":{"minecraft:crafting_table":1,"cobblemon:ultra_ball":1,"minecraft:chicken":1,"minecraft:oak_log":16,"minecraft:dirt":16,"minecraft:apple":2,"minecraft:wheat_seeds":17,"cobblemon:oran_berry":20,"cobblemon:relic_coin":52,"minecraft:egg":2,"minecraft:pink_bed":2,"minecraft:stick":2,"cobblemon:pc":1,"minecraft:sweet_berries":5,"minecraft:torch":8,"minecraft:blast_furnace":1,"cobblemon:healing_machine":3,"minecraft:light_blue_wool":1,"cobblemon:poke_ball":4,"minecraft:hay_block":1,"minecraft:oak_sapling":3,"minecraft:coal":6,"minecraft:mangrove_propagule":2,"minecraft:cobblestone":6}},"DataVersion":3465}