{"stats":{"minecraft:crafted":{"minecraft:oak_planks":24,"minecraft:crafting_table":1,"minecraft:stick":4,"minecraft:wooden_axe":1},"minecraft:used":{"minecraft:birch_fence":44,"minecraft:oak_log":17,"minecraft:wooden_axe":13,"minecraft:cherry_hanging_sign":3,"minecraft:dark_oak_hanging_sign":1,"minecraft:lantern":4,"minecraft:dark_oak_sign":1,"minecraft:stone_pickaxe":13,"minecraft:chest":4,"minecraft:cherry_sign":1,"minecraft:pink_bed":1,"minecraft:warped_sign":1,"cobblemon:pc":1,"minecraft:torch":2,"minecraft:crimson_sign":1,"minecraft:stone_axe":1,"minecraft:dirt":3,"minecraft:hay_block":1,"minecraft:crafting_table":1,"minecraft:andesite":1,"minecraft:chain":5,"cobblemon:healing_machine":1},"minecraft:custom":{"minecraft:time_since_rest":2446,"minecraft:sprint_one_cm":110294,"minecraft:damage_taken":260,"minecraft:walk_one_cm":112983,"minecraft:drop":6,"minecraft:damage_dealt":195,"minecraft:swim_one_cm":4762,"minecraft:interact_with_crafting_table":1,"minecraft:fly_one_cm":222874,"minecraft:open_chest":74,"minecraft:crouch_one_cm":201,"minecraft:play_time":60166,"minecraft:sneak_time":274,"minecraft:walk_under_water_one_cm":341,"minecraft:jump":854,"minecraft:open_loot_ball":13,"minecraft:leave_game":4,"minecraft:walk_on_water_one_cm":2184,"minecraft:time_since_death":60166,"minecraft:sleep_in_bed":1,"minecraft:total_world_time":60166,"minecraft:climb_one_cm":155,"minecraft:fall_one_cm":27476},"minecraft:dropped":{"minecraft:wheat_seeds":6,"minecraft:light_blue_wool":1},"minecraft:mined":{"cobblemon:healing_machine":1,"minecraft:hay_block":1,"minecraft:pink_bed":1,"cobblemon:pc":1,"minecraft:crafting_table":1,"minecraft:torch":2,"minecraft:grass":58,"minecraft:grass_block":3,"minecraft:coal_ore":6,"minecraft:oak_log":16,"minecraft:vine":1,"minecraft:tall_grass":10,"minecraft:stone":4,"minecraft:oak_leaves":2,"minecraft:fern":9},"minecraft:picked_up":{"minecraft:pink_bed":2,"minecraft:stick":2,"minecraft:crafting_table":1,"cobblemon:pc":1,"cobblemon:ultra_ball":1,"minecraft:chicken":1,"minecraft:torch":2,"minecraft:oak_log":16,"minecraft:dirt":3,"cobblemon:healing_machine":1,"minecraft:apple":2,"minecraft:light_blue_wool":1,"cobblemon:poke_ball":1,"minecraft:wheat_seeds":8,"minecraft:hay_block":1,"minecraft:oak_sapling":2,"minecraft:coal":6,"minecraft:cobblestone":4}},"DataVersion":3465}