{"stats":{"minecraft:dropped":{"minecraft:wheat_seeds":4},"minecraft:picked_up":{"pixelmon:revive":23,"minecraft:golden_pickaxe":1,"minecraft:torch":64,"minecraft:potato":4,"pixelmon:poke_ball":54,"minecraft:golden_boots":1,"minecraft:dirt":5,"byg:yellow_spruce_sapling":2,"minecraft:stone_sword":1,"pixelmon:magenta_pc":1,"minecraft:stone_axe":1,"minecraft:wheat_seeds":4,"minecraft:gold_nugget":22,"pixelmon:purple_poke_bag":2,"minecraft:hay_block":18,"pixelmon:potion":36,"minecraft:stone_pickaxe":1,"minecraft:glistering_melon_slice":10,"minecraft:bread":62,"minecraft:obsidian":2,"minecraft:cod":4},"minecraft:mined":{"minecraft:podzol":1,"minecraft:hay_block":7,"byg:orange_oak_leaves":4,"byg:short_grass":5,"minecraft:grass":21,"minecraft:grass_block":2,"byg:yellow_spruce_leaves":4,"minecraft:oak_leaves":2},"minecraft:custom":{"minecraft:time_since_rest":4943,"minecraft:sprint_one_cm":73324,"minecraft:damage_taken":240,"minecraft:walk_one_cm":16138,"minecraft:drop":3,"minecraft:swim_one_cm":46391,"minecraft:interact_with_crafting_table":1,"minecraft:fly_one_cm":119789,"minecraft:open_barrel":4,"minecraft:open_chest":28,"minecraft:play_one_minute":22797,"minecraft:crouch_one_cm":91,"minecraft:deaths":1,"minecraft:sneak_time":151,"minecraft:walk_under_water_one_cm":6840,"minecraft:jump":513,"minecraft:leave_game":2,"minecraft:time_since_death":4918,"minecraft:walk_on_water_one_cm":6016,"minecraft:climb_one_cm":1245,"minecraft:fall_one_cm":15491},"minecraft:used":{"minecraft:bread":2,"minecraft:chest":1,"minecraft:dirt":1}},"DataVersion":2586}