{"stats":{"minecraft:crafted":{"minecraft:oak_planks":24,"minecraft:crafting_table":1,"rotomphonecobblemonfabric:rotom_phone":1,"minecraft:stick":4,"minecraft:wooden_axe":1},"minecraft:used":{"minecraft:dark_oak_hanging_sign":1,"minecraft:cracked_deepslate_bricks":1,"minecraft:dark_oak_sign":1,"minecraft:stone_pickaxe":133,"minecraft:chest":4,"minecraft:warped_sign":1,"minecraft:deepslate_bricks":2,"minecraft:torch":38,"minecraft:dirt":55,"minecraft:crafting_table":2,"cobblemon:healing_machine":8,"minecraft:birch_fence":44,"minecraft:oak_log":17,"minecraft:mud":2,"minecraft:wooden_axe":13,"minecraft:cherry_hanging_sign":3,"minecraft:lantern":4,"minecraft:iron_pickaxe":66,"minecraft:cherry_sign":1,"minecraft:stone_axe":3,"cobblemon:pc":6,"minecraft:crimson_sign":1,"minecraft:pink_bed":1,"minecraft:cobblestone":42,"minecraft:hay_block":1,"minecraft:purple_bed":2,"minecraft:andesite":8,"minecraft:chain":5,"minecraft:egg":5,"minecraft:cobbled_deepslate":1},"minecraft:custom":{"minecraft:interact_with_crafting_table":7,"minecraft:leave_game":9,"minecraft:time_since_death":256329,"minecraft:climb_one_cm":6244,"minecraft:sleep_in_bed":4,"minecraft:time_since_rest":74043,"minecraft:sprint_one_cm":584611,"minecraft:damage_taken":1580,"minecraft:walk_one_cm":352654,"minecraft:drop":27,"minecraft:damage_dealt":220,"minecraft:swim_one_cm":97520,"minecraft:talked_to_villager":3,"minecraft:fly_one_cm":970838,"minecraft:open_chest":78,"minecraft:crouch_one_cm":24427,"minecraft:play_time":256329,"minecraft:sneak_time":5092,"minecraft:walk_under_water_one_cm":7154,"minecraft:jump":4469,"minecraft:open_loot_ball":37,"minecraft:walk_on_water_one_cm":32612,"minecraft:total_world_time":256329,"minecraft:fall_one_cm":151066},"minecraft:dropped":{"minecraft:moss_block":5,"minecraft:sweet_berries":5,"minecraft:wheat_seeds":12,"minecraft:mangrove_roots":1,"minecraft:glass_bottle":1,"minecraft:mangrove_propagule":2,"minecraft:chicken":1,"minecraft:feather":1,"minecraft:dirt":2,"minecraft:sculk_catalyst":1,"minecraft:light_blue_wool":1,"minecraft:rabbit":1,"minecraft:oak_sapling":1},"minecraft:mined":{"cobblemon:healing_machine":7,"minecraft:acacia_leaves":1,"minecraft:pink_bed":1,"minecraft:deepslate_diamond_ore":1,"minecraft:mangrove_roots":1,"cobblemon:pc":5,"minecraft:powder_snow":10,"megamons:crystal_shiny_stone_ore":5,"minecraft:clay":3,"minecraft:crafting_table":1,"minecraft:torch":15,"minecraft:granite":1,"minecraft:blast_furnace":1,"minecraft:grass_block":31,"minecraft:chest":1,"megamons:crystal_water_stone_ore":4,"megamons:crystal_fire_stone_ore":7,"minecraft:sculk_sensor":6,"minecraft:deepslate_bricks":2,"minecraft:tall_grass":10,"minecraft:cracked_deepslate_bricks":1,"minecraft:spruce_leaves":6,"megamons:crystal_moon_stone_ore":4,"minecraft:moss_block":5,"megamons:crystal_dusk_stone_ore":5,"minecraft:sculk":7,"minecraft:mangrove_propagule":1,"cobblemon:relic_coin_pouch":3,"minecraft:wall_torch":1,"minecraft:hay_block":1,"minecraft:purple_bed":2,"minecraft:mud":2,"minecraft:iron_ore":8,"minecraft:cobbled_deepslate":4,"minecraft:andesite":7,"megamons:crystal_dawn_stone_ore":2,"minecraft:sculk_shrieker":1,"minecraft:grass":108,"minecraft:coal_ore":6,"minecraft:oak_log":16,"minecraft:vine":1,"megamons:crystal_ice_stone_ore":5,"minecraft:dirt":27,"minecraft:stone":91,"minecraft:oak_leaves":35,"megamons:crystal_thunder_stone_ore":5,"minecraft:fern":13,"megamons:crystal_leaf_stone_ore":3},"minecraft:broken":{"minecraft:stone_pickaxe":1},"minecraft:picked_up":{"minecraft:mud":2,"cobblemon:leaf_stone":3,"minecraft:crafting_table":1,"minecraft:feather":1,"cobblemon:ultra_ball":2,"minecraft:chicken":2,"minecraft:clay_ball":12,"minecraft:andesite":7,"minecraft:lead":1,"minecraft:potion":1,"minecraft:diamond_horse_armor":1,"minecraft:mushroom_stew":1,"minecraft:oak_log":16,"minecraft:dirt":57,"minecraft:name_tag":1,"minecraft:apple":2,"minecraft:wheat_seeds":19,"minecraft:cobbled_deepslate":1,"minecraft:rabbit_hide":1,"cobblemon:oran_berry":20,"cobblemon:relic_coin":52,"cobblemon:thunder_stone":5,"cobblemon:dusk_stone":5,"minecraft:rabbit":1,"cobblemon:moon_stone":3,"minecraft:moss_block":5,"minecraft:chest":1,"minecraft:sculk_catalyst":1,"minecraft:diamond_hoe":1,"minecraft:egg":5,"minecraft:pink_bed":2,"minecraft:stick":5,"minecraft:raw_iron":8,"cobblemon:pc":5,"minecraft:sweet_berries":5,"minecraft:torch":17,"cobblemon:shiny_stone":5,"cobblemon:fire_stone":7,"minecraft:blast_furnace":1,"cobblemon:dawn_stone":2,"cobblemon:healing_machine":7,"minecraft:purple_bed":2,"minecraft:light_blue_wool":1,"minecraft:diamond":1,"cobblemon:poke_ball":7,"minecraft:deepslate_bricks":2,"minecraft:hay_block":1,"minecraft:cracked_deepslate_bricks":1,"minecraft:granite":1,"cobblemon:ice_stone":5,"minecraft:mangrove_roots":1,"minecraft:emerald":1,"cobblemon:water_stone":4,"minecraft:oak_sapling":3,"minecraft:glow_berries":13,"minecraft:coal":18,"minecraft:mangrove_propagule":2,"minecraft:cobblestone":91}},"DataVersion":3465}