{"stats":{"minecraft:mined":{"cobblemon:pc":1,"minecraft:granite":3,"minecraft:acacia_log":1,"minecraft:grass_block":5,"minecraft:spruce_fence":1,"minecraft:spruce_leaves":10,"minecraft:large_fern":1,"minecraft:furnace":5,"minecraft:iron_ore":2,"minecraft:packed_ice":2,"minecraft:stone":61,"minecraft:acacia_leaves":1,"minecraft:smoker":1,"minecraft:powder_snow":3,"minecraft:crafting_table":4,"minecraft:torch":13,"minecraft:chest":2,"minecraft:cobblestone":6,"minecraft:copper_ore":16,"minecraft:sugar_cane":8,"cobblemon:relic_coin_pouch":2,"minecraft:wall_torch":4,"minecraft:purple_bed":11,"minecraft:ice":1,"minecraft:birch_leaves":1,"minecraft:grass":19,"minecraft:oak_log":5,"minecraft:coal_ore":32,"minecraft:sand":4,"minecraft:dirt":6,"minecraft:oak_leaves":11},"minecraft:killed":{"minecraft:spider":1,"minecraft:skeleton":2,"minecraft:zombie":5,"minecraft:player":1},"minecraft:used":{"minecraft:oak_fence":3,"minecraft:acacia_log":1,"minecraft:oak_sign":3,"minecraft:chest":4,"minecraft:torch":32,"minecraft:dirt":9,"easy_npc:humanoid_spawn_egg":1,"minecraft:granite":1,"minecraft:wooden_axe":18,"minecraft:dark_oak_planks":2,"minecraft:grass_block":1,"cobblemon:pc":3,"minecraft:dark_oak_boat":1,"minecraft:furnace":5,"minecraft:egg":2,"minecraft:stone_pickaxe":124,"minecraft:oak_planks":4,"minecraft:wooden_pickaxe":7,"minecraft:crafting_table":4,"minecraft:oak_log":9,"minecraft:bread":32,"minecraft:stone_axe":15,"minecraft:cobblestone":5,"cobblemon:red_apricorn_seed":1,"minecraft:purple_bed":11,"minecraft:birch_stairs":1},"minecraft:dropped":{"simple_backpack:backpack":1,"minecraft:wheat_seeds":1,"minecraft:glass_bottle":7,"minecraft:feather":1,"minecraft:cobblestone":3,"cobblemon:potion":32,"cobblemizer:friendship_add_uncommon":13,"rctmod:trainer_card":2,"cobbledex:cobbledex_item":2,"minecraft:torch":8,"minecraft:mutton":2,"minecraft:white_wool":2,"minecraft:bone":2,"minecraft:furnace":1,"minecraft:stone_axe":1,"minecraft:sweet_berries":3,"minecraft:pink_bed":2,"minecraft:raw_iron":2,"minecraft:rotten_flesh":2,"cobblemizer:friendship_add_epic":2,"cobblemizer:friendship_add_rare":6,"minecraft:carved_pumpkin":1,"minecraft:arrow":1,"minecraft:stone_pickaxe":1,"cobblemizer:iv_random":1},"minecraft:crafted":{"minecraft:smooth_stone":6,"minecraft:oak_planks":20,"minecraft:dark_oak_boat":1,"minecraft:furnace":3,"minecraft:stone":6,"minecraft:glass":1,"minecraft:stone_pickaxe":1,"minecraft:dark_oak_planks":20,"minecraft:wooden_shovel":1,"minecraft:crafting_table":2,"minecraft:wooden_pickaxe":1,"cobblemon:pc":1,"minecraft:copper_ingot":17,"minecraft:air":0,"minecraft:stick":8,"minecraft:iron_ingot":4,"minecraft:wooden_axe":1},"minecraft:picked_up":{"minecraft:wooden_axe":1,"cobblemon:remedy":2,"minecraft:crafting_table":7,"minecraft:chicken":9,"minecraft:clay_ball":4,"cobblemon:red_apricorn":3,"minecraft:raw_copper":82,"cobblemon:lum_berry":1,"cobblemon:white_apricorn":1,"minecraft:oak_sign":1,"minecraft:beef":1,"cobblemon:oran_berry":169,"cobblemon:relic_coin":13,"cobblemon:pep_up_flower":3,"minecraft:sugar_cane":44,"simpletms:tr_mudslap":3,"minecraft:phantom_membrane":1,"minecraft:furnace":6,"minecraft:egg":4,"minecraft:stick":6,"minecraft:raw_iron":4,"cobblemon:pc":1,"minecraft:copper_ingot":5,"minecraft:torch":196,"minecraft:acacia_log":1,"minecraft:spruce_fence":1,"cobblemon:razor_fang":2,"minecraft:arrow":4,"minecraft:rotten_flesh":13,"cobblemon:revive":13,"minecraft:carved_pumpkin":4,"minecraft:mutton":2,"cobblemon:blue_apricorn":9,"minecraft:white_wool":2,"minecraft:cobblestone":54,"cobblemizer:iv_random":4,"minecraft:feather":6,"cobblemon:great_ball":18,"minecraft:leather":1,"minecraft:dark_oak_boat":1,"minecraft:smoker":1,"cobblemon:razz_berry":1,"minecraft:oak_log":5,"minecraft:dirt":17,"cobblemon:passho_berry":28,"minecraft:glass":3,"minecraft:bone":10,"minecraft:wheat_seeds":3,"cobblemon:potion":22,"minecraft:rabbit_hide":3,"minecraft:stone_pickaxe":1,"minecraft:rabbit":3,"minecraft:glass_bottle":13,"cobblemon:wacan_berry":4,"cobbledex:cobbledex_item":4,"minecraft:oak_planks":6,"cobblemizer:friendship_add_uncommon":1,"cobblemon:red_apricorn_seed":1,"minecraft:pink_bed":1,"minecraft:sweet_berries":5,"minecraft:sand":4,"cobblemon:persim_berry":69,"minecraft:purple_bed":12,"minecraft:stone_axe":2,"cobblemon:poke_ball":45,"minecraft:granite":1,"minecraft:emerald":1,"minecraft:bread":70,"cobblemon:chesto_berry":22,"minecraft:coal":31},"minecraft:killed_by":{"cobblemon:pokemon":5},"minecraft:custom":{"minecraft:mob_kills":8,"minecraft:interact_with_crafting_table":14,"minecraft:open_barrel":3,"minecraft:leave_game":13,"minecraft:time_since_death":218457,"minecraft:climb_one_cm":3065,"minecraft:sprint_one_cm":660643,"minecraft:walk_one_cm":390112,"minecraft:drop":47,"minecraft:talked_to_villager":14,"minecraft:play_time":319580,"minecraft:deaths":5,"minecraft:sneak_time":5457,"minecraft:walk_under_water_one_cm":27888,"minecraft:boat_one_cm":6982,"minecraft:jump":4451,"minecraft:walk_on_water_one_cm":34001,"minecraft:total_world_time":319580,"minecraft:interact_with_furnace":33,"minecraft:sleep_in_bed":18,"minecraft:time_since_rest":11162,"minecraft:damage_taken":3388,"minecraft:damage_dealt":2296,"minecraft:swim_one_cm":118486,"minecraft:fly_one_cm":1161984,"minecraft:player_kills":1,"minecraft:open_chest":42,"minecraft:crouch_one_cm":6184,"minecraft:fall_one_cm":121122}},"DataVersion":3465}