{"stats":{"minecraft:killed":{"minecraft:skeleton":1},"minecraft:dropped":{"cobbledex:cobbledex_item":1,"minecraft:stone_axe":1,"minecraft:furnace":1,"minecraft:wheat_seeds":1,"minecraft:torch":8,"minecraft:mutton":2,"minecraft:raw_iron":2,"minecraft:feather":1,"minecraft:carved_pumpkin":1,"minecraft:rotten_flesh":2,"minecraft:arrow":1,"minecraft:stone_pickaxe":1,"minecraft:white_wool":2,"minecraft:bone":2},"minecraft:killed_by":{"cobblemon:pokemon":1},"minecraft:custom":{"minecraft:time_since_rest":21853,"minecraft:sprint_one_cm":27917,"minecraft:damage_taken":277,"minecraft:walk_one_cm":40699,"minecraft:mob_kills":1,"minecraft:drop":14,"minecraft:damage_dealt":155,"minecraft:swim_one_cm":5770,"minecraft:fly_one_cm":57223,"minecraft:open_chest":32,"minecraft:crouch_one_cm":199,"minecraft:play_time":35429,"minecraft:deaths":1,"minecraft:sneak_time":1441,"minecraft:walk_under_water_one_cm":206,"minecraft:jump":128,"minecraft:leave_game":1,"minecraft:time_since_death":21822,"minecraft:walk_on_water_one_cm":1765,"minecraft:sleep_in_bed":1,"minecraft:total_world_time":35429,"minecraft:fall_one_cm":778},"minecraft:used":{"minecraft:acacia_log":1,"minecraft:grass_block":1,"minecraft:oak_sign":3,"minecraft:chest":4,"cobblemon:pc":1,"minecraft:torch":4},"minecraft:picked_up":{"minecraft:raw_iron":2,"minecraft:chicken":1,"minecraft:feather":2,"minecraft:torch":8,"minecraft:acacia_log":1,"minecraft:arrow":1,"minecraft:bone":2,"minecraft:rotten_flesh":2,"minecraft:stone_axe":1,"minecraft:wheat_seeds":1,"minecraft:carved_pumpkin":1,"minecraft:stone_pickaxe":1,"minecraft:mutton":2,"cobbledex:cobbledex_item":2,"minecraft:white_wool":2,"minecraft:furnace":1},"minecraft:mined":{"minecraft:acacia_leaves":1,"minecraft:grass":1,"minecraft:acacia_log":1,"minecraft:chest":1}},"DataVersion":3465}