{"stats":{"minecraft:crafted":{"minecraft:oak_planks":24,"minecraft:crafting_table":1,"minecraft:stick":4,"minecraft:wooden_axe":1},"minecraft:used":{"minecraft:birch_fence":44,"minecraft:oak_log":17,"minecraft:wooden_axe":13,"minecraft:cherry_hanging_sign":3,"minecraft:dark_oak_hanging_sign":1,"minecraft:lantern":4,"minecraft:dark_oak_sign":1,"minecraft:stone_pickaxe":17,"minecraft:chest":4,"minecraft:cherry_sign":1,"minecraft:pink_bed":1,"minecraft:warped_sign":1,"cobblemon:pc":1,"minecraft:torch":5,"minecraft:crimson_sign":1,"minecraft:stone_axe":1,"minecraft:cobblestone":2,"minecraft:dirt":3,"minecraft:hay_block":1,"minecraft:crafting_table":1,"minecraft:andesite":1,"minecraft:chain":5,"minecraft:egg":2,"cobblemon:healing_machine":3},"minecraft:custom":{"minecraft:time_since_rest":38446,"minecraft:sprint_one_cm":251185,"minecraft:damage_taken":490,"minecraft:walk_one_cm":158403,"minecraft:drop":9,"minecraft:damage_dealt":195,"minecraft:swim_one_cm":36917,"minecraft:interact_with_crafting_table":1,"minecraft:fly_one_cm":421759,"minecraft:open_chest":74,"minecraft:crouch_one_cm":431,"minecraft:play_time":96166,"minecraft:sneak_time":372,"minecraft:walk_under_water_one_cm":3050,"minecraft:jump":1832,"minecraft:open_loot_ball":24,"minecraft:leave_game":4,"minecraft:walk_on_water_one_cm":22409,"minecraft:time_since_death":96166,"minecraft:sleep_in_bed":1,"minecraft:total_world_time":96166,"minecraft:climb_one_cm":3306,"minecraft:fall_one_cm":57951},"minecraft:dropped":{"minecraft:wheat_seeds":7,"minecraft:light_blue_wool":1,"minecraft:mangrove_propagule":2},"minecraft:mined":{"cobblemon:healing_machine":3,"minecraft:hay_block":1,"minecraft:pink_bed":1,"cobblemon:pc":1,"minecraft:crafting_table":1,"minecraft:torch":5,"minecraft:grass":89,"minecraft:grass_block":3,"minecraft:coal_ore":6,"minecraft:oak_log":16,"minecraft:vine":1,"minecraft:tall_grass":10,"minecraft:stone":6,"minecraft:mangrove_propagule":1,"minecraft:oak_leaves":7,"minecraft:fern":12},"minecraft:picked_up":{"minecraft:pink_bed":2,"minecraft:stick":2,"minecraft:crafting_table":1,"cobblemon:pc":1,"cobblemon:ultra_ball":1,"minecraft:chicken":1,"minecraft:torch":5,"minecraft:oak_log":16,"minecraft:dirt":3,"cobblemon:healing_machine":3,"minecraft:apple":2,"minecraft:light_blue_wool":1,"cobblemon:poke_ball":1,"minecraft:wheat_seeds":14,"minecraft:hay_block":1,"minecraft:oak_sapling":2,"minecraft:mangrove_propagule":2,"minecraft:coal":6,"minecraft:cobblestone":6,"minecraft:egg":2}},"DataVersion":3465}