{"stats":{"minecraft:crafted":{"minecraft:oak_planks":24,"minecraft:crafting_table":1,"minecraft:stick":4,"minecraft:wooden_axe":1},"minecraft:used":{"minecraft:dark_oak_hanging_sign":1,"minecraft:stone_pickaxe":17,"minecraft:dark_oak_sign":1,"minecraft:chest":4,"minecraft:warped_sign":1,"minecraft:torch":9,"minecraft:dirt":4,"minecraft:crafting_table":1,"cobblemon:healing_machine":4,"minecraft:birch_fence":44,"minecraft:oak_log":17,"minecraft:wooden_axe":13,"minecraft:cherry_hanging_sign":3,"minecraft:lantern":4,"minecraft:cherry_sign":1,"minecraft:crimson_sign":1,"cobblemon:pc":2,"minecraft:stone_axe":1,"minecraft:pink_bed":1,"minecraft:cobblestone":2,"minecraft:hay_block":1,"minecraft:purple_bed":1,"minecraft:andesite":1,"minecraft:chain":5,"minecraft:egg":2},"minecraft:custom":{"minecraft:interact_with_crafting_table":1,"minecraft:leave_game":7,"minecraft:time_since_death":107954,"minecraft:sleep_in_bed":2,"minecraft:climb_one_cm":3544,"minecraft:time_since_rest":5709,"minecraft:sprint_one_cm":268397,"minecraft:damage_taken":540,"minecraft:walk_one_cm":174138,"minecraft:drop":11,"minecraft:damage_dealt":195,"minecraft:swim_one_cm":48537,"minecraft:fly_one_cm":442351,"minecraft:open_chest":74,"minecraft:crouch_one_cm":523,"minecraft:play_time":107954,"minecraft:sneak_time":403,"minecraft:walk_under_water_one_cm":5245,"minecraft:jump":1908,"minecraft:open_loot_ball":25,"minecraft:walk_on_water_one_cm":24776,"minecraft:total_world_time":107954,"minecraft:fall_one_cm":62159},"minecraft:dropped":{"minecraft:sweet_berries":2,"minecraft:wheat_seeds":7,"minecraft:mangrove_propagule":2,"minecraft:light_blue_wool":1,"minecraft:oak_sapling":1},"minecraft:mined":{"cobblemon:healing_machine":3,"minecraft:pink_bed":1,"cobblemon:pc":1,"minecraft:crafting_table":1,"minecraft:torch":7,"minecraft:grass_block":4,"minecraft:tall_grass":10,"minecraft:mangrove_propagule":1,"cobblemon:relic_coin_pouch":3,"minecraft:hay_block":1,"minecraft:grass":90,"minecraft:oak_log":16,"minecraft:coal_ore":6,"minecraft:vine":1,"minecraft:dirt":1,"minecraft:stone":6,"minecraft:oak_leaves":8,"minecraft:fern":12},"minecraft:picked_up":{"minecraft:crafting_table":1,"cobblemon:ultra_ball":1,"minecraft:chicken":1,"minecraft:oak_log":16,"minecraft:dirt":4,"minecraft:apple":2,"minecraft:wheat_seeds":14,"cobblemon:relic_coin":52,"minecraft:egg":2,"minecraft:pink_bed":2,"minecraft:stick":2,"cobblemon:pc":1,"minecraft:sweet_berries":2,"minecraft:torch":7,"cobblemon:healing_machine":3,"minecraft:light_blue_wool":1,"cobblemon:poke_ball":1,"minecraft:hay_block":1,"minecraft:oak_sapling":3,"minecraft:coal":6,"minecraft:mangrove_propagule":2,"minecraft:cobblestone":6}},"DataVersion":3465}