{"stats":{"minecraft:killed":{"minecraft:spider":1,"minecraft:skeleton":2,"minecraft:zombie":5,"minecraft:player":1},"minecraft:mined":{"minecraft:acacia_leaves":1,"cobblemon:pc":1,"minecraft:powder_snow":3,"minecraft:crafting_table":3,"minecraft:torch":9,"minecraft:granite":3,"minecraft:acacia_log":1,"minecraft:grass_block":4,"minecraft:chest":2,"minecraft:cobblestone":6,"minecraft:copper_ore":16,"minecraft:sugar_cane":8,"cobblemon:relic_coin_pouch":2,"minecraft:wall_torch":3,"minecraft:purple_bed":8,"minecraft:furnace":5,"minecraft:iron_ore":2,"minecraft:ice":1,"minecraft:grass":18,"minecraft:coal_ore":32,"minecraft:oak_log":5,"minecraft:sand":4,"minecraft:dirt":4,"minecraft:packed_ice":2,"minecraft:stone":60,"minecraft:oak_leaves":11},"minecraft:used":{"minecraft:oak_fence":3,"minecraft:acacia_log":1,"minecraft:stone_pickaxe":122,"minecraft:oak_planks":4,"minecraft:oak_sign":3,"minecraft:chest":4,"minecraft:wooden_pickaxe":7,"minecraft:torch":27,"minecraft:dirt":6,"minecraft:crafting_table":3,"minecraft:granite":1,"easy_npc:humanoid_spawn_egg":1,"minecraft:oak_log":9,"minecraft:wooden_axe":18,"minecraft:dark_oak_planks":2,"minecraft:grass_block":1,"minecraft:bread":32,"cobblemon:pc":2,"minecraft:stone_axe":11,"minecraft:cobblestone":5,"minecraft:purple_bed":8,"minecraft:furnace":5,"minecraft:egg":1,"minecraft:birch_stairs":1},"minecraft:picked_up":{"minecraft:wooden_axe":1,"cobblemon:remedy":2,"minecraft:crafting_table":6,"minecraft:feather":6,"cobblemon:great_ball":18,"minecraft:chicken":9,"minecraft:clay_ball":4,"minecraft:oak_log":5,"minecraft:dirt":14,"minecraft:raw_copper":82,"cobblemon:lum_berry":1,"cobblemon:passho_berry":28,"minecraft:glass":3,"minecraft:bone":10,"minecraft:oak_sign":1,"minecraft:wheat_seeds":3,"cobblemon:potion":21,"minecraft:rabbit_hide":3,"minecraft:stone_pickaxe":1,"cobblemon:oran_berry":169,"cobblemon:relic_coin":13,"minecraft:rabbit":3,"minecraft:glass_bottle":13,"minecraft:phantom_membrane":1,"minecraft:sugar_cane":44,"minecraft:oak_planks":6,"cobbledex:cobbledex_item":4,"simpletms:tr_mudslap":3,"minecraft:furnace":6,"minecraft:egg":1,"minecraft:stick":6,"minecraft:raw_iron":4,"cobblemon:pc":1,"minecraft:copper_ingot":5,"minecraft:torch":191,"minecraft:acacia_log":1,"minecraft:sand":4,"cobblemon:persim_berry":40,"cobblemon:razor_fang":2,"minecraft:arrow":4,"minecraft:purple_bed":9,"minecraft:rotten_flesh":13,"cobblemon:poke_ball":45,"minecraft:stone_axe":2,"cobblemon:revive":13,"minecraft:granite":1,"minecraft:carved_pumpkin":4,"minecraft:bread":70,"cobblemon:chesto_berry":22,"minecraft:coal":31,"minecraft:mutton":2,"cobblemon:blue_apricorn":9,"minecraft:white_wool":2,"minecraft:cobblestone":53,"cobblemizer:iv_random":4},"minecraft:dropped":{"minecraft:furnace":1,"minecraft:stone_axe":1,"simple_backpack:backpack":1,"minecraft:wheat_seeds":1,"minecraft:glass_bottle":7,"minecraft:raw_iron":2,"minecraft:feather":1,"minecraft:cobblestone":3,"minecraft:rotten_flesh":2,"cobblemon:potion":32,"rctmod:trainer_card":1,"cobbledex:cobbledex_item":2,"minecraft:torch":8,"minecraft:mutton":2,"minecraft:carved_pumpkin":1,"minecraft:arrow":1,"minecraft:stone_pickaxe":1,"cobblemizer:iv_random":1,"minecraft:white_wool":2,"minecraft:bone":2},"minecraft:crafted":{"minecraft:smooth_stone":6,"minecraft:oak_planks":20,"minecraft:crafting_table":2,"minecraft:wooden_pickaxe":1,"cobblemon:pc":1,"minecraft:furnace":3,"minecraft:copper_ingot":17,"minecraft:stone":6,"minecraft:air":0,"minecraft:glass":1,"minecraft:stick":8,"minecraft:iron_ingot":4,"minecraft:stone_pickaxe":1,"minecraft:wooden_axe":1,"minecraft:dark_oak_planks":20},"minecraft:killed_by":{"cobblemon:pokemon":5},"minecraft:custom":{"minecraft:interact_with_furnace":33,"minecraft:mob_kills":8,"minecraft:interact_with_crafting_table":13,"minecraft:leave_game":9,"minecraft:time_since_death":150979,"minecraft:climb_one_cm":2873,"minecraft:sleep_in_bed":12,"minecraft:time_since_rest":99988,"minecraft:sprint_one_cm":479696,"minecraft:damage_taken":3068,"minecraft:walk_one_cm":297376,"minecraft:drop":22,"minecraft:damage_dealt":2056,"minecraft:swim_one_cm":107399,"minecraft:talked_to_villager":7,"minecraft:fly_one_cm":806557,"minecraft:player_kills":1,"minecraft:open_chest":41,"minecraft:crouch_one_cm":4620,"minecraft:play_time":252102,"minecraft:deaths":5,"minecraft:sneak_time":5015,"minecraft:walk_under_water_one_cm":25644,"minecraft:jump":3295,"minecraft:walk_on_water_one_cm":29801,"minecraft:total_world_time":252102,"minecraft:fall_one_cm":88073}},"DataVersion":3465}