{"stats":{"minecraft:mined":{"minecraft:dark_oak_planks":2,"minecraft:spruce_planks":4,"cobblemon:pc":6,"minecraft:ladder":2,"minecraft:granite":3,"minecraft:acacia_log":1,"minecraft:grass_block":12,"minecraft:spruce_fence":1,"minecraft:decorated_pot":4,"minecraft:jungle_log":5,"minecraft:cracked_polished_blackstone_bricks":13,"minecraft:spruce_leaves":10,"minecraft:polished_blackstone_bricks":9,"minecraft:large_fern":1,"minecraft:furnace":5,"minecraft:iron_ore":2,"minecraft:packed_ice":2,"minecraft:stone":62,"minecraft:acacia_leaves":1,"minecraft:blackstone":4,"minecraft:kelp_plant":1,"minecraft:smoker":1,"minecraft:basalt":1,"minecraft:powder_snow":3,"minecraft:crafting_table":6,"minecraft:torch":21,"minecraft:chest":2,"minecraft:tall_grass":2,"minecraft:cobblestone":6,"minecraft:copper_ore":16,"minecraft:sugar_cane":8,"cobblemon:relic_coin_pouch":4,"minecraft:wall_torch":7,"minecraft:purple_bed":24,"minecraft:ice":1,"minecraft:birch_leaves":5,"minecraft:grass":41,"minecraft:oak_log":7,"minecraft:coal_ore":32,"minecraft:sand":4,"minecraft:dirt":8,"minecraft:oak_leaves":19,"minecraft:fern":1},"minecraft:killed":{"minecraft:spider":1,"minecraft:skeleton":2,"minecraft:zombie":5,"minecraft:player":1},"minecraft:used":{"minecraft:oak_fence":3,"minecraft:acacia_log":1,"minecraft:ladder":2,"minecraft:oak_sign":3,"minecraft:decorated_pot":2,"minecraft:chest":4,"minecraft:netherrack":1,"minecraft:torch":58,"minecraft:dirt":14,"easy_npc:humanoid_spawn_egg":1,"minecraft:granite":1,"minecraft:obsidian":2,"minecraft:glass":2,"minecraft:wooden_axe":18,"minecraft:dark_oak_planks":12,"minecraft:grass_block":1,"cobblemon:pc":11,"minecraft:basalt":1,"minecraft:dark_oak_boat":9,"minecraft:furnace":5,"minecraft:egg":2,"minecraft:stone_pickaxe":133,"minecraft:oak_planks":4,"minecraft:blackstone":4,"minecraft:wooden_pickaxe":7,"minecraft:jungle_boat":4,"minecraft:polished_blackstone_bricks":10,"minecraft:crafting_table":7,"cobblemon:healing_machine":1,"minecraft:oak_log":9,"minecraft:cracked_polished_blackstone_bricks":14,"minecraft:bread":32,"minecraft:iron_pickaxe":25,"minecraft:stone_axe":30,"minecraft:cobblestone":19,"cobblemon:red_apricorn_seed":1,"minecraft:purple_bed":26,"minecraft:birch_stairs":1},"minecraft:dropped":{"minecraft:iron_ingot":2,"cobblemon:wacan_berry":4,"simple_backpack:backpack":1,"minecraft:wheat_seeds":4,"cobblemon:blue_apricorn":3,"minecraft:glass_bottle":11,"minecraft:crafting_table":2,"minecraft:decorated_pot":1,"minecraft:apple":1,"minecraft:feather":1,"minecraft:cobblestone":3,"cobblemon:potion":32,"cobblemon:persim_berry":60,"cobblemizer:friendship_add_uncommon":13,"rctmod:trainer_card":2,"cobblemon:oran_berry":67,"cobbledex:cobbledex_item":3,"minecraft:dirt":1,"cobblemon:razz_berry":12,"cobblemon:white_apricorn":1,"minecraft:torch":8,"minecraft:mutton":2,"minecraft:diamond_helmet":1,"cobblemon:passho_berry":8,"minecraft:iron_pickaxe":2,"cobblemon:great_ball":19,"minecraft:smooth_stone":4,"minecraft:white_wool":2,"cobblemon:red_apricorn":3,"minecraft:bone":2,"minecraft:furnace":4,"minecraft:stone_axe":1,"minecraft:kelp":4,"minecraft:sweet_berries":3,"minecraft:pink_bed":2,"cobblemon:lum_berry":1,"minecraft:obsidian":2,"minecraft:raw_iron":3,"minecraft:rotten_flesh":2,"cobblemizer:friendship_add_epic":2,"cobblemon:chesto_berry":22,"minecraft:spruce_fence":1,"cobblemizer:friendship_add_rare":6,"cobblemon:healing_machine":1,"minecraft:ladder":2,"minecraft:carved_pumpkin":1,"minecraft:glass":1,"minecraft:wooden_pickaxe":1,"minecraft:arrow":1,"minecraft:stone_pickaxe":2,"cobblemizer:iv_random":1,"minecraft:brick":4},"minecraft:broken":{"minecraft:stone_pickaxe":1},"minecraft:crafted":{"minecraft:smooth_stone":6,"minecraft:oak_planks":28,"minecraft:dark_oak_boat":1,"minecraft:furnace":3,"minecraft:stone":6,"minecraft:glass":1,"minecraft:stone_pickaxe":1,"minecraft:dark_oak_planks":20,"minecraft:wooden_shovel":3,"minecraft:crafting_table":5,"minecraft:jungle_boat":2,"minecraft:wooden_pickaxe":1,"cobblemon:pc":1,"minecraft:copper_ingot":17,"minecraft:air":0,"minecraft:jungle_planks":20,"minecraft:stick":12,"minecraft:iron_ingot":4,"minecraft:wooden_axe":1},"minecraft:picked_up":{"minecraft:wooden_axe":1,"minecraft:fishing_rod":1,"cobblemon:remedy":5,"minecraft:crafting_table":9,"minecraft:ladder":4,"minecraft:chicken":9,"minecraft:clay_ball":4,"cobblemon:yellow_apricorn":2,"cobblemon:red_apricorn":3,"minecraft:brick":4,"minecraft:raw_copper":82,"cobblemon:lum_berry":1,"cobblemon:white_apricorn":1,"minecraft:blackstone":5,"minecraft:oak_sign":1,"minecraft:spruce_planks":4,"minecraft:beef":1,"cobblemon:oran_berry":175,"cobblemon:relic_coin":189,"minecraft:iron_pickaxe":1,"cobblemon:quick_ball":10,"cobblemon:pep_up_flower":3,"minecraft:sugar_cane":44,"simpletms:tr_mudslap":3,"minecraft:phantom_membrane":1,"minecraft:furnace":6,"minecraft:egg":4,"minecraft:stick":6,"minecraft:raw_iron":7,"cobblemon:pc":6,"minecraft:copper_ingot":5,"minecraft:torch":254,"minecraft:acacia_log":1,"minecraft:spruce_fence":1,"minecraft:polished_blackstone_bricks":10,"cobblemon:rawst_berry":11,"minecraft:dark_oak_planks":2,"cobblemon:razor_fang":2,"minecraft:arrow":4,"minecraft:rotten_flesh":13,"minecraft:decorated_pot":3,"cobblemon:revive":13,"minecraft:carved_pumpkin":4,"minecraft:mutton":2,"cobblemon:blue_apricorn":9,"minecraft:white_wool":2,"minecraft:cobblestone":55,"cobblemizer:iv_random":4,"minecraft:jungle_boat":2,"minecraft:basalt":1,"cobblemon:ultra_ball":31,"cobblemon:ancient_poke_ball":5,"minecraft:feather":6,"cobblemon:great_ball":49,"minecraft:jungle_log":5,"minecraft:leather":1,"minecraft:dark_oak_boat":8,"minecraft:smoker":1,"cobblemon:razz_berry":12,"minecraft:oak_log":7,"minecraft:golden_boots":1,"minecraft:dirt":26,"cobblemon:passho_berry":28,"minecraft:glass":3,"minecraft:bone":10,"minecraft:apple":1,"minecraft:kelp":4,"minecraft:wheat_seeds":7,"cobblemon:potion":22,"minecraft:rabbit_hide":3,"minecraft:stone_pickaxe":2,"minecraft:diamond_helmet":1,"minecraft:rabbit":3,"minecraft:glass_bottle":13,"cobblemon:wacan_berry":4,"cobbledex:cobbledex_item":5,"minecraft:oak_planks":6,"cobblemizer:friendship_add_uncommon":1,"cobblemon:red_apricorn_seed":1,"minecraft:pink_bed":1,"minecraft:sweet_berries":5,"minecraft:sand":4,"cobblemon:persim_berry":69,"minecraft:purple_bed":25,"minecraft:stone_axe":2,"cobblemon:poke_ball":45,"minecraft:cracked_polished_blackstone_bricks":14,"minecraft:granite":1,"minecraft:emerald":1,"minecraft:bread":70,"cobblemon:chesto_berry":22,"minecraft:netherrack":2,"minecraft:coal":31,"minecraft:cocoa_beans":1},"minecraft:killed_by":{"cobblemon:pokemon":5},"minecraft:custom":{"minecraft:mob_kills":8,"minecraft:interact_with_crafting_table":18,"minecraft:open_barrel":3,"minecraft:bell_ring":1,"minecraft:leave_game":13,"minecraft:time_since_death":530457,"minecraft:climb_one_cm":9170,"minecraft:sprint_one_cm":1172962,"minecraft:walk_one_cm":730166,"minecraft:drop":87,"minecraft:talked_to_villager":15,"minecraft:play_time":631580,"minecraft:deaths":5,"minecraft:sneak_time":7680,"minecraft:walk_under_water_one_cm":95610,"minecraft:boat_one_cm":557871,"minecraft:jump":8092,"minecraft:walk_on_water_one_cm":66147,"minecraft:total_world_time":631580,"minecraft:interact_with_furnace":34,"minecraft:sleep_in_bed":36,"minecraft:time_since_rest":55585,"minecraft:damage_taken":5686,"minecraft:damage_dealt":2369,"minecraft:swim_one_cm":184480,"minecraft:fly_one_cm":1884651,"minecraft:player_kills":1,"minecraft:open_chest":59,"minecraft:crouch_one_cm":11903,"minecraft:interact_with_smoker":1,"minecraft:fall_one_cm":253878}},"DataVersion":3465}