{"stats":{"minecraft:crafted":{"minecraft:oak_planks":24,"minecraft:crafting_table":1,"minecraft:stick":4,"minecraft:wooden_axe":1},"minecraft:used":{"minecraft:dark_oak_hanging_sign":1,"minecraft:dark_oak_sign":1,"minecraft:stone_pickaxe":100,"minecraft:chest":4,"minecraft:warped_sign":1,"minecraft:torch":37,"minecraft:dirt":48,"minecraft:crafting_table":1,"cobblemon:healing_machine":8,"minecraft:birch_fence":44,"minecraft:oak_log":17,"minecraft:mud":2,"minecraft:wooden_axe":13,"minecraft:cherry_hanging_sign":3,"minecraft:lantern":4,"minecraft:cherry_sign":1,"minecraft:stone_axe":1,"cobblemon:pc":6,"minecraft:crimson_sign":1,"minecraft:pink_bed":1,"minecraft:cobblestone":28,"minecraft:hay_block":1,"minecraft:purple_bed":2,"minecraft:andesite":1,"minecraft:chain":5,"minecraft:egg":5},"minecraft:custom":{"minecraft:interact_with_crafting_table":1,"minecraft:leave_game":8,"minecraft:time_since_death":220465,"minecraft:sleep_in_bed":4,"minecraft:climb_one_cm":5615,"minecraft:time_since_rest":38179,"minecraft:sprint_one_cm":552328,"minecraft:damage_taken":1470,"minecraft:walk_one_cm":315540,"minecraft:drop":25,"minecraft:damage_dealt":220,"minecraft:swim_one_cm":96725,"minecraft:talked_to_villager":3,"minecraft:fly_one_cm":924036,"minecraft:open_chest":77,"minecraft:crouch_one_cm":1874,"minecraft:play_time":220465,"minecraft:sneak_time":936,"minecraft:walk_under_water_one_cm":6881,"minecraft:jump":4162,"minecraft:open_loot_ball":37,"minecraft:walk_on_water_one_cm":32173,"minecraft:total_world_time":220465,"minecraft:fall_one_cm":141839},"minecraft:dropped":{"minecraft:sweet_berries":5,"minecraft:wheat_seeds":12,"minecraft:mangrove_roots":1,"minecraft:glass_bottle":1,"minecraft:mangrove_propagule":2,"minecraft:chicken":1,"minecraft:feather":1,"minecraft:dirt":2,"minecraft:light_blue_wool":1,"minecraft:rabbit":1,"minecraft:oak_sapling":1},"minecraft:mined":{"cobblemon:healing_machine":7,"minecraft:acacia_leaves":1,"minecraft:pink_bed":1,"minecraft:mangrove_roots":1,"cobblemon:pc":5,"minecraft:powder_snow":10,"minecraft:crafting_table":1,"minecraft:torch":15,"minecraft:blast_furnace":1,"minecraft:grass_block":31,"minecraft:tall_grass":10,"minecraft:spruce_leaves":6,"minecraft:moss_block":1,"minecraft:mangrove_propagule":1,"cobblemon:relic_coin_pouch":3,"minecraft:wall_torch":1,"minecraft:hay_block":1,"minecraft:purple_bed":2,"minecraft:mud":2,"minecraft:grass":108,"minecraft:coal_ore":6,"minecraft:oak_log":16,"minecraft:vine":1,"minecraft:dirt":27,"minecraft:stone":76,"minecraft:oak_leaves":35,"minecraft:fern":13},"minecraft:picked_up":{"minecraft:mud":2,"minecraft:crafting_table":1,"minecraft:feather":1,"cobblemon:ultra_ball":1,"minecraft:chicken":2,"minecraft:potion":1,"minecraft:mushroom_stew":1,"minecraft:oak_log":16,"minecraft:dirt":57,"minecraft:apple":2,"minecraft:wheat_seeds":19,"minecraft:rabbit_hide":1,"cobblemon:oran_berry":20,"cobblemon:relic_coin":52,"minecraft:rabbit":1,"minecraft:moss_block":1,"minecraft:egg":5,"minecraft:pink_bed":2,"minecraft:stick":5,"cobblemon:pc":5,"minecraft:sweet_berries":5,"minecraft:torch":16,"minecraft:blast_furnace":1,"cobblemon:healing_machine":7,"minecraft:purple_bed":2,"minecraft:light_blue_wool":1,"cobblemon:poke_ball":7,"minecraft:hay_block":1,"minecraft:emerald":1,"minecraft:mangrove_roots":1,"minecraft:oak_sapling":3,"minecraft:coal":6,"minecraft:mangrove_propagule":2,"minecraft:cobblestone":76}},"DataVersion":3465}