{"stats":{"minecraft:mined":{"minecraft:hay_block":7,"byg:short_grass":2,"minecraft:oak_leaves":1},"minecraft:picked_up":{"minecraft:hay_block":9},"minecraft:used":{"minecraft:chest":1},"minecraft:custom":{"minecraft:jump":54,"minecraft:open_chest":25,"minecraft:time_since_rest":7829,"minecraft:play_one_minute":7829,"minecraft:leave_game":1,"minecraft:sprint_one_cm":12414,"minecraft:damage_taken":40,"minecraft:time_since_death":7829,"minecraft:walk_one_cm":6413,"minecraft:sneak_time":8,"minecraft:climb_one_cm":1245,"minecraft:interact_with_crafting_table":1,"minecraft:fall_one_cm":3167,"minecraft:fly_one_cm":14471,"minecraft:open_barrel":3}},"DataVersion":2586}