{"stats":{"minecraft:crafted":{"minecraft:oak_planks":661,"rotomphonecobblemonfabric:rotom_phone":1,"minecraft:iron_boots":2,"minecraft:iron_axe":1,"minecraft:chest":5,"minecraft:coal_block":1,"minecraft:wooden_shovel":1,"minecraft:crafting_table":2,"minecraft:iron_helmet":2,"minecraft:iron_sword":1,"minecraft:bucket":2,"minecraft:birch_planks":28,"minecraft:air":0,"minecraft:oak_boat":1,"minecraft:iron_chestplate":2,"minecraft:diamond_pickaxe":1,"minecraft:stick":8,"minecraft:iron_ingot":64,"minecraft:iron_pickaxe":1,"minecraft:wooden_axe":1,"minecraft:oak_stairs":40,"minecraft:iron_leggings":2,"minecraft:iron_shovel":1,"minecraft:gold_ingot":11},"minecraft:killed":{"rctmod:trainer":1,"cobblemon:pokemon":5,"minecraft:player":3},"minecraft:killed_by":{"cobblemon:pokemon":1,"minecraft:player":2},"minecraft:picked_up":{"minecraft:mud":2,"cobblemon:leaf_stone":4,"minecraft:crafting_table":2,"minecraft:chicken":4,"minecraft:clay_ball":12,"cobblemon:blue_mint_leaf":1,"minecraft:lead":1,"cobblemon:red_apricorn":1,"minecraft:potion":1,"minecraft:diamond_horse_armor":1,"minecraft:brewing_stand":1,"cobblemon:white_mint_leaf":2,"minecraft:beetroot_soup":1,"cobblemon:white_apricorn":3,"cobblemon:peat_mulch":1,"cobblemon:kings_rock":1,"minecraft:cobbled_deepslate":4,"minecraft:oak_boat":2,"cobblemon:oran_berry":27,"cobblemon:relic_coin":96,"minecraft:poppy":5,"cobblemon:dusk_stone":5,"cobblemon:pep_up_flower":3,"minecraft:chest":1,"minecraft:birch_sapling":93,"cobblemon:chople_berry":2,"minecraft:diamond_hoe":1,"minecraft:egg":12,"minecraft:stick":135,"minecraft:raw_iron":63,"cobblemon:apricorn_log":5,"minecraft:stone":1,"cobblemon:pc":6,"minecraft:torch":147,"minecraft:porkchop":2,"cobblemon:rawst_berry":3,"cobblemon:white_mint_seeds":1,"minecraft:cherry_log":33,"cobblemon:citrine_ball":1,"minecraft:carrot":1,"cobblemon:dawn_stone":4,"minecraft:rotten_flesh":2,"minecraft:light_blue_wool":1,"cobblemon:revive":17,"minecraft:hay_block":1,"minecraft:deepslate_bricks":2,"minecraft:cracked_deepslate_bricks":1,"minecraft:mangrove_roots":1,"minecraft:glow_berries":13,"minecraft:mutton":13,"cobblemon:blue_apricorn":9,"minecraft:snowball":24,"minecraft:cobblestone":3769,"minecraft:white_wool":1,"minecraft:sponge":1,"minecraft:birch_log":334,"minecraft:feather":4,"cobblemon:great_ball":19,"cobblemon:ultra_ball":23,"minecraft:andesite":7,"minecraft:brown_wool":3,"minecraft:leather":2,"minecraft:birch_planks":1,"minecraft:mushroom_stew":2,"minecraft:flint":12,"minecraft:tuff":1,"minecraft:oak_log":279,"minecraft:prismarine_bricks":1,"megamons:anistarite_geode_block":5,"minecraft:stripped_birch_log":1,"minecraft:lapis_lazuli":66,"minecraft:dirt":2335,"minecraft:lantern":4,"minecraft:name_tag":1,"minecraft:apple":10,"minecraft:wheat_seeds":26,"minecraft:rabbit_hide":2,"cobblemon:thunder_stone":5,"minecraft:rabbit":7,"cobblemon:moon_stone":3,"minecraft:moss_block":5,"minecraft:prismarine":1,"minecraft:oak_planks":22,"minecraft:sculk_catalyst":1,"minecraft:pink_bed":2,"minecraft:sweet_berries":8,"minecraft:dandelion":2,"cobblemon:awakening":1,"cobblemon:shiny_stone":5,"cobblemon:blue_apricorn_seed":1,"cobblemon:fire_stone":7,"minecraft:gravel":104,"cobblemon:pecha_berry":3,"cobblemon:persim_berry":10,"minecraft:spruce_sapling":11,"minecraft:blast_furnace":2,"minecraft:spruce_log":49,"cobblemon:aspear_berry":3,"megamons:anistarite_rough_geode_block":1,"cobblemon:healing_machine":9,"minecraft:purple_bed":5,"minecraft:diamond":6,"cobblemon:poke_ball":7,"minecraft:granite":2,"minecraft:cherry_sapling":27,"cobblemon:ice_stone":5,"minecraft:emerald":5,"minecraft:oak_sapling":86,"cobblemon:water_stone":4,"minecraft:netherrack":2,"minecraft:coal":43,"minecraft:mangrove_propagule":2,"minecraft:diamond_pickaxe":1},"minecraft:used":{"minecraft:cherry_sapling":58,"minecraft:iron_shovel":235,"minecraft:cracked_deepslate_bricks":1,"minecraft:chest":26,"minecraft:iron_sword":36,"minecraft:stone":260,"minecraft:warped_sign":1,"lootballs:master_loot_ball":4,"lootballs:great_loot_ball":1,"minecraft:netherrack":17,"minecraft:torch":553,"minecraft:brewing_stand":1,"minecraft:dirt":949,"minecraft:anvil":7,"minecraft:cherry_pressure_plate":4,"minecraft:tuff":20,"minecraft:snowball":20,"minecraft:birch_door":4,"minecraft:glass":152,"minecraft:wooden_axe":13,"minecraft:dark_oak_planks":421,"minecraft:chipped_anvil":1,"minecraft:iron_axe":567,"minecraft:lantern":47,"minecraft:oak_stairs":20,"minecraft:dark_oak_slab":235,"minecraft:cherry_leaves":19,"cobblemon:pc":7,"minecraft:black_stained_glass":2,"minecraft:hay_block":1,"minecraft:goat_horn":1,"minecraft:furnace":4,"minecraft:egg":10,"minecraft:pearlescent_froglight":2,"minecraft:cobbled_deepslate":1,"minecraft:cherry_log":2,"minecraft:cherry_fence":18,"minecraft:water_bucket":2,"minecraft:dark_oak_hanging_sign":1,"minecraft:birch_planks":161,"minecraft:stone_pickaxe":133,"minecraft:dark_oak_sign":1,"minecraft:oak_planks":516,"minecraft:cherry_planks":2322,"minecraft:diamond_axe":307,"minecraft:deepslate_bricks":2,"minecraft:crafting_table":5,"minecraft:mushroom_stew":1,"minecraft:blast_furnace":4,"cobblemon:healing_machine":10,"minecraft:smoker":2,"minecraft:spruce_log":1254,"minecraft:birch_fence":44,"minecraft:purple_stained_glass":8,"minecraft:oak_log":17,"minecraft:mud":2,"minecraft:diamond_pickaxe":3655,"minecraft:cherry_hanging_sign":3,"minecraft:diamond_shovel":2216,"minecraft:bread":71,"minecraft:iron_pickaxe":307,"minecraft:cherry_sign":1,"minecraft:spruce_trapdoor":3,"minecraft:deepslate":42,"minecraft:crimson_sign":1,"minecraft:stone_axe":3,"minecraft:magenta_stained_glass_pane":6,"minecraft:pink_bed":2,"minecraft:cobblestone":94,"minecraft:purple_bed":7,"minecraft:pink_stained_glass":10,"minecraft:chain":129,"minecraft:bucket":1,"minecraft:white_stained_glass":1,"minecraft:andesite":8,"minecraft:glass_pane":217,"minecraft:oak_boat":4,"minecraft:stripped_cherry_log":523,"minecraft:bone_meal":17,"minecraft:birch_stairs":198},"minecraft:custom":{"minecraft:interact_with_anvil":7,"minecraft:mob_kills":9,"minecraft:interact_with_crafting_table":26,"minecraft:leave_game":29,"minecraft:time_since_death":39706,"minecraft:climb_one_cm":7385,"minecraft:sprint_one_cm":2213569,"minecraft:walk_one_cm":2512422,"minecraft:drop":105,"minecraft:talked_to_villager":8,"minecraft:play_time":1387080,"minecraft:deaths":6,"minecraft:sneak_time":45509,"minecraft:walk_under_water_one_cm":129845,"minecraft:boat_one_cm":220271,"minecraft:jump":14061,"minecraft:interact_with_brewingstand":1,"minecraft:interact_with_blast_furnace":9,"minecraft:walk_on_water_one_cm":127746,"minecraft:total_world_time":1387080,"minecraft:interact_with_furnace":7,"minecraft:sleep_in_bed":17,"minecraft:time_since_rest":42719,"minecraft:damage_taken":8295,"minecraft:damage_dealt":2692,"minecraft:swim_one_cm":243161,"minecraft:player_kills":3,"minecraft:fly_one_cm":3453618,"minecraft:open_chest":280,"minecraft:crouch_one_cm":157731,"minecraft:open_loot_ball":61,"minecraft:fall_one_cm":445137},"minecraft:mined":{"cobblemon:healing_machine":8,"minecraft:tuff":1,"minecraft:pink_bed":1,"minecraft:deepslate_diamond_ore":6,"cobblemon:dawn_stone_ore":2,"minecraft:cherry_log":33,"minecraft:stripped_birch_log":1,"minecraft:mangrove_roots":1,"cobblemon:pc":6,"cobblemon:apricorn_log":5,"minecraft:brewing_stand":1,"megamons:crystal_shiny_stone_ore":5,"minecraft:granite":2,"minecraft:grass_block":989,"megamons:crystal_water_stone_ore":4,"megamons:crystal_fire_stone_ore":7,"minecraft:deepslate_bricks":2,"minecraft:spruce_leaves":16,"megamons:crystal_dusk_stone_ore":5,"minecraft:moss_block":5,"minecraft:mangrove_propagule":1,"minecraft:hay_block":1,"minecraft:iron_ore":62,"minecraft:cobbled_deepslate":4,"minecraft:snow":26,"minecraft:andesite":7,"minecraft:deepslate_lapis_ore":8,"minecraft:sculk_shrieker":1,"minecraft:vine":10,"megamons:crystal_ice_stone_ore":5,"minecraft:stone":3872,"megamons:crystal_thunder_stone_ore":5,"megamons:crystal_leaf_stone_ore":3,"megamons:anistarite_rough_geode_block":1,"minecraft:acacia_leaves":1,"megamons:anistarite_geode_block":5,"cobblemon:leaf_stone_ore":1,"minecraft:dandelion":2,"minecraft:powder_snow":10,"minecraft:crafting_table":2,"minecraft:clay":3,"minecraft:torch":55,"minecraft:blast_furnace":2,"minecraft:emerald_ore":1,"minecraft:poppy":2,"minecraft:chest":1,"minecraft:sculk_sensor":6,"minecraft:cobblestone":1,"minecraft:tall_grass":18,"megamons:crystal_moon_stone_ore":4,"minecraft:lapis_ore":3,"minecraft:prismarine":1,"minecraft:oak_planks":25,"minecraft:sculk":7,"minecraft:cracked_deepslate_bricks":1,"cobblemon:relic_coin_pouch":3,"minecraft:wall_torch":20,"minecraft:prismarine_bricks":1,"minecraft:birch_planks":1,"minecraft:purple_bed":5,"minecraft:mud":2,"minecraft:birch_log":345,"minecraft:spruce_log":51,"megamons:crystal_dawn_stone_ore":2,"minecraft:grass":177,"minecraft:coal_ore":27,"minecraft:oak_log":295,"cobblemon:white_mint":1,"minecraft:gravel":116,"minecraft:dirt":1479,"minecraft:oak_leaves":57,"minecraft:deepslate":3,"minecraft:fern":14},"minecraft:broken":{"minecraft:stone_pickaxe":1,"minecraft:diamond_shovel":1,"minecraft:diamond_pickaxe":2,"minecraft:iron_axe":2,"minecraft:iron_pickaxe":1},"minecraft:dropped":{"minecraft:bread":133,"simple_backpack:backpack":2,"minecraft:porkchop":2,"minecraft:moss_block":5,"minecraft:wheat_seeds":25,"minecraft:glass_bottle":15,"minecraft:mangrove_propagule":2,"minecraft:feather":3,"minecraft:cobblestone":1,"cobblemon:potion":20,"minecraft:black_bed":1,"minecraft:granite":2,"cobblemon:oran_berry":6,"cobblemon:exp_share":1,"minecraft:mushroom_stew":1,"rctmod:trainer_card":1,"cobblemon:revive":32,"minecraft:coal":1,"minecraft:dirt":7,"minecraft:sculk_catalyst":1,"minecraft:torch":66,"cobblemon:poke_ball":20,"minecraft:light_blue_wool":1,"minecraft:mutton":11,"cobblemon:exp_candy_s":2,"minecraft:wooden_axe":1,"minecraft:rabbit":5,"minecraft:brown_wool":3,"cobblemon:great_ball":32,"cobblemon:leaf_stone":1,"cobblemon:ultra_ball":21,"minecraft:sweet_berries":8,"minecraft:mangrove_roots":1,"minecraft:cobbled_deepslate":3,"minecraft:bowl":1,"minecraft:deepslate":1,"minecraft:raw_iron":1,"minecraft:chicken":4,"minecraft:rotten_flesh":2,"minecraft:carrot":1,"minecraft:rabbit_hide":1,"cobblemon:rawst_berry":3,"minecraft:diamond_pickaxe":1,"cobblemon:healing_machine":2,"cobblemon:pc":1,"minecraft:oak_sapling":6,"minecraft:prismarine_bricks":1,"cobblemizer:iv_random":1,"minecraft:netherrack":2}},"DataVersion":3465}