{"stats":{"minecraft:crafted":{"minecraft:oak_planks":24,"minecraft:crafting_table":1,"minecraft:stick":4,"minecraft:wooden_axe":1},"minecraft:used":{"minecraft:birch_fence":44,"minecraft:oak_log":1,"minecraft:wooden_axe":13,"minecraft:cherry_hanging_sign":2,"minecraft:crafting_table":1,"minecraft:lantern":4,"minecraft:andesite":1,"minecraft:chain":5,"minecraft:chest":4},"minecraft:custom":{"minecraft:open_chest":39,"minecraft:time_since_rest":12372,"minecraft:crouch_one_cm":119,"minecraft:play_time":12372,"minecraft:sprint_one_cm":4159,"minecraft:walk_one_cm":18523,"minecraft:sneak_time":146,"minecraft:jump":45,"minecraft:open_loot_ball":1,"minecraft:leave_game":3,"minecraft:time_since_death":12372,"minecraft:total_world_time":12372,"minecraft:climb_one_cm":20,"minecraft:fall_one_cm":209,"minecraft:interact_with_crafting_table":1,"minecraft:fly_one_cm":24304},"minecraft:mined":{"minecraft:grass":1,"minecraft:oak_log":16,"minecraft:vine":1,"minecraft:crafting_table":1},"minecraft:picked_up":{"minecraft:stick":2,"minecraft:crafting_table":1,"minecraft:apple":2,"minecraft:oak_log":16,"minecraft:oak_sapling":2}},"DataVersion":3465}