{"stats":{"minecraft:dropped":{"minecraft:wheat_seeds":5,"byg:yellow_spruce_sapling":1},"minecraft:crafted":{"minecraft:crafting_table":1,"minecraft:birch_boat":1,"minecraft:birch_planks":12},"minecraft:picked_up":{"minecraft:birch_log":3,"minecraft:crafting_table":2,"pixelmon:revive":30,"minecraft:andesite":1,"minecraft:golden_pickaxe":2,"pixelmon:pokemail_heart":1,"minecraft:potato":4,"minecraft:birch_planks":3,"pixelmon:poke_ball":71,"minecraft:golden_boots":2,"minecraft:dirt":23,"byg:yellow_spruce_sapling":3,"minecraft:experience_bottle":1,"minecraft:gold_nugget":44,"minecraft:wheat_seeds":5,"byg:blueberries":3,"pixelmon:potion":40,"minecraft:stone_pickaxe":2,"minecraft:birch_boat":5,"minecraft:pumpkin":3,"minecraft:torch":127,"minecraft:blast_furnace":4,"minecraft:dispenser":1,"minecraft:stone_sword":2,"pixelmon:magenta_pc":2,"pixelmon:purple_poke_bag":4,"minecraft:stone_axe":2,"pixelmon:rose_incense":1,"minecraft:lever":4,"pixelmon:sweet_love":1,"minecraft:hay_block":27,"minecraft:emerald":1,"minecraft:glistering_melon_slice":20,"minecraft:bread":122,"minecraft:white_shulker_box":2,"minecraft:obsidian":4,"minecraft:cod":8},"minecraft:custom":{"minecraft:interact_with_smithing_table":1,"minecraft:inspect_hopper":1,"minecraft:interact_with_crafting_table":5,"minecraft:interact_with_cartography_table":1,"minecraft:tune_noteblock":1,"minecraft:open_barrel":14,"minecraft:play_one_minute":70441,"minecraft:interact_with_loom":1,"minecraft:open_shulker_box":2,"minecraft:eat_cake_slice":2,"minecraft:interact_with_grindstone":1,"minecraft:leave_game":2,"minecraft:time_since_death":41947,"minecraft:climb_one_cm":2543,"minecraft:time_since_rest":41972,"minecraft:sprint_one_cm":177618,"minecraft:damage_taken":600,"minecraft:walk_one_cm":83073,"minecraft:drop":5,"minecraft:swim_one_cm":70700,"minecraft:fly_one_cm":321700,"minecraft:open_chest":33,"minecraft:crouch_one_cm":656,"minecraft:deaths":2,"minecraft:sneak_time":431,"minecraft:walk_under_water_one_cm":41628,"minecraft:boat_one_cm":125992,"minecraft:jump":1395,"minecraft:interact_with_blast_furnace":3,"minecraft:walk_on_water_one_cm":11870,"minecraft:fall_one_cm":45715},"minecraft:mined":{"minecraft:podzol":1,"byg:orange_oak_leaves":4,"byg:skyris_leaves":1,"minecraft:crafting_table":1,"minecraft:blast_furnace":4,"minecraft:grass_block":15,"minecraft:hay_block":7,"minecraft:birch_log":4,"byg:short_grass":8,"minecraft:pumpkin":3,"minecraft:grass":28,"pixelmon:pink_mail_box":1,"byg:blueberry_bush":1,"minecraft:dirt":3,"byg:yellow_spruce_leaves":4,"minecraft:white_shulker_box":2,"minecraft:dispenser":1,"minecraft:oak_leaves":2,"minecraft:fern":2},"minecraft:used":{"minecraft:dispenser":1,"minecraft:chest":1,"minecraft:birch_boat":5,"minecraft:white_shulker_box":1,"minecraft:torch":1,"minecraft:dirt":17,"minecraft:crafting_table":1,"minecraft:brown_terracotta":1,"byg:blueberries":3,"minecraft:bread":9,"minecraft:stone_axe":11,"minecraft:golden_pickaxe":9}},"DataVersion":2586}