{"stats":{"minecraft:killed":{"minecraft:spider":1,"minecraft:skeleton":1,"minecraft:zombie":5},"minecraft:dropped":{"minecraft:furnace":1,"minecraft:stone_axe":1,"minecraft:wheat_seeds":1,"minecraft:raw_iron":2,"minecraft:feather":1,"minecraft:rotten_flesh":2,"cobblemon:potion":16,"cobbledex:cobbledex_item":2,"minecraft:torch":8,"minecraft:mutton":2,"minecraft:carved_pumpkin":1,"minecraft:arrow":1,"minecraft:stone_pickaxe":1,"cobblemizer:iv_random":1,"minecraft:white_wool":2,"minecraft:bone":2},"minecraft:killed_by":{"cobblemon:pokemon":3},"minecraft:custom":{"minecraft:mob_kills":7,"minecraft:interact_with_crafting_table":2,"minecraft:leave_game":1,"minecraft:time_since_death":6666,"minecraft:sleep_in_bed":8,"minecraft:climb_one_cm":2386,"minecraft:time_since_rest":6699,"minecraft:sprint_one_cm":161557,"minecraft:damage_taken":1853,"minecraft:walk_one_cm":114306,"minecraft:drop":17,"minecraft:damage_dealt":1440,"minecraft:swim_one_cm":64582,"minecraft:fly_one_cm":276185,"minecraft:open_chest":40,"minecraft:crouch_one_cm":344,"minecraft:play_time":83429,"minecraft:deaths":3,"minecraft:sneak_time":1619,"minecraft:walk_under_water_one_cm":15032,"minecraft:jump":1122,"minecraft:walk_on_water_one_cm":18282,"minecraft:total_world_time":83429,"minecraft:fall_one_cm":23142},"minecraft:used":{"minecraft:acacia_log":1,"minecraft:oak_planks":4,"minecraft:oak_sign":3,"minecraft:chest":4,"minecraft:torch":17,"minecraft:crafting_table":1,"minecraft:wooden_axe":18,"minecraft:grass_block":1,"minecraft:bread":26,"cobblemon:pc":1,"minecraft:purple_bed":3,"minecraft:egg":1},"minecraft:picked_up":{"minecraft:wooden_axe":1,"cobblemon:remedy":1,"minecraft:crafting_table":2,"minecraft:feather":5,"cobblemon:great_ball":14,"minecraft:chicken":7,"minecraft:clay_ball":3,"minecraft:oak_log":5,"cobblemon:passho_berry":18,"minecraft:bone":8,"minecraft:wheat_seeds":1,"cobblemon:potion":12,"minecraft:rabbit_hide":2,"minecraft:stone_pickaxe":1,"cobblemon:oran_berry":97,"minecraft:glass_bottle":8,"minecraft:rabbit":2,"minecraft:sugar_cane":28,"minecraft:oak_planks":3,"cobbledex:cobbledex_item":3,"simpletms:tr_mudslap":2,"minecraft:furnace":1,"minecraft:egg":1,"minecraft:stick":2,"minecraft:raw_iron":2,"minecraft:torch":128,"minecraft:acacia_log":1,"minecraft:arrow":3,"minecraft:purple_bed":3,"minecraft:rotten_flesh":8,"cobblemon:poke_ball":31,"minecraft:stone_axe":1,"cobblemon:revive":8,"minecraft:carved_pumpkin":3,"minecraft:bread":38,"minecraft:mutton":2,"cobblemon:blue_apricorn":6,"minecraft:white_wool":2,"cobblemizer:iv_random":2},"minecraft:crafted":{"minecraft:oak_planks":20,"minecraft:crafting_table":2,"minecraft:stick":4,"minecraft:wooden_axe":1},"minecraft:mined":{"minecraft:acacia_leaves":1,"minecraft:torch":6,"minecraft:acacia_log":1,"minecraft:chest":1,"minecraft:sugar_cane":5,"minecraft:wall_torch":1,"minecraft:purple_bed":3,"minecraft:grass":5,"minecraft:oak_log":5,"minecraft:dirt":1,"minecraft:oak_leaves":2}},"DataVersion":3465}