{"stats":{"minecraft:killed":{"minecraft:skeleton":1},"minecraft:dropped":{"cobbledex:cobbledex_item":2,"minecraft:stone_axe":1,"minecraft:furnace":1,"minecraft:wheat_seeds":1,"minecraft:torch":8,"minecraft:mutton":2,"minecraft:raw_iron":2,"minecraft:feather":1,"minecraft:carved_pumpkin":1,"minecraft:rotten_flesh":2,"cobblemon:potion":16,"minecraft:arrow":1,"minecraft:stone_pickaxe":1,"cobblemizer:iv_random":1,"minecraft:white_wool":2,"minecraft:bone":2},"minecraft:killed_by":{"cobblemon:pokemon":1},"minecraft:custom":{"minecraft:time_since_rest":33853,"minecraft:sprint_one_cm":45973,"minecraft:damage_taken":277,"minecraft:walk_one_cm":54451,"minecraft:mob_kills":1,"minecraft:drop":17,"minecraft:damage_dealt":155,"minecraft:swim_one_cm":6352,"minecraft:fly_one_cm":94181,"minecraft:open_chest":40,"minecraft:crouch_one_cm":304,"minecraft:play_time":47429,"minecraft:deaths":1,"minecraft:sneak_time":1465,"minecraft:walk_under_water_one_cm":615,"minecraft:jump":248,"minecraft:leave_game":1,"minecraft:time_since_death":33822,"minecraft:walk_on_water_one_cm":1839,"minecraft:sleep_in_bed":1,"minecraft:total_world_time":47429,"minecraft:fall_one_cm":3135},"minecraft:used":{"minecraft:acacia_log":1,"minecraft:grass_block":1,"minecraft:bread":2,"minecraft:oak_sign":3,"minecraft:chest":4,"cobblemon:pc":1,"minecraft:torch":4},"minecraft:picked_up":{"minecraft:raw_iron":2,"minecraft:chicken":2,"minecraft:feather":3,"minecraft:clay_ball":1,"minecraft:torch":8,"minecraft:acacia_log":1,"minecraft:arrow":1,"minecraft:bone":2,"minecraft:rotten_flesh":2,"minecraft:stone_axe":1,"minecraft:wheat_seeds":1,"cobblemon:oran_berry":23,"minecraft:carved_pumpkin":1,"minecraft:stone_pickaxe":1,"minecraft:mutton":2,"cobbledex:cobbledex_item":2,"minecraft:white_wool":2,"minecraft:furnace":1},"minecraft:mined":{"minecraft:acacia_leaves":1,"minecraft:grass":1,"minecraft:acacia_log":1,"minecraft:chest":1}},"DataVersion":3465}