{"stats":{"minecraft:dropped":{"minecraft:wheat_seeds":5},"minecraft:crafted":{"minecraft:crafting_table":1,"minecraft:birch_boat":1,"minecraft:birch_planks":12},"minecraft:picked_up":{"minecraft:birch_log":3,"minecraft:crafting_table":2,"pixelmon:revive":30,"minecraft:pumpkin":3,"minecraft:birch_boat":5,"minecraft:golden_pickaxe":2,"minecraft:torch":127,"minecraft:birch_planks":3,"minecraft:potato":4,"pixelmon:poke_ball":70,"minecraft:golden_boots":2,"minecraft:dirt":23,"minecraft:experience_bottle":1,"byg:yellow_spruce_sapling":3,"minecraft:stone_sword":2,"pixelmon:magenta_pc":2,"minecraft:stone_axe":2,"byg:blueberries":3,"minecraft:wheat_seeds":5,"minecraft:gold_nugget":44,"pixelmon:purple_poke_bag":4,"pixelmon:potion":40,"minecraft:hay_block":27,"minecraft:stone_pickaxe":2,"minecraft:glistering_melon_slice":20,"minecraft:bread":122,"minecraft:obsidian":4,"minecraft:cod":8},"minecraft:custom":{"minecraft:time_since_rest":17972,"minecraft:sprint_one_cm":129950,"minecraft:damage_taken":540,"minecraft:walk_one_cm":41606,"minecraft:drop":4,"minecraft:swim_one_cm":60682,"minecraft:interact_with_crafting_table":5,"minecraft:fly_one_cm":226675,"minecraft:open_barrel":7,"minecraft:open_chest":28,"minecraft:play_one_minute":46441,"minecraft:crouch_one_cm":522,"minecraft:deaths":2,"minecraft:sneak_time":301,"minecraft:walk_under_water_one_cm":9434,"minecraft:boat_one_cm":93332,"minecraft:jump":1028,"minecraft:leave_game":2,"minecraft:walk_on_water_one_cm":9044,"minecraft:time_since_death":17947,"minecraft:climb_one_cm":2387,"minecraft:fall_one_cm":32792},"minecraft:mined":{"minecraft:podzol":1,"minecraft:hay_block":7,"byg:orange_oak_leaves":4,"minecraft:birch_log":4,"byg:skyris_leaves":1,"byg:short_grass":8,"minecraft:pumpkin":3,"minecraft:crafting_table":1,"minecraft:grass":28,"minecraft:grass_block":15,"minecraft:dirt":3,"byg:blueberry_bush":1,"byg:yellow_spruce_leaves":4,"minecraft:oak_leaves":2,"minecraft:fern":2},"minecraft:used":{"byg:blueberries":3,"minecraft:bread":7,"minecraft:birch_boat":4,"minecraft:chest":1,"minecraft:stone_axe":11,"minecraft:torch":1,"minecraft:dirt":17,"minecraft:crafting_table":1}},"DataVersion":2586}