{"stats":{"minecraft:killed":{"minecraft:spider":1,"minecraft:skeleton":1,"minecraft:zombie":5},"minecraft:dropped":{"minecraft:furnace":1,"minecraft:stone_axe":1,"minecraft:wheat_seeds":1,"minecraft:raw_iron":2,"minecraft:feather":1,"minecraft:rotten_flesh":2,"cobblemon:potion":16,"cobbledex:cobbledex_item":2,"minecraft:torch":8,"minecraft:mutton":2,"minecraft:carved_pumpkin":1,"minecraft:arrow":1,"minecraft:stone_pickaxe":1,"cobblemizer:iv_random":1,"minecraft:white_wool":2,"minecraft:bone":2},"minecraft:killed_by":{"cobblemon:pokemon":5},"minecraft:custom":{"minecraft:mob_kills":7,"minecraft:interact_with_crafting_table":2,"minecraft:leave_game":1,"minecraft:time_since_death":6306,"minecraft:sleep_in_bed":9,"minecraft:climb_one_cm":2805,"minecraft:time_since_rest":6334,"minecraft:sprint_one_cm":230690,"minecraft:damage_taken":2428,"minecraft:walk_one_cm":135690,"minecraft:drop":17,"minecraft:damage_dealt":1446,"minecraft:swim_one_cm":89351,"minecraft:fly_one_cm":422133,"minecraft:open_chest":40,"minecraft:crouch_one_cm":344,"minecraft:play_time":107429,"minecraft:deaths":5,"minecraft:sneak_time":1705,"minecraft:walk_under_water_one_cm":22311,"minecraft:jump":1637,"minecraft:walk_on_water_one_cm":23547,"minecraft:total_world_time":107429,"minecraft:fall_one_cm":42208},"minecraft:used":{"minecraft:acacia_log":1,"minecraft:oak_planks":4,"minecraft:oak_sign":3,"minecraft:chest":4,"minecraft:torch":18,"minecraft:crafting_table":1,"minecraft:wooden_axe":18,"minecraft:grass_block":1,"minecraft:bread":32,"cobblemon:pc":1,"minecraft:purple_bed":4,"minecraft:egg":1},"minecraft:picked_up":{"minecraft:wooden_axe":1,"cobblemon:remedy":2,"minecraft:crafting_table":3,"minecraft:feather":6,"cobblemon:great_ball":18,"minecraft:chicken":9,"minecraft:clay_ball":4,"minecraft:oak_log":5,"cobblemon:passho_berry":28,"minecraft:bone":10,"minecraft:wheat_seeds":1,"cobblemon:potion":21,"minecraft:rabbit_hide":3,"minecraft:stone_pickaxe":1,"cobblemon:oran_berry":140,"minecraft:glass_bottle":13,"minecraft:rabbit":3,"minecraft:sugar_cane":44,"minecraft:oak_planks":6,"cobbledex:cobbledex_item":4,"simpletms:tr_mudslap":3,"minecraft:furnace":1,"minecraft:egg":1,"minecraft:stick":6,"minecraft:raw_iron":2,"minecraft:torch":185,"minecraft:acacia_log":1,"cobblemon:persim_berry":18,"minecraft:arrow":4,"minecraft:purple_bed":5,"minecraft:rotten_flesh":12,"cobblemon:poke_ball":44,"minecraft:stone_axe":1,"cobblemon:revive":13,"minecraft:carved_pumpkin":4,"minecraft:bread":70,"minecraft:mutton":2,"cobblemon:blue_apricorn":9,"minecraft:white_wool":2,"cobblemizer:iv_random":4},"minecraft:crafted":{"minecraft:oak_planks":20,"minecraft:crafting_table":2,"minecraft:stick":4,"minecraft:wooden_axe":1},"minecraft:mined":{"minecraft:acacia_leaves":1,"minecraft:torch":6,"minecraft:acacia_log":1,"minecraft:chest":1,"minecraft:sugar_cane":8,"minecraft:wall_torch":1,"minecraft:purple_bed":4,"minecraft:grass":9,"minecraft:oak_log":5,"minecraft:dirt":1,"minecraft:oak_leaves":2}},"DataVersion":3465}