{"stats":{"minecraft:crafted":{"minecraft:oak_planks":24,"minecraft:crafting_table":1,"minecraft:stick":4,"minecraft:wooden_axe":1},"minecraft:used":{"minecraft:birch_fence":44,"minecraft:oak_log":17,"minecraft:wooden_axe":13,"minecraft:cherry_hanging_sign":3,"minecraft:dark_oak_hanging_sign":1,"minecraft:crafting_table":1,"minecraft:lantern":4,"minecraft:stone_pickaxe":2,"minecraft:dark_oak_sign":1,"minecraft:andesite":1,"minecraft:chain":5,"minecraft:chest":4,"minecraft:cherry_sign":1,"minecraft:warped_sign":1,"minecraft:crimson_sign":1},"minecraft:custom":{"minecraft:open_chest":72,"minecraft:time_since_rest":26298,"minecraft:crouch_one_cm":192,"minecraft:play_time":26298,"minecraft:sprint_one_cm":13735,"minecraft:walk_one_cm":43906,"minecraft:sneak_time":244,"minecraft:jump":115,"minecraft:damage_dealt":40,"minecraft:open_loot_ball":1,"minecraft:leave_game":4,"minecraft:time_since_death":26298,"minecraft:total_world_time":26298,"minecraft:climb_one_cm":20,"minecraft:fall_one_cm":1463,"minecraft:interact_with_crafting_table":1,"minecraft:fly_one_cm":42811},"minecraft:mined":{"minecraft:grass":5,"minecraft:oak_log":16,"minecraft:vine":1,"minecraft:stone":2,"minecraft:crafting_table":1},"minecraft:picked_up":{"minecraft:stick":2,"minecraft:crafting_table":1,"minecraft:apple":2,"minecraft:oak_log":16,"minecraft:oak_sapling":2,"minecraft:cobblestone":1,"minecraft:pink_bed":1}},"DataVersion":3465}