{"stats":{"minecraft:used":{"minecraft:stone_sword":2,"minecraft:stone_pickaxe":14,"minecraft:stone_axe":59,"minecraft:oak_sapling":1,"minecraft:egg":2,"cobblemon:healing_machine":5},"minecraft:custom":{"minecraft:time_since_rest":48703,"minecraft:sprint_one_cm":83403,"minecraft:damage_taken":225,"minecraft:walk_one_cm":73513,"minecraft:mob_kills":17,"minecraft:drop":9,"minecraft:damage_dealt":1805,"minecraft:swim_one_cm":4424,"minecraft:fly_one_cm":163159,"minecraft:open_chest":5,"minecraft:crouch_one_cm":377,"minecraft:play_time":48703,"minecraft:sneak_time":185,"minecraft:walk_under_water_one_cm":929,"minecraft:jump":667,"minecraft:open_loot_ball":5,"minecraft:leave_game":1,"minecraft:time_since_death":48703,"minecraft:walk_on_water_one_cm":1447,"minecraft:total_world_time":48703,"minecraft:fall_one_cm":22462},"minecraft:dropped":{"minecraft:pink_bed":1,"minecraft:glass_bottle":1,"minecraft:mutton":15,"minecraft:rabbit":1,"minecraft:oak_sapling":6,"minecraft:beef":11,"minecraft:carrot":1},"minecraft:killed":{"minecraft:sheep":11,"cobblemon:pokemon":2,"minecraft:cow":4},"minecraft:mined":{"cobblemon:healing_machine":4,"cobblemon:medicinal_leek":5,"minecraft:grass":2,"minecraft:grass_block":1,"minecraft:oak_log":32,"minecraft:vine":1,"minecraft:sand":30,"cobblemon:cyan_mint":3,"cobblemon:chilan_berry":2,"minecraft:stone":7,"minecraft:sandstone":3},"minecraft:picked_up":{"cobblemon:remedy":1,"minecraft:stick":4,"minecraft:sandstone":3,"cobblemon:ultra_ball":1,"cobblemon:yellow_apricorn":5,"minecraft:leather":4,"minecraft:sand":30,"cobblemon:yellow_apricorn_seed":1,"minecraft:oak_log":32,"cobblemon:medicinal_brew":1,"minecraft:carrot":1,"cobblemon:cyan_mint_seeds":3,"cobblemon:healing_machine":4,"minecraft:beetroot_soup":1,"minecraft:apple":1,"cobblemon:poke_ball":1,"cobblemon:potion":2,"minecraft:rabbit_hide":1,"minecraft:beef":11,"minecraft:bread":1,"minecraft:oak_sapling":7,"minecraft:rabbit":1,"cobblemon:medicinal_leek":11,"cobblemon:pep_up_flower":2,"minecraft:black_wool":2,"minecraft:mutton":15,"cobblemon:blue_apricorn":3,"cobblemon:cyan_mint_leaf":6,"minecraft:white_wool":10,"minecraft:cobblestone":7,"minecraft:egg":3}},"DataVersion":3465}