{"stats":{"minecraft:crafted":{"minecraft:bucket":1,"minecraft:stick":4,"minecraft:iron_pickaxe":1},"minecraft:used":{"minecraft:water_bucket":4,"minecraft:stone_sword":2,"minecraft:stone_pickaxe":14,"minecraft:torch":38,"minecraft:crafting_table":2,"cobblemon:healing_machine":5,"minecraft:iron_pickaxe":98,"minecraft:stone_axe":61,"minecraft:cobblestone":18,"minecraft:oak_sapling":1,"minecraft:bucket":5,"minecraft:egg":2,"minecraft:cobbled_deepslate":12},"minecraft:custom":{"minecraft:mob_kills":17,"minecraft:interact_with_crafting_table":3,"minecraft:leave_game":1,"minecraft:time_since_death":72703,"minecraft:time_since_rest":72703,"minecraft:sprint_one_cm":150103,"minecraft:damage_taken":785,"minecraft:walk_one_cm":106962,"minecraft:drop":11,"minecraft:damage_dealt":1815,"minecraft:swim_one_cm":19798,"minecraft:fly_one_cm":344681,"minecraft:open_chest":5,"minecraft:crouch_one_cm":4576,"minecraft:play_time":72703,"minecraft:sneak_time":1401,"minecraft:walk_under_water_one_cm":3595,"minecraft:jump":1502,"minecraft:open_loot_ball":10,"minecraft:walk_on_water_one_cm":10210,"minecraft:total_world_time":72703,"minecraft:fall_one_cm":56362},"minecraft:dropped":{"minecraft:pink_bed":1,"minecraft:glow_ink_sac":2,"minecraft:glass_bottle":1,"minecraft:carrot":1,"minecraft:mutton":15,"minecraft:rabbit":1,"minecraft:oak_sapling":6,"minecraft:beef":11,"minecraft:stone_pickaxe":1},"minecraft:killed":{"cobblemon:pokemon":2,"minecraft:sheep":11,"minecraft:cow":4},"minecraft:mined":{"cobblemon:healing_machine":4,"minecraft:deepslate_diamond_ore":1,"cobblemon:deepslate_water_stone_ore":1,"minecraft:crafting_table":2,"minecraft:grass_block":2,"minecraft:copper_ore":7,"cobblemon:cyan_mint":3,"minecraft:deepslate_gold_ore":6,"cobblemon:chilan_berry":2,"minecraft:sandstone":3,"minecraft:deepslate_copper_ore":11,"minecraft:iron_ore":33,"cobblemon:deepslate_thunder_stone_ore":2,"cobblemon:medicinal_leek":5,"minecraft:grass":2,"minecraft:oak_log":32,"minecraft:deepslate_iron_ore":12,"minecraft:vine":1,"minecraft:sand":30,"minecraft:stone":13,"minecraft:gold_ore":5,"minecraft:deepslate":14},"minecraft:picked_up":{"cobblemon:remedy":1,"minecraft:crafting_table":2,"cobblemon:ultra_ball":1,"minecraft:glow_ink_sac":2,"cobblemon:yellow_apricorn":5,"minecraft:leather":4,"minecraft:oak_log":32,"cobblemon:medicinal_brew":1,"cobblemon:cyan_mint_seeds":3,"minecraft:raw_copper":67,"minecraft:beetroot_soup":1,"minecraft:apple":1,"minecraft:cobbled_deepslate":14,"minecraft:raw_gold":11,"cobblemon:potion":2,"minecraft:rabbit_hide":1,"minecraft:beef":11,"cobblemon:thunder_stone":2,"minecraft:rabbit":1,"cobblemon:pep_up_flower":2,"minecraft:egg":3,"cobblemon:cyan_mint_leaf":6,"minecraft:stick":4,"minecraft:raw_iron":45,"minecraft:sandstone":3,"minecraft:sand":30,"cobblemon:yellow_apricorn_seed":1,"minecraft:carrot":1,"cobblemon:healing_machine":4,"minecraft:diamond":1,"cobblemon:poke_ball":1,"minecraft:bread":1,"cobblemon:water_stone":1,"cobblemon:medicinal_leek":11,"minecraft:oak_sapling":7,"minecraft:black_wool":2,"cobblemon:blue_apricorn":3,"minecraft:mutton":15,"minecraft:white_wool":10,"minecraft:cobblestone":13}},"DataVersion":3465}