{"stats":{"minecraft:used":{"minecraft:stone_pickaxe":1,"minecraft:stone_axe":59,"minecraft:oak_sapling":1,"minecraft:egg":2,"cobblemon:healing_machine":1},"minecraft:custom":{"minecraft:time_since_rest":23519,"minecraft:sprint_one_cm":44480,"minecraft:damage_taken":165,"minecraft:walk_one_cm":42151,"minecraft:mob_kills":16,"minecraft:drop":9,"minecraft:damage_dealt":1725,"minecraft:swim_one_cm":2017,"minecraft:fly_one_cm":81357,"minecraft:open_chest":5,"minecraft:crouch_one_cm":377,"minecraft:play_time":23519,"minecraft:sneak_time":169,"minecraft:walk_under_water_one_cm":334,"minecraft:jump":342,"minecraft:open_loot_ball":3,"minecraft:time_since_death":23519,"minecraft:walk_on_water_one_cm":80,"minecraft:total_world_time":23519,"minecraft:fall_one_cm":10903},"minecraft:dropped":{"minecraft:pink_bed":1,"minecraft:glass_bottle":1,"minecraft:mutton":15,"minecraft:rabbit":1,"minecraft:oak_sapling":6,"minecraft:beef":11,"minecraft:carrot":1},"minecraft:killed":{"minecraft:sheep":10,"cobblemon:pokemon":2,"minecraft:cow":4},"minecraft:mined":{"cobblemon:healing_machine":1,"minecraft:grass_block":1,"minecraft:oak_log":32,"minecraft:vine":1,"cobblemon:cyan_mint":3,"cobblemon:chilan_berry":2},"minecraft:picked_up":{"cobblemon:remedy":1,"minecraft:stick":4,"cobblemon:yellow_apricorn":5,"minecraft:leather":4,"cobblemon:yellow_apricorn_seed":1,"minecraft:oak_log":32,"minecraft:carrot":1,"cobblemon:cyan_mint_seeds":3,"cobblemon:healing_machine":1,"minecraft:beetroot_soup":1,"minecraft:apple":1,"cobblemon:poke_ball":1,"cobblemon:potion":1,"minecraft:rabbit_hide":1,"minecraft:beef":11,"minecraft:rabbit":1,"cobblemon:pep_up_flower":2,"minecraft:oak_sapling":7,"minecraft:black_wool":1,"minecraft:mutton":15,"minecraft:white_wool":10,"minecraft:egg":3,"cobblemon:cyan_mint_leaf":6}},"DataVersion":3465}