{"stats":{"minecraft:used":{"minecraft:stone_pickaxe":1,"minecraft:stone_axe":58,"minecraft:oak_sapling":1,"minecraft:egg":2,"cobblemon:healing_machine":1},"minecraft:custom":{"minecraft:time_since_rest":11519,"minecraft:sprint_one_cm":24969,"minecraft:damage_taken":165,"minecraft:walk_one_cm":25850,"minecraft:mob_kills":16,"minecraft:drop":7,"minecraft:damage_dealt":1635,"minecraft:swim_one_cm":2017,"minecraft:fly_one_cm":45240,"minecraft:open_chest":5,"minecraft:crouch_one_cm":373,"minecraft:play_time":11519,"minecraft:sneak_time":155,"minecraft:walk_under_water_one_cm":334,"minecraft:jump":205,"minecraft:open_loot_ball":2,"minecraft:time_since_death":11519,"minecraft:walk_on_water_one_cm":80,"minecraft:total_world_time":11519,"minecraft:fall_one_cm":6071},"minecraft:dropped":{"minecraft:pink_bed":1,"minecraft:glass_bottle":1,"minecraft:mutton":15,"minecraft:oak_sapling":6,"minecraft:beef":11},"minecraft:killed":{"minecraft:sheep":10,"cobblemon:pokemon":2,"minecraft:cow":4},"minecraft:mined":{"cobblemon:healing_machine":1,"minecraft:oak_log":32,"minecraft:vine":1,"cobblemon:cyan_mint":3,"cobblemon:chilan_berry":2},"minecraft:picked_up":{"minecraft:stick":4,"minecraft:leather":4,"minecraft:oak_log":32,"cobblemon:cyan_mint_seeds":3,"cobblemon:healing_machine":1,"minecraft:beetroot_soup":1,"minecraft:apple":1,"cobblemon:potion":1,"minecraft:beef":11,"minecraft:oak_sapling":7,"minecraft:black_wool":1,"minecraft:mutton":15,"minecraft:white_wool":9,"minecraft:egg":2,"cobblemon:cyan_mint_leaf":6}},"DataVersion":3465}