{"stats":{"minecraft:custom":{"minecraft:jump":64,"minecraft:time_since_rest":5293,"minecraft:sprint_one_cm":4643,"minecraft:play_time":5293,"minecraft:time_since_death":5293,"minecraft:walk_one_cm":9103,"minecraft:total_world_time":5293,"minecraft:interact_with_crafting_table":2,"minecraft:fall_one_cm":1254,"minecraft:fly_one_cm":18660},"minecraft:used":{"minecraft:crafting_table":1},"minecraft:picked_up":{"minecraft:wheat_seeds":1,"minecraft:acacia_log":10,"minecraft:dirt":11},"minecraft:crafted":{"minecraft:crafting_table":1,"minecraft:stick":4,"minecraft:acacia_planks":40},"minecraft:mined":{"minecraft:grass":1,"minecraft:acacia_log":10,"minecraft:grass_block":3,"minecraft:dirt":8}},"DataVersion":3465}