{"stats":{"minecraft:mined":{"cobblemon:revival_herb":1,"cobblemon:leaf_stone_ore":1,"minecraft:crafting_table":6,"minecraft:torch":9,"minecraft:granite":28,"minecraft:acacia_log":10,"minecraft:grass_block":6,"minecraft:calcite":6,"minecraft:melon":3,"minecraft:jungle_log":28,"minecraft:tall_grass":1,"minecraft:copper_ore":8,"minecraft:diorite":47,"minecraft:wall_torch":7,"minecraft:amethyst_block":3,"minecraft:lime_bed":3,"minecraft:furnace":2,"minecraft:iron_ore":37,"minecraft:grass":10,"minecraft:coal_ore":108,"minecraft:oak_log":5,"minecraft:vine":4,"minecraft:gravel":1,"minecraft:dirt":32,"minecraft:smooth_basalt":1,"minecraft:stone":187,"minecraft:oak_leaves":9},"minecraft:killed":{"minecraft:pig":4,"cobblemon:pokemon":1,"minecraft:spider":1,"minecraft:creeper":1,"minecraft:sheep":6,"minecraft:skeleton":5,"minecraft:zombie":12,"minecraft:chicken":1,"minecraft:cow":2},"minecraft:used":{"minecraft:calcite":6,"minecraft:diorite":42,"minecraft:amethyst_block":3,"minecraft:stone_pickaxe":127,"minecraft:chest":1,"minecraft:shield":17,"minecraft:wooden_pickaxe":7,"minecraft:iron_sword":48,"minecraft:rotten_flesh":1,"minecraft:cooked_chicken":1,"minecraft:torch":65,"minecraft:dirt":25,"minecraft:crafting_table":7,"minecraft:lime_bed":3,"minecraft:granite":26,"minecraft:iron_axe":36,"minecraft:bread":18,"minecraft:iron_pickaxe":318,"minecraft:gravel":1,"minecraft:smooth_basalt":1,"minecraft:stone_axe":52,"minecraft:cobblestone":13,"minecraft:furnace":4,"minecraft:cooked_porkchop":3,"minecraft:acacia_planks":5},"minecraft:dropped":{"minecraft:stone_axe":1,"minecraft:wheat_seeds":5,"minecraft:feather":1,"minecraft:rotten_flesh":11,"minecraft:oak_sign":1,"cobbledex:cobbledex_item":1,"minecraft:arrow":2,"minecraft:wooden_pickaxe":1,"minecraft:white_wool":2,"minecraft:egg":1},"minecraft:crafted":{"simple_backpack:backpack":1,"minecraft:cooked_porkchop":9,"minecraft:crafting_table":3,"minecraft:wooden_pickaxe":1,"minecraft:cooked_chicken":1,"minecraft:iron_sword":1,"minecraft:furnace":3,"minecraft:copper_ingot":24,"minecraft:bucket":1,"minecraft:stone_axe":1,"minecraft:jungle_planks":112,"minecraft:air":0,"minecraft:charcoal":2,"minecraft:shield":1,"minecraft:iron_axe":1,"minecraft:stick":36,"minecraft:iron_ingot":37,"minecraft:iron_pickaxe":2,"minecraft:stone_pickaxe":1,"minecraft:chest":1,"minecraft:acacia_planks":40,"minecraft:torch":88},"minecraft:broken":{"minecraft:stone_pickaxe":1,"minecraft:iron_pickaxe":1},"minecraft:picked_up":{"cobblemizer:iv_random":1,"cobblemon:leaf_stone":1,"minecraft:lime_bed":4,"minecraft:crafting_table":6,"minecraft:feather":3,"cobblemon:great_ball":5,"minecraft:chicken":2,"minecraft:glow_ink_sac":2,"minecraft:jungle_log":28,"minecraft:leather":2,"cobblemon:red_apricorn":3,"minecraft:oak_log":5,"minecraft:gunpowder":2,"minecraft:amethyst_block":3,"minecraft:string":3,"minecraft:dirt":41,"minecraft:raw_copper":27,"cobblemon:revival_herb":3,"minecraft:bone":7,"minecraft:acacia_planks":29,"minecraft:oak_sign":1,"cobblemon:black_apricorn":4,"minecraft:wheat_seeds":6,"cobblemon:potion":16,"minecraft:iron_ingot":1,"minecraft:beef":3,"minecraft:stone_pickaxe":1,"cobblemon:oran_berry":14,"minecraft:calcite":6,"cobblemon:pep_up_flower":1,"minecraft:melon_slice":14,"minecraft:chest":1,"cobbledex:cobbledex_item":2,"minecraft:egg":1,"minecraft:furnace":3,"cobblemon:red_apricorn_seed":1,"minecraft:raw_iron":43,"minecraft:smooth_basalt":1,"minecraft:torch":94,"minecraft:acacia_log":10,"minecraft:gravel":1,"minecraft:porkchop":9,"minecraft:diorite":46,"minecraft:spider_eye":1,"minecraft:arrow":7,"minecraft:rotten_flesh":14,"cobblemon:poke_ball":16,"minecraft:tropical_fish":1,"minecraft:stone_axe":1,"cobblemon:revive":10,"minecraft:granite":30,"minecraft:carved_pumpkin":1,"minecraft:bread":64,"minecraft:mutton":8,"minecraft:coal":144,"minecraft:white_wool":9,"minecraft:cobblestone":204},"minecraft:killed_by":{"minecraft:skeleton":1},"minecraft:custom":{"minecraft:interact_with_furnace":34,"minecraft:mob_kills":33,"minecraft:interact_with_crafting_table":17,"minecraft:leave_game":1,"minecraft:time_since_death":64163,"minecraft:sleep_in_bed":2,"minecraft:climb_one_cm":3440,"minecraft:time_since_rest":4892,"minecraft:sprint_one_cm":111269,"minecraft:damage_taken":1574,"minecraft:walk_one_cm":201504,"minecraft:damage_blocked_by_shield":586,"minecraft:drop":22,"minecraft:damage_dealt":5326,"minecraft:swim_one_cm":24417,"minecraft:fly_one_cm":171684,"minecraft:open_chest":16,"minecraft:crouch_one_cm":344,"minecraft:play_time":79326,"minecraft:deaths":1,"minecraft:sneak_time":274,"minecraft:walk_under_water_one_cm":10202,"minecraft:jump":1166,"minecraft:walk_on_water_one_cm":14661,"minecraft:total_world_time":79326,"minecraft:fall_one_cm":25533}},"DataVersion":3465}