{"stats":{"minecraft:crafted":{"minecraft:oak_planks":36,"minecraft:crafting_table":1,"minecraft:stick":4,"minecraft:wooden_axe":1},"minecraft:used":{"minecraft:wooden_axe":9,"minecraft:birch_sapling":1,"minecraft:dirt":1,"minecraft:crafting_table":1,"minecraft:oak_sapling":1,"minecraft:egg":1},"minecraft:custom":{"minecraft:time_since_rest":16474,"minecraft:sprint_one_cm":41362,"minecraft:damage_taken":90,"minecraft:walk_one_cm":57017,"minecraft:mob_kills":2,"minecraft:damage_dealt":234,"minecraft:swim_one_cm":4559,"minecraft:interact_with_crafting_table":1,"minecraft:fly_one_cm":32783,"minecraft:crouch_one_cm":176,"minecraft:play_time":16474,"minecraft:sneak_time":42,"minecraft:walk_under_water_one_cm":366,"minecraft:jump":298,"minecraft:open_loot_ball":4,"minecraft:time_since_death":16474,"minecraft:walk_on_water_one_cm":388,"minecraft:climb_one_cm":594,"minecraft:total_world_time":16474,"minecraft:fall_one_cm":8309},"minecraft:mined":{"minecraft:birch_leaves":9,"minecraft:crafting_table":1,"cobblemon:apricorn_leaves":1,"minecraft:grass_block":2,"minecraft:oak_log":9,"minecraft:oak_leaves":4},"minecraft:killed":{"minecraft:sheep":2},"minecraft:picked_up":{"minecraft:stick":1,"minecraft:crafting_table":1,"cobblemon:yellow_apricorn":1,"cobblemon:black_apricorn_seed":1,"cobblemon:red_apricorn":4,"minecraft:oak_log":9,"cobblemon:pink_apricorn":4,"minecraft:dirt":2,"cobblemon:black_apricorn":9,"cobblemon:green_apricorn":1,"minecraft:oak_sapling":1,"minecraft:mutton":3,"minecraft:birch_sapling":1,"cobblemon:blue_apricorn":4,"minecraft:white_wool":2,"minecraft:egg":1}},"DataVersion":3465}