{"stats":{"minecraft:crafted":{"minecraft:oak_planks":124,"minecraft:crafting_table":4,"minecraft:wooden_pickaxe":2,"minecraft:furnace":2,"minecraft:bucket":1,"minecraft:air":0,"minecraft:stick":12,"minecraft:iron_ingot":11,"minecraft:iron_pickaxe":2,"minecraft:stone_pickaxe":3,"minecraft:wooden_axe":2,"minecraft:torch":8},"minecraft:used":{"minecraft:stone_sword":12,"minecraft:stone_pickaxe":395,"minecraft:oak_planks":1,"minecraft:wooden_pickaxe":24,"minecraft:torch":15,"minecraft:dirt":6,"minecraft:crafting_table":9,"minecraft:granite":5,"minecraft:wooden_axe":37,"minecraft:birch_sapling":1,"minecraft:iron_pickaxe":128,"minecraft:gravel":8,"minecraft:stone_axe":2,"minecraft:cobblestone":10,"minecraft:oak_sapling":11,"minecraft:furnace":3,"minecraft:egg":2},"minecraft:custom":{"minecraft:interact_with_furnace":10,"minecraft:mob_kills":6,"minecraft:interact_with_crafting_table":16,"minecraft:time_since_death":21719,"minecraft:climb_one_cm":1944,"minecraft:time_since_rest":21748,"minecraft:sprint_one_cm":191201,"minecraft:damage_taken":1740,"minecraft:walk_one_cm":249980,"minecraft:drop":13,"minecraft:damage_dealt":720,"minecraft:swim_one_cm":5927,"minecraft:fly_one_cm":187615,"minecraft:open_chest":3,"minecraft:crouch_one_cm":482,"minecraft:play_time":76474,"minecraft:deaths":1,"minecraft:sneak_time":646,"minecraft:walk_under_water_one_cm":3772,"minecraft:jump":1585,"minecraft:open_loot_ball":7,"minecraft:walk_on_water_one_cm":7007,"minecraft:total_world_time":76474,"minecraft:fall_one_cm":70570},"minecraft:dropped":{"minecraft:mutton":3,"minecraft:wooden_axe":1,"minecraft:beef":6,"minecraft:stone_pickaxe":2,"minecraft:wooden_pickaxe":1},"minecraft:killed":{"minecraft:sheep":2,"minecraft:cow":4},"minecraft:mined":{"minecraft:deepslate_redstone_ore":1,"minecraft:crafting_table":7,"cobblemon:apricorn_leaves":1,"minecraft:torch":6,"minecraft:granite":37,"minecraft:grass_block":5,"minecraft:copper_ore":4,"minecraft:cobblestone":2,"minecraft:deepslate_gold_ore":5,"minecraft:oak_planks":1,"cobblemon:dripstone_moon_stone_ore":5,"minecraft:wall_torch":4,"minecraft:furnace":3,"minecraft:iron_ore":46,"minecraft:andesite":22,"minecraft:birch_leaves":12,"minecraft:grass":1,"minecraft:oak_log":31,"minecraft:coal_ore":84,"minecraft:gravel":2,"minecraft:dripstone_block":6,"minecraft:dirt":12,"cobblemon:sun_stone_ore":2,"minecraft:stone":304,"minecraft:gold_ore":5,"minecraft:deepslate":1,"minecraft:oak_leaves":12},"minecraft:broken":{"minecraft:stone_pickaxe":1},"minecraft:picked_up":{"minecraft:crafting_table":7,"minecraft:andesite":21,"cobblemon:yellow_apricorn":1,"minecraft:leather":5,"cobblemon:red_apricorn":6,"minecraft:oak_log":31,"minecraft:dirt":17,"minecraft:raw_copper":17,"cobblemon:pink_apricorn_seed":1,"cobblemon:white_apricorn":2,"cobblemon:black_apricorn":21,"minecraft:cobbled_deepslate":1,"minecraft:raw_gold":10,"cobblemon:green_apricorn":7,"minecraft:iron_ingot":1,"minecraft:beef":6,"cobblemon:oran_berry":27,"cobblemon:moon_stone":7,"minecraft:oak_planks":1,"minecraft:birch_sapling":1,"cobblemon:green_apricorn_seed":3,"minecraft:furnace":3,"minecraft:egg":2,"cobblemon:red_apricorn_seed":1,"minecraft:stick":10,"minecraft:raw_iron":82,"cobblemon:black_apricorn_seed":1,"minecraft:torch":13,"minecraft:dripstone_block":6,"minecraft:gravel":9,"cobblemon:persim_berry":18,"cobblemon:pink_apricorn":16,"minecraft:redstone":4,"minecraft:granite":35,"minecraft:oak_sapling":11,"cobblemon:blue_apricorn":10,"minecraft:mutton":3,"minecraft:coal":144,"minecraft:white_wool":2,"minecraft:cobblestone":317}},"DataVersion":3465}