{"stats":{"minecraft:dropped":{"byg:cattail":1,"minecraft:wooden_shovel":1,"minecraft:flint":1},"minecraft:crafted":{"minecraft:oak_boat":1,"minecraft:oak_planks":48,"minecraft:wooden_shovel":1,"minecraft:stone_shovel":1,"minecraft:crafting_table":1,"minecraft:stick":4,"minecraft:wheat":189},"minecraft:picked_up":{"byg:zelkova_sapling":1,"minecraft:stick":2,"minecraft:crafting_table":1,"minecraft:sweet_berries":2,"pixelmon:poke_ball":6,"minecraft:flint":1,"minecraft:oak_log":12,"byg:cattail":1,"minecraft:dirt":6,"pixelmon:blue_apricorn":7,"pixelmon:pink_apricorn":1,"minecraft:wheat_seeds":1,"minecraft:hay_block":21,"minecraft:oak_boat":2,"minecraft:iron_ore":9,"minecraft:cobblestone":18},"minecraft:mined":{"minecraft:hay_block":24,"byg:orange_oak_leaves":1,"minecraft:iron_ore":9,"minecraft:sweet_berry_bush":1,"byg:short_grass":2,"byg:cattail":1,"minecraft:crafting_table":1,"minecraft:grass":7,"minecraft:grass_block":3,"minecraft:oak_log":12,"minecraft:gravel":1,"minecraft:dirt":3,"minecraft:stone":18,"minecraft:oak_leaves":1},"minecraft:custom":{"minecraft:time_since_rest":46466,"minecraft:sprint_one_cm":216009,"minecraft:damage_taken":150,"minecraft:walk_one_cm":94382,"minecraft:drop":3,"minecraft:swim_one_cm":6844,"minecraft:interact_with_crafting_table":1,"minecraft:fly_one_cm":160872,"minecraft:open_barrel":4,"minecraft:open_chest":14,"minecraft:crouch_one_cm":555,"minecraft:play_one_minute":46466,"minecraft:sneak_time":264,"minecraft:walk_under_water_one_cm":12211,"minecraft:boat_one_cm":169332,"minecraft:jump":815,"minecraft:leave_game":1,"minecraft:walk_on_water_one_cm":5902,"minecraft:time_since_death":46466,"minecraft:climb_one_cm":2175,"minecraft:fall_one_cm":16842},"minecraft:used":{"minecraft:stone_sword":2,"minecraft:bread":10,"minecraft:stone_pickaxe":31,"byg:zelkova_sapling":1,"minecraft:stone_axe":7,"minecraft:torch":1,"minecraft:dirt":6,"minecraft:crafting_table":1,"minecraft:sweet_berries":2,"minecraft:oak_boat":2}},"DataVersion":2586}