{"stats":{"minecraft:mined":{"cobblemon:revival_herb":1,"cobblemon:leaf_stone_ore":1,"minecraft:crafting_table":4,"minecraft:torch":9,"minecraft:granite":28,"minecraft:acacia_log":10,"minecraft:grass_block":6,"minecraft:calcite":6,"minecraft:melon":3,"minecraft:jungle_log":28,"minecraft:tall_grass":1,"minecraft:copper_ore":8,"minecraft:diorite":47,"minecraft:wall_torch":7,"minecraft:amethyst_block":3,"minecraft:lime_bed":1,"minecraft:furnace":2,"minecraft:iron_ore":37,"minecraft:grass":10,"minecraft:coal_ore":105,"minecraft:oak_log":5,"minecraft:vine":4,"minecraft:gravel":1,"minecraft:dirt":32,"minecraft:smooth_basalt":1,"minecraft:stone":185,"minecraft:oak_leaves":8},"minecraft:killed":{"minecraft:pig":4,"cobblemon:pokemon":1,"minecraft:spider":1,"minecraft:creeper":1,"minecraft:sheep":4,"minecraft:skeleton":4,"minecraft:zombie":11,"minecraft:cow":2},"minecraft:used":{"minecraft:calcite":6,"minecraft:diorite":42,"minecraft:amethyst_block":3,"minecraft:stone_pickaxe":127,"minecraft:chest":1,"minecraft:shield":14,"minecraft:wooden_pickaxe":7,"minecraft:iron_sword":40,"minecraft:rotten_flesh":1,"minecraft:cooked_chicken":1,"minecraft:torch":62,"minecraft:dirt":25,"minecraft:crafting_table":6,"minecraft:lime_bed":2,"minecraft:granite":26,"minecraft:iron_axe":33,"minecraft:bread":14,"minecraft:iron_pickaxe":313,"minecraft:gravel":1,"minecraft:smooth_basalt":1,"minecraft:stone_axe":52,"minecraft:cobblestone":13,"minecraft:furnace":4,"minecraft:cooked_porkchop":3,"minecraft:acacia_planks":5},"minecraft:dropped":{"minecraft:stone_axe":1,"minecraft:wheat_seeds":3,"minecraft:rotten_flesh":10,"minecraft:oak_sign":1,"cobbledex:cobbledex_item":1,"minecraft:arrow":2,"minecraft:wooden_pickaxe":1,"minecraft:white_wool":2},"minecraft:crafted":{"minecraft:cooked_porkchop":9,"minecraft:crafting_table":3,"minecraft:wooden_pickaxe":1,"minecraft:cooked_chicken":1,"minecraft:iron_sword":1,"minecraft:furnace":3,"minecraft:copper_ingot":24,"minecraft:stone_axe":1,"minecraft:air":0,"minecraft:charcoal":2,"minecraft:shield":1,"minecraft:iron_axe":1,"minecraft:stick":16,"minecraft:iron_ingot":17,"minecraft:iron_pickaxe":2,"minecraft:stone_pickaxe":1,"minecraft:acacia_planks":40,"minecraft:torch":8},"minecraft:broken":{"minecraft:stone_pickaxe":1,"minecraft:iron_pickaxe":1},"minecraft:picked_up":{"cobblemizer:iv_random":1,"cobblemon:leaf_stone":1,"minecraft:lime_bed":2,"minecraft:crafting_table":4,"minecraft:feather":2,"cobblemon:great_ball":5,"minecraft:chicken":1,"minecraft:glow_ink_sac":2,"minecraft:jungle_log":28,"minecraft:leather":2,"cobblemon:red_apricorn":3,"minecraft:oak_log":5,"minecraft:gunpowder":2,"minecraft:amethyst_block":3,"minecraft:string":3,"minecraft:dirt":41,"minecraft:raw_copper":27,"cobblemon:revival_herb":3,"minecraft:bone":7,"minecraft:acacia_planks":29,"minecraft:oak_sign":1,"cobblemon:black_apricorn":4,"minecraft:wheat_seeds":4,"cobblemon:potion":16,"minecraft:iron_ingot":1,"minecraft:beef":3,"minecraft:stone_pickaxe":1,"cobblemon:oran_berry":14,"minecraft:calcite":6,"cobblemon:pep_up_flower":1,"minecraft:melon_slice":14,"minecraft:chest":1,"cobbledex:cobbledex_item":2,"minecraft:furnace":3,"cobblemon:red_apricorn_seed":1,"minecraft:raw_iron":43,"minecraft:smooth_basalt":1,"minecraft:torch":94,"minecraft:acacia_log":10,"minecraft:gravel":1,"minecraft:porkchop":9,"minecraft:diorite":46,"minecraft:spider_eye":1,"minecraft:arrow":5,"minecraft:rotten_flesh":13,"cobblemon:poke_ball":16,"minecraft:tropical_fish":1,"minecraft:stone_axe":1,"cobblemon:revive":10,"minecraft:granite":30,"minecraft:carved_pumpkin":1,"minecraft:bread":64,"minecraft:mutton":6,"minecraft:coal":141,"minecraft:white_wool":8,"minecraft:cobblestone":202},"minecraft:killed_by":{"minecraft:skeleton":1},"minecraft:custom":{"minecraft:interact_with_furnace":23,"minecraft:mob_kills":28,"minecraft:interact_with_crafting_table":13,"minecraft:leave_game":1,"minecraft:time_since_death":52163,"minecraft:sleep_in_bed":1,"minecraft:climb_one_cm":2705,"minecraft:time_since_rest":34079,"minecraft:sprint_one_cm":93189,"minecraft:damage_taken":1363,"minecraft:walk_one_cm":183524,"minecraft:damage_blocked_by_shield":490,"minecraft:drop":17,"minecraft:damage_dealt":4916,"minecraft:swim_one_cm":24417,"minecraft:fly_one_cm":144588,"minecraft:open_chest":9,"minecraft:crouch_one_cm":344,"minecraft:play_time":67326,"minecraft:deaths":1,"minecraft:sneak_time":207,"minecraft:walk_under_water_one_cm":10202,"minecraft:jump":1038,"minecraft:walk_on_water_one_cm":14528,"minecraft:total_world_time":67326,"minecraft:fall_one_cm":21322}},"DataVersion":3465}