{"stats":{"minecraft:crafted":{"minecraft:oak_planks":208,"minecraft:stone_shovel":1,"minecraft:birch_boat":1,"minecraft:furnace":2,"minecraft:glass_pane":16,"minecraft:glass":6,"rotomphonecobblemonfabric:rotom_phone":1,"minecraft:stone_pickaxe":6,"minecraft:chest":1,"minecraft:wooden_shovel":1,"minecraft:crafting_table":8,"minecraft:wooden_pickaxe":4,"minecraft:copper_ingot":21,"minecraft:bucket":1,"minecraft:birch_planks":40,"minecraft:air":0,"cobblemon:quick_ball":8,"minecraft:diamond_pickaxe":1,"minecraft:stick":32,"minecraft:iron_ingot":11,"minecraft:iron_pickaxe":2,"minecraft:wooden_axe":4,"minecraft:gold_ingot":8,"minecraft:torch":12,"cobblemon:ultra_ball":4},"minecraft:used":{"minecraft:stone_sword":26,"minecraft:stone_shovel":41,"minecraft:ladder":2,"minecraft:decorated_pot":4,"minecraft:chest":1,"minecraft:torch":52,"minecraft:dirt":28,"minecraft:granite":5,"minecraft:wooden_axe":75,"minecraft:birch_sapling":1,"minecraft:stone_bricks":2,"cobblemon:pc":1,"minecraft:oak_sapling":12,"minecraft:furnace":8,"minecraft:egg":2,"minecraft:cobbled_deepslate":51,"minecraft:mossy_stone_bricks":2,"minecraft:water_bucket":19,"minecraft:stone_pickaxe":690,"minecraft:oak_planks":1,"minecraft:wooden_pickaxe":136,"minecraft:birch_boat":1,"minecraft:lime_bed":2,"minecraft:crafting_table":20,"minecraft:diamond_pickaxe":35,"minecraft:iron_pickaxe":260,"minecraft:gravel":10,"minecraft:stone_axe":6,"minecraft:cobblestone":196,"minecraft:bucket":20,"minecraft:andesite":31},"minecraft:custom":{"minecraft:mob_kills":10,"minecraft:interact_with_crafting_table":39,"minecraft:bell_ring":3,"minecraft:leave_game":2,"minecraft:time_since_death":140731,"minecraft:climb_one_cm":12626,"minecraft:sprint_one_cm":447555,"minecraft:walk_one_cm":476029,"minecraft:drop":53,"minecraft:talked_to_villager":2,"minecraft:play_time":237490,"minecraft:deaths":3,"minecraft:sneak_time":3286,"minecraft:walk_under_water_one_cm":71711,"minecraft:boat_one_cm":449923,"minecraft:jump":3640,"minecraft:walk_on_water_one_cm":31798,"minecraft:total_world_time":237490,"minecraft:interact_with_furnace":37,"minecraft:sleep_in_bed":3,"minecraft:time_since_rest":50023,"minecraft:damage_taken":3270,"minecraft:damage_dealt":1040,"minecraft:swim_one_cm":78567,"minecraft:fly_one_cm":459936,"minecraft:open_chest":16,"minecraft:crouch_one_cm":3275,"minecraft:open_loot_ball":11,"minecraft:fall_one_cm":130535},"minecraft:dropped":{"minecraft:oak_log":3,"minecraft:cracked_stone_bricks":1,"cobblemon:pink_apricorn":1,"minecraft:stick":2,"rotomphonecobblemonfabric:rotom_phone":2,"minecraft:dirt":13,"cobblemon:steel_gem":1,"minecraft:torch":5,"minecraft:mutton":4,"minecraft:wooden_axe":1,"minecraft:rabbit":1,"minecraft:iron_pickaxe":1,"minecraft:smooth_stone":1,"minecraft:gravel":67,"minecraft:kelp":15,"minecraft:cobbled_deepslate":15,"minecraft:raw_copper":4,"cobblemon:chesto_berry":15,"minecraft:filled_map":2,"minecraft:rabbit_hide":2,"minecraft:wooden_pickaxe":1,"minecraft:beef":6,"minecraft:glass":1,"minecraft:stone_pickaxe":2},"minecraft:killed":{"minecraft:sheep":6,"minecraft:cow":4},"minecraft:mined":{"minecraft:tuff":5,"minecraft:deepslate_diamond_ore":10,"cobblemon:pc":1,"minecraft:obsidian":12,"minecraft:granite":45,"minecraft:ladder":2,"minecraft:grass_block":15,"minecraft:decorated_pot":4,"minecraft:smooth_stone":1,"minecraft:furnace":8,"minecraft:iron_ore":49,"minecraft:cobbled_deepslate":4,"minecraft:andesite":32,"minecraft:deepslate_lapis_ore":3,"minecraft:stone":578,"minecraft:deepslate_redstone_ore":8,"minecraft:kelp_plant":1,"cobblemon:leaf_stone_ore":1,"minecraft:crafting_table":15,"minecraft:torch":16,"cobblemon:apricorn_leaves":1,"minecraft:emerald_ore":1,"minecraft:copper_ore":26,"minecraft:cobblestone":11,"minecraft:deepslate_gold_ore":24,"minecraft:oak_planks":1,"cobblemon:dripstone_moon_stone_ore":5,"minecraft:diorite":10,"cobblemon:relic_coin_pouch":2,"minecraft:wall_torch":22,"minecraft:lime_bed":2,"cobblemon:deepslate_leaf_stone_ore":1,"minecraft:birch_log":10,"minecraft:birch_leaves":13,"minecraft:grass":1,"minecraft:coal_ore":86,"minecraft:oak_log":54,"minecraft:sand":7,"minecraft:gravel":47,"minecraft:dripstone_block":6,"minecraft:dirt":32,"minecraft:cracked_stone_bricks":1,"cobblemon:sun_stone_ore":2,"minecraft:stone_bricks":2,"minecraft:gold_ore":5,"minecraft:mossy_stone_bricks":2,"minecraft:oak_leaves":15,"minecraft:deepslate":143},"minecraft:broken":{"minecraft:wooden_pickaxe":1,"minecraft:stone_pickaxe":1},"minecraft:picked_up":{"minecraft:wooden_axe":1,"minecraft:crafting_table":15,"cobblemon:leaf_stone":2,"minecraft:ladder":2,"cobblemon:yellow_apricorn":11,"cobblemon:red_apricorn":10,"minecraft:raw_copper":93,"cobblemon:white_apricorn":2,"minecraft:cracked_stone_bricks":1,"minecraft:smooth_stone":1,"minecraft:cobbled_deepslate":130,"cobblemon:green_apricorn":7,"minecraft:beef":6,"cobblemon:oran_berry":38,"cobblemon:relic_coin":8,"minecraft:birch_sapling":1,"cobblemon:green_apricorn_seed":3,"minecraft:furnace":8,"minecraft:egg":2,"minecraft:stick":12,"minecraft:raw_iron":85,"cobblemon:pc":1,"minecraft:copper_ingot":2,"minecraft:torch":45,"cobblemon:nanab_berry":13,"minecraft:diorite":10,"minecraft:redstone":37,"minecraft:decorated_pot":4,"minecraft:gold_ingot":10,"minecraft:mutton":8,"minecraft:obsidian":12,"cobblemon:blue_apricorn":23,"minecraft:white_wool":6,"minecraft:cobblestone":660,"minecraft:birch_log":10,"minecraft:lime_bed":2,"cobblemon:great_ball":5,"cobblemon:ultra_ball":5,"minecraft:glow_ink_sac":6,"minecraft:andesite":31,"minecraft:leather":5,"minecraft:filled_map":1,"minecraft:flint":8,"minecraft:tuff":5,"minecraft:oak_log":55,"minecraft:lapis_lazuli":13,"minecraft:dirt":47,"cobblemon:pink_apricorn_seed":1,"rotomphonecobblemonfabric:rotom_phone":2,"minecraft:glass":1,"minecraft:apple":2,"minecraft:stone_bricks":2,"minecraft:kelp":15,"cobblemon:black_apricorn":28,"minecraft:raw_gold":40,"minecraft:rabbit_hide":2,"minecraft:iron_ingot":1,"minecraft:mossy_stone_bricks":2,"minecraft:rabbit":1,"cobblemon:moon_stone":7,"minecraft:oak_planks":1,"cobblemon:red_apricorn_seed":2,"cobblemon:black_apricorn_seed":1,"minecraft:dripstone_block":6,"minecraft:gravel":83,"minecraft:sand":7,"cobblemon:yellow_apricorn_seed":1,"cobblemon:persim_berry":18,"cobblemon:pink_apricorn":17,"minecraft:diamond":10,"minecraft:granite":43,"minecraft:emerald":1,"minecraft:oak_sapling":12,"cobblemon:chesto_berry":15,"minecraft:coal":217}},"DataVersion":3465}