{"stats":{"minecraft:broken":{"minecraft:stone_pickaxe":1,"minecraft:iron_pickaxe":1},"minecraft:killed":{"minecraft:pig":4,"cobblemon:pokemon":1,"minecraft:creeper":1,"minecraft:sheep":4,"minecraft:skeleton":1,"minecraft:zombie":7,"minecraft:cow":2},"minecraft:dropped":{"minecraft:stone_axe":1,"minecraft:wheat_seeds":3,"minecraft:rotten_flesh":5,"minecraft:oak_sign":1,"cobbledex:cobbledex_item":1,"minecraft:arrow":2,"minecraft:wooden_pickaxe":1,"minecraft:white_wool":2},"minecraft:killed_by":{"minecraft:skeleton":1},"minecraft:custom":{"minecraft:interact_with_furnace":21,"minecraft:mob_kills":20,"minecraft:interact_with_crafting_table":13,"minecraft:time_since_death":38130,"minecraft:sleep_in_bed":1,"minecraft:climb_one_cm":1037,"minecraft:time_since_rest":20046,"minecraft:sprint_one_cm":80707,"minecraft:damage_taken":1113,"minecraft:walk_one_cm":137562,"minecraft:drop":16,"minecraft:damage_dealt":3303,"minecraft:swim_one_cm":22331,"minecraft:fly_one_cm":136587,"minecraft:open_chest":4,"minecraft:play_time":53293,"minecraft:deaths":1,"minecraft:sneak_time":113,"minecraft:walk_under_water_one_cm":6745,"minecraft:jump":786,"minecraft:walk_on_water_one_cm":9897,"minecraft:total_world_time":53293,"minecraft:fall_one_cm":16207},"minecraft:used":{"minecraft:calcite":3,"minecraft:diorite":29,"minecraft:stone_pickaxe":127,"minecraft:chest":1,"minecraft:wooden_pickaxe":7,"minecraft:iron_sword":14,"minecraft:cooked_chicken":1,"minecraft:rotten_flesh":1,"minecraft:torch":21,"minecraft:dirt":18,"minecraft:lime_bed":2,"minecraft:crafting_table":6,"minecraft:granite":1,"minecraft:iron_axe":1,"minecraft:bread":11,"minecraft:iron_pickaxe":256,"minecraft:gravel":1,"minecraft:stone_axe":52,"minecraft:cooked_porkchop":2,"minecraft:furnace":4,"minecraft:acacia_planks":5},"minecraft:picked_up":{"cobblemizer:iv_random":1,"cobblemon:leaf_stone":1,"minecraft:lime_bed":2,"minecraft:crafting_table":4,"minecraft:feather":2,"cobblemon:great_ball":5,"minecraft:chicken":1,"minecraft:leather":2,"cobblemon:red_apricorn":3,"minecraft:oak_log":5,"minecraft:gunpowder":2,"minecraft:amethyst_block":3,"cobblemon:revival_herb":3,"minecraft:dirt":38,"minecraft:raw_copper":24,"minecraft:bone":6,"minecraft:acacia_planks":29,"minecraft:oak_sign":1,"minecraft:wheat_seeds":4,"cobblemon:black_apricorn":4,"cobblemon:potion":16,"minecraft:iron_ingot":1,"minecraft:beef":3,"minecraft:stone_pickaxe":1,"cobblemon:oran_berry":14,"minecraft:calcite":6,"cobblemon:pep_up_flower":1,"minecraft:melon_slice":14,"minecraft:chest":1,"cobbledex:cobbledex_item":2,"minecraft:furnace":3,"cobblemon:red_apricorn_seed":1,"minecraft:raw_iron":29,"minecraft:torch":86,"minecraft:acacia_log":10,"minecraft:gravel":1,"minecraft:porkchop":9,"minecraft:diorite":32,"minecraft:arrow":3,"minecraft:rotten_flesh":10,"minecraft:tropical_fish":1,"minecraft:stone_axe":1,"cobblemon:poke_ball":16,"cobblemon:revive":10,"minecraft:granite":30,"minecraft:carved_pumpkin":1,"minecraft:bread":64,"minecraft:mutton":6,"minecraft:coal":122,"minecraft:white_wool":8,"minecraft:cobblestone":175},"minecraft:mined":{"cobblemon:revival_herb":1,"cobblemon:leaf_stone_ore":1,"minecraft:crafting_table":4,"minecraft:torch":8,"minecraft:granite":28,"minecraft:acacia_log":10,"minecraft:grass_block":6,"minecraft:calcite":6,"minecraft:melon":3,"minecraft:tall_grass":1,"minecraft:copper_ore":7,"minecraft:diorite":32,"minecraft:wall_torch":5,"minecraft:amethyst_block":3,"minecraft:lime_bed":1,"minecraft:furnace":2,"minecraft:iron_ore":23,"minecraft:grass":10,"minecraft:coal_ore":86,"minecraft:oak_log":5,"minecraft:gravel":1,"minecraft:dirt":32,"minecraft:stone":178,"minecraft:oak_leaves":8},"minecraft:crafted":{"minecraft:cooked_porkchop":9,"minecraft:crafting_table":3,"minecraft:wooden_pickaxe":1,"minecraft:cooked_chicken":1,"minecraft:iron_sword":1,"minecraft:furnace":3,"minecraft:stone_axe":1,"minecraft:air":0,"minecraft:charcoal":2,"minecraft:shield":1,"minecraft:iron_axe":1,"minecraft:stick":16,"minecraft:iron_ingot":13,"minecraft:iron_pickaxe":2,"minecraft:stone_pickaxe":1,"minecraft:acacia_planks":40,"minecraft:torch":8}},"DataVersion":3465}