{"stats":{"minecraft:crafted":{"minecraft:oak_planks":208,"minecraft:crafting_table":7,"minecraft:wooden_pickaxe":4,"minecraft:furnace":2,"minecraft:bucket":1,"minecraft:birch_planks":40,"minecraft:air":0,"minecraft:diamond_pickaxe":1,"minecraft:stick":28,"minecraft:iron_ingot":11,"minecraft:iron_pickaxe":2,"minecraft:stone_pickaxe":6,"minecraft:wooden_axe":4,"minecraft:chest":1,"minecraft:torch":12},"minecraft:used":{"minecraft:water_bucket":14,"minecraft:stone_sword":12,"minecraft:stone_pickaxe":690,"minecraft:oak_planks":1,"minecraft:chest":1,"minecraft:wooden_pickaxe":136,"minecraft:torch":24,"minecraft:dirt":22,"minecraft:lime_bed":1,"minecraft:crafting_table":17,"minecraft:granite":5,"minecraft:wooden_axe":75,"minecraft:diamond_pickaxe":33,"minecraft:birch_sapling":1,"minecraft:iron_pickaxe":214,"minecraft:gravel":8,"minecraft:stone_axe":2,"minecraft:cobblestone":55,"minecraft:oak_sapling":12,"minecraft:furnace":3,"minecraft:andesite":10,"minecraft:bucket":15,"minecraft:egg":2,"minecraft:cobbled_deepslate":6},"minecraft:custom":{"minecraft:interact_with_furnace":10,"minecraft:mob_kills":6,"minecraft:interact_with_crafting_table":27,"minecraft:time_since_death":27715,"minecraft:sleep_in_bed":1,"minecraft:climb_one_cm":2270,"minecraft:time_since_rest":1946,"minecraft:sprint_one_cm":286607,"minecraft:damage_taken":2610,"minecraft:walk_one_cm":337803,"minecraft:drop":15,"minecraft:damage_dealt":720,"minecraft:swim_one_cm":7261,"minecraft:fly_one_cm":270884,"minecraft:open_chest":10,"minecraft:crouch_one_cm":3123,"minecraft:play_time":124474,"minecraft:deaths":3,"minecraft:sneak_time":2320,"minecraft:walk_under_water_one_cm":12931,"minecraft:jump":2384,"minecraft:open_loot_ball":7,"minecraft:walk_on_water_one_cm":19122,"minecraft:total_world_time":124474,"minecraft:fall_one_cm":93317},"minecraft:dropped":{"minecraft:cobbled_deepslate":15,"cobblemon:pink_apricorn":1,"minecraft:mutton":3,"minecraft:wooden_axe":1,"minecraft:beef":6,"minecraft:stone_pickaxe":2,"minecraft:wooden_pickaxe":1},"minecraft:killed":{"minecraft:sheep":2,"minecraft:cow":4},"minecraft:mined":{"minecraft:deepslate_redstone_ore":8,"minecraft:tuff":5,"minecraft:deepslate_diamond_ore":10,"minecraft:obsidian":10,"minecraft:crafting_table":13,"cobblemon:apricorn_leaves":1,"minecraft:torch":6,"minecraft:granite":45,"minecraft:grass_block":14,"minecraft:copper_ore":6,"minecraft:cobblestone":11,"minecraft:deepslate_gold_ore":24,"minecraft:oak_planks":1,"cobblemon:dripstone_moon_stone_ore":5,"minecraft:diorite":10,"minecraft:wall_torch":10,"minecraft:lime_bed":1,"minecraft:furnace":3,"cobblemon:deepslate_leaf_stone_ore":1,"minecraft:birch_log":10,"minecraft:iron_ore":46,"minecraft:cobbled_deepslate":4,"minecraft:andesite":32,"minecraft:birch_leaves":13,"minecraft:deepslate_lapis_ore":3,"minecraft:grass":1,"minecraft:oak_log":52,"minecraft:coal_ore":86,"minecraft:gravel":10,"minecraft:dripstone_block":6,"minecraft:dirt":29,"cobblemon:sun_stone_ore":2,"minecraft:stone":577,"minecraft:gold_ore":5,"minecraft:deepslate":143,"minecraft:oak_leaves":15},"minecraft:broken":{"minecraft:stone_pickaxe":1,"minecraft:wooden_pickaxe":1},"minecraft:picked_up":{"minecraft:wooden_axe":1,"minecraft:birch_log":10,"minecraft:lime_bed":1,"cobblemon:leaf_stone":1,"minecraft:crafting_table":13,"minecraft:glow_ink_sac":6,"minecraft:andesite":31,"cobblemon:yellow_apricorn":11,"minecraft:leather":5,"cobblemon:red_apricorn":6,"minecraft:flint":3,"minecraft:tuff":5,"minecraft:oak_log":52,"minecraft:lapis_lazuli":13,"minecraft:dirt":43,"minecraft:raw_copper":25,"cobblemon:pink_apricorn_seed":1,"cobblemon:white_apricorn":2,"minecraft:apple":2,"cobblemon:black_apricorn":21,"minecraft:cobbled_deepslate":130,"minecraft:raw_gold":29,"cobblemon:green_apricorn":7,"minecraft:iron_ingot":1,"minecraft:beef":6,"cobblemon:oran_berry":27,"cobblemon:moon_stone":7,"minecraft:oak_planks":1,"minecraft:birch_sapling":1,"cobblemon:green_apricorn_seed":3,"minecraft:furnace":3,"minecraft:egg":2,"cobblemon:red_apricorn_seed":1,"minecraft:stick":12,"minecraft:raw_iron":82,"cobblemon:black_apricorn_seed":1,"minecraft:torch":19,"minecraft:dripstone_block":6,"minecraft:gravel":14,"cobblemon:yellow_apricorn_seed":1,"cobblemon:persim_berry":18,"cobblemon:pink_apricorn":17,"minecraft:diorite":10,"minecraft:redstone":37,"minecraft:diamond":10,"minecraft:granite":43,"minecraft:obsidian":10,"minecraft:oak_sapling":12,"cobblemon:blue_apricorn":10,"minecraft:mutton":3,"minecraft:coal":146,"minecraft:white_wool":2,"minecraft:cobblestone":659}},"DataVersion":3465}