{"stats":{"minecraft:crafted":{"minecraft:oak_planks":208,"minecraft:wooden_shovel":1,"minecraft:stone_shovel":1,"minecraft:crafting_table":8,"minecraft:birch_boat":1,"minecraft:wooden_pickaxe":4,"minecraft:furnace":2,"minecraft:copper_ingot":21,"minecraft:bucket":1,"minecraft:birch_planks":40,"minecraft:air":0,"minecraft:glass_pane":16,"minecraft:glass":6,"rotomphonecobblemonfabric:rotom_phone":1,"minecraft:diamond_pickaxe":1,"minecraft:stick":32,"minecraft:iron_ingot":11,"minecraft:iron_pickaxe":2,"minecraft:stone_pickaxe":6,"minecraft:wooden_axe":4,"minecraft:chest":1,"minecraft:torch":12},"minecraft:used":{"minecraft:water_bucket":19,"minecraft:stone_sword":15,"minecraft:stone_shovel":5,"minecraft:stone_pickaxe":690,"minecraft:oak_planks":1,"minecraft:chest":1,"minecraft:birch_boat":1,"minecraft:wooden_pickaxe":136,"minecraft:torch":30,"minecraft:dirt":22,"minecraft:crafting_table":19,"minecraft:lime_bed":1,"minecraft:granite":5,"minecraft:wooden_axe":75,"minecraft:diamond_pickaxe":35,"minecraft:iron_pickaxe":238,"minecraft:birch_sapling":1,"minecraft:gravel":8,"minecraft:stone_axe":3,"minecraft:cobblestone":186,"minecraft:furnace":5,"minecraft:oak_sapling":12,"minecraft:bucket":20,"minecraft:andesite":31,"minecraft:egg":2,"minecraft:cobbled_deepslate":51},"minecraft:custom":{"minecraft:interact_with_furnace":31,"minecraft:mob_kills":7,"minecraft:interact_with_crafting_table":37,"minecraft:leave_game":1,"minecraft:time_since_death":68887,"minecraft:sleep_in_bed":1,"minecraft:climb_one_cm":3294,"minecraft:time_since_rest":43118,"minecraft:sprint_one_cm":313931,"minecraft:damage_taken":2960,"minecraft:walk_one_cm":364506,"minecraft:drop":36,"minecraft:damage_dealt":800,"minecraft:swim_one_cm":56782,"minecraft:fly_one_cm":288582,"minecraft:open_chest":15,"minecraft:crouch_one_cm":3249,"minecraft:play_time":165646,"minecraft:deaths":3,"minecraft:sneak_time":3185,"minecraft:walk_under_water_one_cm":67512,"minecraft:boat_one_cm":292199,"minecraft:jump":2758,"minecraft:open_loot_ball":7,"minecraft:walk_on_water_one_cm":27982,"minecraft:total_world_time":165646,"minecraft:fall_one_cm":98459},"minecraft:dropped":{"minecraft:kelp":15,"minecraft:cobbled_deepslate":15,"minecraft:raw_copper":4,"cobblemon:chesto_berry":15,"cobblemon:pink_apricorn":1,"minecraft:torch":5,"minecraft:wooden_axe":1,"minecraft:mutton":4,"minecraft:beef":6,"minecraft:glass":1,"minecraft:stone_pickaxe":2,"minecraft:wooden_pickaxe":1,"minecraft:iron_pickaxe":1},"minecraft:killed":{"minecraft:sheep":3,"minecraft:cow":4},"minecraft:mined":{"minecraft:deepslate_redstone_ore":8,"minecraft:tuff":5,"minecraft:deepslate_diamond_ore":10,"minecraft:kelp_plant":1,"cobblemon:leaf_stone_ore":1,"minecraft:crafting_table":14,"minecraft:obsidian":12,"cobblemon:apricorn_leaves":1,"minecraft:torch":9,"minecraft:granite":45,"minecraft:grass_block":15,"minecraft:copper_ore":26,"minecraft:cobblestone":11,"minecraft:deepslate_gold_ore":24,"minecraft:oak_planks":1,"cobblemon:dripstone_moon_stone_ore":5,"minecraft:diorite":10,"minecraft:wall_torch":11,"minecraft:lime_bed":1,"minecraft:furnace":5,"cobblemon:deepslate_leaf_stone_ore":1,"minecraft:birch_log":10,"minecraft:iron_ore":46,"minecraft:cobbled_deepslate":4,"minecraft:birch_leaves":13,"minecraft:andesite":32,"minecraft:deepslate_lapis_ore":3,"minecraft:grass":1,"minecraft:oak_log":52,"minecraft:coal_ore":86,"minecraft:dirt":29,"minecraft:dripstone_block":6,"minecraft:gravel":10,"minecraft:sand":7,"cobblemon:sun_stone_ore":2,"minecraft:stone":578,"minecraft:gold_ore":5,"minecraft:oak_leaves":15,"minecraft:deepslate":143},"minecraft:broken":{"minecraft:stone_pickaxe":1,"minecraft:wooden_pickaxe":1},"minecraft:picked_up":{"minecraft:wooden_axe":1,"minecraft:birch_log":10,"cobblemon:leaf_stone":2,"minecraft:lime_bed":1,"minecraft:crafting_table":14,"cobblemon:great_ball":5,"cobblemon:ultra_ball":1,"minecraft:glow_ink_sac":6,"minecraft:andesite":31,"cobblemon:yellow_apricorn":11,"minecraft:leather":5,"cobblemon:red_apricorn":6,"minecraft:flint":3,"minecraft:tuff":5,"minecraft:oak_log":52,"minecraft:lapis_lazuli":13,"minecraft:dirt":44,"cobblemon:pink_apricorn_seed":1,"minecraft:raw_copper":93,"cobblemon:white_apricorn":2,"minecraft:glass":1,"minecraft:apple":2,"minecraft:kelp":15,"cobblemon:black_apricorn":21,"minecraft:cobbled_deepslate":130,"minecraft:raw_gold":29,"cobblemon:green_apricorn":7,"minecraft:iron_ingot":1,"minecraft:beef":6,"cobblemon:oran_berry":38,"cobblemon:moon_stone":7,"minecraft:oak_planks":1,"minecraft:birch_sapling":1,"cobblemon:green_apricorn_seed":3,"minecraft:egg":2,"minecraft:furnace":5,"cobblemon:red_apricorn_seed":1,"minecraft:stick":12,"minecraft:raw_iron":82,"minecraft:copper_ingot":2,"cobblemon:black_apricorn_seed":1,"minecraft:torch":26,"cobblemon:yellow_apricorn_seed":1,"minecraft:dripstone_block":6,"minecraft:gravel":14,"minecraft:sand":7,"cobblemon:nanab_berry":13,"cobblemon:persim_berry":18,"cobblemon:pink_apricorn":17,"minecraft:diorite":10,"minecraft:redstone":37,"minecraft:diamond":10,"minecraft:granite":43,"minecraft:obsidian":12,"cobblemon:chesto_berry":15,"minecraft:mutton":4,"minecraft:oak_sapling":12,"minecraft:coal":157,"cobblemon:blue_apricorn":10,"minecraft:white_wool":3,"minecraft:cobblestone":660}},"DataVersion":3465}