{"stats":{"minecraft:mined":{"minecraft:stripped_birch_log":1,"cobblemon:pc":2,"minecraft:granite":28,"minecraft:acacia_log":10,"minecraft:grass_block":378,"minecraft:jungle_planks":1,"minecraft:jungle_log":28,"cobblemon:red_apricorn_sapling":2,"minecraft:furnace":3,"minecraft:iron_ore":37,"cobblemon:razz_berry":3,"cobblemon:white_apricorn_sapling":1,"cobblemon:green_apricorn_sapling":3,"minecraft:dirt_path":1,"minecraft:vine":8,"minecraft:stone":205,"cobblemon:revival_herb":1,"minecraft:dandelion":6,"cobblemon:leaf_stone_ore":1,"minecraft:polished_granite":1,"minecraft:crafting_table":8,"minecraft:torch":9,"minecraft:calcite":6,"minecraft:melon":3,"minecraft:chest":2,"minecraft:copper_ore":8,"minecraft:tall_grass":1,"minecraft:diorite":47,"minecraft:wall_torch":7,"minecraft:amethyst_block":3,"minecraft:lime_bed":8,"minecraft:birch_log":144,"minecraft:birch_leaves":74,"minecraft:grass":16,"minecraft:oak_log":5,"minecraft:coal_ore":110,"minecraft:dirt":94,"minecraft:gravel":10,"minecraft:sand":1,"minecraft:smooth_basalt":1,"cobblemon:blue_apricorn_sapling":6,"minecraft:oak_leaves":9,"minecraft:fern":1,"minecraft:suspicious_gravel":9},"minecraft:killed":{"minecraft:spider":1,"minecraft:skeleton":6,"minecraft:chicken":3,"minecraft:pig":4,"cobblemon:pokemon":7,"minecraft:creeper":1,"minecraft:sheep":10,"minecraft:zombie":12,"minecraft:cow":10},"minecraft:used":{"minecraft:iron_shovel":427,"minecraft:chest":7,"minecraft:shield":28,"minecraft:iron_sword":117,"minecraft:cooked_chicken":2,"minecraft:rotten_flesh":1,"minecraft:torch":130,"minecraft:dirt":457,"minecraft:jungle_planks":1,"minecraft:granite":26,"minecraft:iron_axe":246,"minecraft:smooth_basalt":1,"cobblemon:pc":2,"minecraft:furnace":7,"minecraft:acacia_planks":5,"minecraft:calcite":6,"minecraft:water_bucket":1,"minecraft:diorite":42,"minecraft:amethyst_block":3,"minecraft:stone_pickaxe":127,"minecraft:wooden_pickaxe":7,"minecraft:lime_bed":9,"minecraft:crafting_table":10,"cobblemon:white_apricorn_seed":2,"cobblemon:green_apricorn_seed":4,"minecraft:bread":39,"minecraft:iron_pickaxe":342,"minecraft:polished_granite":1,"minecraft:gravel":3,"minecraft:stone_axe":52,"cobblemon:red_apricorn_seed":3,"minecraft:cobblestone":13,"minecraft:cooked_porkchop":6,"minecraft:bucket":2,"minecraft:bone_meal":3,"cobblemon:blue_apricorn_seed":8},"minecraft:dropped":{"minecraft:wheat_seeds":5,"minecraft:glow_ink_sac":2,"cobblemon:blue_apricorn":1,"minecraft:feather":4,"cobbledex:cobbledex_item":1,"minecraft:stripped_birch_log":1,"minecraft:white_wool":2,"minecraft:gravel":5,"minecraft:stone_axe":1,"minecraft:wheat":5,"minecraft:birch_sapling":2,"minecraft:rotten_flesh":11,"minecraft:oak_sign":1,"minecraft:arrow":4,"minecraft:wooden_pickaxe":1,"minecraft:egg":6},"minecraft:broken":{"minecraft:iron_shovel":1,"minecraft:stone_pickaxe":1,"minecraft:iron_axe":1,"minecraft:iron_pickaxe":1},"minecraft:crafted":{"minecraft:smooth_stone":2,"minecraft:cooked_chicken":4,"minecraft:furnace":4,"minecraft:stone":2,"minecraft:bone_meal":3,"minecraft:glass":1,"minecraft:iron_axe":1,"minecraft:stone_pickaxe":1,"minecraft:chest":5,"minecraft:cooked_beef":17,"simple_backpack:backpack":1,"minecraft:cooked_porkchop":9,"minecraft:crafting_table":3,"minecraft:wooden_pickaxe":1,"minecraft:iron_sword":1,"cobblemon:pc":1,"minecraft:copper_ingot":24,"minecraft:bucket":1,"minecraft:stone_axe":1,"minecraft:air":0,"minecraft:jungle_planks":112,"minecraft:charcoal":2,"minecraft:shield":1,"minecraft:stick":40,"minecraft:iron_ingot":37,"minecraft:iron_pickaxe":2,"minecraft:iron_shovel":2,"minecraft:acacia_planks":40,"minecraft:torch":96,"cobblemon:great_ball":24},"minecraft:picked_up":{"minecraft:crafting_table":8,"cobblemon:leaf_stone":1,"simple_backpack:backpack":1,"minecraft:chicken":4,"cobblemon:yellow_apricorn":29,"minecraft:brown_mushroom":1,"cobblemon:red_apricorn":25,"minecraft:shield":1,"minecraft:amethyst_block":3,"cobblemon:revival_herb":3,"minecraft:string":3,"minecraft:raw_copper":27,"cobblemon:occa_berry":3,"cobblemon:white_apricorn":3,"minecraft:iron_shovel":1,"minecraft:oak_sign":1,"cobblemon:green_apricorn":1,"cobblemon:white_apricorn_seed":2,"minecraft:beef":17,"cobblemon:oran_berry":40,"cobblemon:relic_coin":48,"minecraft:calcite":6,"minecraft:iron_pickaxe":1,"minecraft:melon_slice":14,"cobblemon:pep_up_flower":1,"minecraft:chest":3,"minecraft:birch_sapling":20,"cobblemon:green_apricorn_seed":4,"minecraft:furnace":4,"minecraft:egg":6,"minecraft:stick":21,"minecraft:raw_iron":43,"cobblemon:pc":3,"minecraft:torch":151,"minecraft:acacia_log":10,"minecraft:porkchop":9,"minecraft:diorite":46,"minecraft:arrow":7,"minecraft:rotten_flesh":16,"minecraft:tropical_fish":1,"cobblemon:revive":10,"minecraft:carved_pumpkin":2,"minecraft:mutton":14,"cobblemon:blue_apricorn":24,"minecraft:white_wool":13,"minecraft:cobblestone":258,"minecraft:birch_log":142,"cobblemizer:iv_random":1,"minecraft:lime_bed":9,"minecraft:leather_chestplate":1,"minecraft:feather":6,"cobblemon:great_ball":31,"minecraft:water_bucket":1,"minecraft:glow_ink_sac":2,"minecraft:jungle_log":28,"minecraft:leather":13,"cobblemon:razz_berry":9,"minecraft:flint":2,"minecraft:oak_log":5,"minecraft:gunpowder":2,"minecraft:stripped_birch_log":1,"minecraft:dirt":473,"minecraft:polished_granite":1,"minecraft:bone":8,"minecraft:acacia_planks":29,"minecraft:wheat_seeds":18,"cobblemon:black_apricorn":15,"cobblemon:potion":22,"minecraft:iron_ingot":1,"minecraft:stone_pickaxe":1,"minecraft:cooked_chicken":3,"minecraft:rabbit":1,"minecraft:glass_bottle":1,"cobblemon:wacan_berry":1,"minecraft:iron_sword":1,"cobbledex:cobbledex_item":3,"cobblemon:red_apricorn_seed":4,"minecraft:smooth_basalt":1,"minecraft:cooked_porkchop":3,"minecraft:dandelion":12,"cobblemon:blue_apricorn_seed":9,"minecraft:gravel":8,"minecraft:jungle_planks":61,"minecraft:sand":1,"cobblemon:pink_apricorn":11,"minecraft:spider_eye":1,"minecraft:stone_axe":1,"cobblemon:poke_ball":23,"minecraft:granite":30,"cobblemon:rindo_berry":6,"minecraft:bread":91,"minecraft:coal":211},"minecraft:killed_by":{"cobblemon:pokemon":1,"minecraft:skeleton":3},"minecraft:custom":{"minecraft:mob_kills":54,"minecraft:interact_with_crafting_table":29,"minecraft:leave_game":1,"minecraft:time_since_death":1534,"minecraft:climb_one_cm":4241,"minecraft:sprint_one_cm":393475,"minecraft:walk_one_cm":527316,"minecraft:damage_blocked_by_shield":896,"minecraft:drop":38,"minecraft:play_time":193326,"minecraft:deaths":4,"minecraft:sneak_time":884,"minecraft:walk_under_water_one_cm":17808,"minecraft:jump":2769,"minecraft:walk_on_water_one_cm":26314,"minecraft:total_world_time":193326,"minecraft:interact_with_furnace":44,"minecraft:sleep_in_bed":11,"minecraft:time_since_rest":1410,"minecraft:damage_taken":3163,"minecraft:damage_dealt":7616,"minecraft:fly_one_cm":438311,"minecraft:swim_one_cm":64761,"minecraft:open_chest":66,"minecraft:crouch_one_cm":1598,"minecraft:fall_one_cm":72785}},"DataVersion":3465}