{"stats":{"minecraft:crafted":{"minecraft:oak_planks":160,"minecraft:crafting_table":7,"minecraft:wooden_pickaxe":3,"minecraft:furnace":2,"minecraft:bucket":1,"minecraft:birch_planks":16,"minecraft:air":0,"minecraft:stick":24,"minecraft:iron_ingot":11,"minecraft:iron_pickaxe":2,"minecraft:stone_pickaxe":4,"minecraft:wooden_axe":4,"minecraft:torch":12},"minecraft:used":{"minecraft:stone_sword":12,"minecraft:stone_pickaxe":515,"minecraft:oak_planks":1,"minecraft:wooden_pickaxe":83,"minecraft:torch":18,"minecraft:dirt":6,"minecraft:crafting_table":13,"minecraft:granite":5,"minecraft:wooden_axe":72,"minecraft:birch_sapling":1,"minecraft:iron_pickaxe":211,"minecraft:gravel":8,"minecraft:stone_axe":2,"minecraft:cobblestone":18,"minecraft:oak_sapling":12,"minecraft:furnace":3,"minecraft:bucket":1,"minecraft:egg":2},"minecraft:custom":{"minecraft:interact_with_furnace":10,"minecraft:mob_kills":6,"minecraft:interact_with_crafting_table":21,"minecraft:time_since_death":3715,"minecraft:climb_one_cm":1952,"minecraft:time_since_rest":3742,"minecraft:sprint_one_cm":256979,"minecraft:damage_taken":2440,"minecraft:walk_one_cm":297949,"minecraft:drop":15,"minecraft:damage_dealt":720,"minecraft:swim_one_cm":5927,"minecraft:fly_one_cm":262655,"minecraft:open_chest":3,"minecraft:crouch_one_cm":576,"minecraft:play_time":100474,"minecraft:deaths":3,"minecraft:sneak_time":695,"minecraft:walk_under_water_one_cm":7882,"minecraft:jump":2140,"minecraft:open_loot_ball":7,"minecraft:walk_on_water_one_cm":16900,"minecraft:total_world_time":100474,"minecraft:fall_one_cm":86540},"minecraft:dropped":{"minecraft:cobbled_deepslate":15,"cobblemon:pink_apricorn":1,"minecraft:mutton":3,"minecraft:wooden_axe":1,"minecraft:beef":6,"minecraft:stone_pickaxe":2,"minecraft:wooden_pickaxe":1},"minecraft:killed":{"minecraft:sheep":2,"minecraft:cow":4},"minecraft:mined":{"minecraft:deepslate_redstone_ore":8,"minecraft:tuff":1,"minecraft:deepslate_diamond_ore":10,"minecraft:crafting_table":10,"cobblemon:apricorn_leaves":1,"minecraft:torch":6,"minecraft:granite":42,"minecraft:grass_block":6,"minecraft:copper_ore":4,"minecraft:cobblestone":8,"minecraft:deepslate_gold_ore":24,"minecraft:oak_planks":1,"cobblemon:dripstone_moon_stone_ore":5,"minecraft:diorite":4,"minecraft:wall_torch":6,"minecraft:furnace":3,"cobblemon:deepslate_leaf_stone_ore":1,"minecraft:birch_log":10,"minecraft:iron_ore":46,"minecraft:andesite":22,"minecraft:birch_leaves":13,"minecraft:deepslate_lapis_ore":3,"minecraft:grass":1,"minecraft:oak_log":52,"minecraft:coal_ore":86,"minecraft:gravel":6,"minecraft:dripstone_block":6,"minecraft:dirt":15,"cobblemon:sun_stone_ore":2,"minecraft:stone":439,"minecraft:gold_ore":5,"minecraft:deepslate":66,"minecraft:oak_leaves":12},"minecraft:broken":{"minecraft:stone_pickaxe":1,"minecraft:wooden_pickaxe":1},"minecraft:picked_up":{"minecraft:birch_log":10,"cobblemon:leaf_stone":1,"minecraft:crafting_table":10,"minecraft:glow_ink_sac":6,"minecraft:andesite":21,"cobblemon:yellow_apricorn":1,"minecraft:leather":5,"cobblemon:red_apricorn":6,"minecraft:flint":2,"minecraft:tuff":1,"minecraft:oak_log":52,"minecraft:lapis_lazuli":13,"minecraft:dirt":21,"minecraft:raw_copper":18,"cobblemon:pink_apricorn_seed":1,"cobblemon:white_apricorn":2,"minecraft:apple":1,"cobblemon:black_apricorn":21,"minecraft:cobbled_deepslate":65,"minecraft:raw_gold":29,"cobblemon:green_apricorn":7,"minecraft:iron_ingot":1,"minecraft:beef":6,"cobblemon:oran_berry":27,"cobblemon:moon_stone":7,"minecraft:oak_planks":1,"minecraft:birch_sapling":1,"cobblemon:green_apricorn_seed":3,"minecraft:furnace":3,"minecraft:egg":2,"cobblemon:red_apricorn_seed":1,"minecraft:stick":12,"minecraft:raw_iron":82,"cobblemon:black_apricorn_seed":1,"minecraft:torch":15,"minecraft:dripstone_block":6,"minecraft:gravel":11,"cobblemon:persim_berry":18,"cobblemon:pink_apricorn":17,"minecraft:diorite":4,"minecraft:redstone":37,"minecraft:diamond":10,"minecraft:granite":40,"minecraft:oak_sapling":12,"cobblemon:blue_apricorn":10,"minecraft:mutton":3,"minecraft:coal":146,"minecraft:white_wool":2,"minecraft:cobblestone":456}},"DataVersion":3465}