{"stats":{"minecraft:killed_by":{"cobblemon:pokemon":1,"minecraft:skeleton":3},"minecraft:dropped":{"minecraft:iron_sword":2,"minecraft:moss_block":1,"minecraft:glow_ink_sac":3,"cobblemon:red_apricorn_seed":1,"cobblemon:blue_apricorn":1,"minecraft:diamond":2,"minecraft:glow_berries":1,"cobblemon:persim_berry":30,"minecraft:dirt":1,"cobblemon:ancient_poke_ball":12,"cobblemon:poke_ball":2,"minecraft:mutton":6,"minecraft:seagrass":3,"minecraft:bone_meal":1,"cobblemon:great_ball":21,"minecraft:iron_pickaxe":1,"minecraft:fishing_rod":1,"minecraft:white_wool":2,"cobblemon:ultra_ball":26,"minecraft:gravel":5,"minecraft:stone_axe":1,"minecraft:cobbled_deepslate":8,"minecraft:wheat":8,"minecraft:birch_sapling":5,"minecraft:pointed_dripstone":2,"minecraft:rotten_flesh":13,"cobblemon:chesto_berry":11,"minecraft:rabbit_foot":1,"minecraft:salmon":5,"minecraft:rabbit_hide":3,"minecraft:leather_chestplate":1,"minecraft:mangrove_log":1,"minecraft:arrow":4,"minecraft:netherrack":2,"minecraft:egg":8,"minecraft:golden_boots":1,"minecraft:stripped_spruce_log":1,"minecraft:wheat_seeds":5,"minecraft:feather":6,"cobblemon:green_apricorn_seed":1,"minecraft:apple":1,"minecraft:amethyst_block":2,"minecraft:granite":2,"minecraft:tropical_fish":1,"minecraft:acacia_log":2,"cobblemon:oran_berry":14,"minecraft:stick":2,"cobbledex:cobbledex_item":2,"minecraft:torch":1,"minecraft:rabbit":2,"minecraft:melon_slice":14,"minecraft:diamond_helmet":1,"minecraft:stripped_birch_log":1,"minecraft:red_dye":3,"minecraft:dandelion":1,"minecraft:tuff":9,"minecraft:chicken":2,"cobblemon:quick_ball":10,"megamons:anistarite_geode_block":6,"minecraft:oak_sign":1,"minecraft:potato":5,"minecraft:spruce_planks":2,"minecraft:diamond_pickaxe":2,"minecraft:oak_sapling":1,"minecraft:spider_eye":2,"minecraft:stone_pickaxe":1,"minecraft:wooden_pickaxe":1},"minecraft:custom":{"minecraft:interact_with_crafting_table":100,"minecraft:leave_game":6,"minecraft:time_since_death":600611,"minecraft:sprint_one_cm":1291861,"minecraft:damage_blocked_by_shield":896,"minecraft:drop":136,"minecraft:talked_to_villager":3,"minecraft:play_time":967822,"minecraft:deaths":5,"minecraft:jump":9438,"minecraft:walk_on_water_one_cm":105753,"minecraft:interact_with_furnace":81,"minecraft:sleep_in_bed":56,"minecraft:damage_dealt":9949,"minecraft:crouch_one_cm":25789,"minecraft:interact_with_smoker":1,"minecraft:interact_with_smithing_table":5,"minecraft:mob_kills":66,"minecraft:climb_one_cm":10256,"minecraft:walk_one_cm":1855591,"minecraft:sneak_time":10725,"minecraft:walk_under_water_one_cm":166235,"minecraft:boat_one_cm":25121,"minecraft:total_world_time":967822,"minecraft:interact_with_stonecutter":3,"minecraft:time_since_rest":256837,"minecraft:damage_taken":8214,"minecraft:swim_one_cm":343751,"minecraft:fly_one_cm":1582554,"minecraft:open_chest":405,"minecraft:fall_one_cm":264065},"minecraft:mined":{"minecraft:large_amethyst_bud":1,"minecraft:spruce_planks":22,"minecraft:white_bed":21,"cobblemon:pc":15,"minecraft:obsidian":20,"megamons:crystal_shiny_stone_ore":7,"minecraft:spruce_trapdoor":46,"minecraft:cave_vines_plant":1,"minecraft:granite":54,"minecraft:budding_amethyst":9,"minecraft:acacia_log":12,"minecraft:grass_block":525,"minecraft:jungle_log":28,"minecraft:cracked_polished_blackstone_bricks":9,"megamons:crystal_fire_stone_ore":10,"megamons:crystal_dusk_stone_ore":8,"minecraft:gilded_blackstone":2,"minecraft:chiseled_stone_bricks":1,"minecraft:spawner":1,"minecraft:smooth_stone":9,"minecraft:polished_blackstone_bricks":6,"megamons:gyaradosite_crystal_ore":1,"minecraft:iron_ore":87,"minecraft:deepslate_lapis_ore":8,"cobblemon:white_apricorn_sapling":2,"minecraft:pointed_dripstone":1,"cobblemon:green_apricorn_sapling":5,"minecraft:cave_vines":3,"minecraft:dirt_path":1,"minecraft:small_amethyst_bud":1,"megamons:crystal_ice_stone_ore":10,"megamons:pidgeotite_crystal_ore":1,"minecraft:spruce_slab":47,"cobblemon:water_stone_ore":1,"megamons:anistarite_geode_block":28,"minecraft:blackstone":6,"minecraft:kelp_plant":2,"minecraft:medium_amethyst_bud":2,"cobblemon:revival_herb":1,"minecraft:amethyst_cluster":6,"megamons:kangaskhanite_crystal_ore":1,"cobblemon:leaf_stone_ore":1,"cobblemon:apricorn_leaves":1,"minecraft:torch":62,"minecraft:calcite":9,"minecraft:poppy":8,"minecraft:melon":3,"minecraft:chest":4,"minecraft:glass":2,"minecraft:cobblestone":4,"minecraft:honeycomb_block":1,"megamons:crystal_moon_stone_ore":9,"minecraft:grindstone":1,"minecraft:oak_planks":108,"cobblemon:dripstone_moon_stone_ore":1,"minecraft:wall_torch":16,"minecraft:amethyst_block":4,"minecraft:seagrass":1,"megamons:charizarditex_crystal_ore":1,"minecraft:birch_log":229,"minecraft:stone_brick_stairs":33,"minecraft:grass":21,"minecraft:oak_log":130,"minecraft:sand":122,"minecraft:dirt":108,"minecraft:mangrove_log":1,"minecraft:smooth_basalt":2,"minecraft:netherrack":34,"minecraft:oak_leaves":46,"minecraft:deepslate":14,"minecraft:suspicious_gravel":9,"cobblemon:healing_machine":8,"minecraft:diamond_ore":1,"minecraft:tuff":7,"minecraft:mossy_cobblestone":3,"minecraft:deepslate_diamond_ore":8,"minecraft:stripped_birch_log":7,"minecraft:sea_lantern":1,"minecraft:nether_bricks":2,"minecraft:spruce_fence":15,"minecraft:decorated_pot":5,"minecraft:jungle_planks":1,"megamons:crystal_water_stone_ore":3,"minecraft:spruce_leaves":24,"cobblemon:red_apricorn_sapling":2,"minecraft:moss_block":2,"minecraft:kelp":15,"minecraft:large_fern":2,"minecraft:furnace":3,"cobblemon:razz_berry":3,"minecraft:andesite":3,"minecraft:stripped_spruce_log":124,"minecraft:gold_block":21,"minecraft:nether_brick_fence":1,"minecraft:mossy_stone_brick_stairs":1,"minecraft:bookshelf":8,"minecraft:deepslate_iron_ore":4,"minecraft:vine":15,"minecraft:stone":221,"megamons:crystal_thunder_stone_ore":4,"megamons:crystal_leaf_stone_ore":7,"minecraft:smithing_table":1,"megamons:anistarite_rough_geode_block":6,"minecraft:birch_stairs":23,"megamons:mewtwonitex_crystal_ore":1,"minecraft:glass_pane":6,"minecraft:stone_brick_slab":2,"minecraft:spruce_door":2,"minecraft:dandelion":8,"minecraft:polished_granite":1,"minecraft:crafting_table":11,"minecraft:campfire":1,"megamons:slowbronite_crystal_ore":3,"minecraft:tall_grass":1,"minecraft:copper_ore":8,"minecraft:deepslate_gold_ore":4,"minecraft:lapis_ore":3,"minecraft:diorite":48,"cobblemon:relic_coin_pouch":3,"minecraft:spruce_stairs":10,"minecraft:lime_bed":8,"megamons:beedrillite_crystal_ore":1,"minecraft:sweet_berry_bush":3,"minecraft:ice":19,"minecraft:spruce_log":296,"minecraft:birch_leaves":125,"minecraft:mangrove_leaves":2,"megamons:crystal_dawn_stone_ore":2,"minecraft:coal_ore":152,"megamons:crystal_sun_stone_ore":7,"minecraft:gravel":10,"minecraft:cobweb":10,"minecraft:cracked_stone_bricks":13,"minecraft:terracotta":4,"cobblemon:sun_stone_ore":2,"cobblemon:blue_apricorn_sapling":7,"minecraft:stone_bricks":15,"minecraft:gold_ore":4,"minecraft:mossy_stone_bricks":15,"minecraft:fern":1},"minecraft:picked_up":{"minecraft:seagrass":3,"cobblemon:leaf_stone":8,"minecraft:iron_chestplate":1,"minecraft:nether_brick_fence":1,"minecraft:smithing_table":1,"cobblemon:red_apricorn":84,"minecraft:gilded_blackstone":2,"minecraft:stone_brick_stairs":28,"minecraft:amethyst_block":5,"minecraft:string":16,"cobblemon:occa_berry":3,"minecraft:raw_copper":27,"minecraft:oak_sign":1,"minecraft:smooth_stone":13,"minecraft:gold_nugget":17,"minecraft:cobbled_deepslate":14,"cobblemon:white_apricorn_seed":7,"minecraft:spruce_planks":24,"cobblemon:oran_berry":216,"minecraft:calcite":9,"minecraft:iron_pickaxe":4,"minecraft:melon_slice":14,"minecraft:mangrove_log":1,"minecraft:furnace":7,"minecraft:stick":25,"cobblemon:pc":17,"megamons:raw_beedrillite":1,"minecraft:torch":271,"minecraft:acacia_log":12,"minecraft:spruce_stairs":10,"minecraft:porkchop":9,"minecraft:honeycomb_block":1,"minecraft:pointed_dripstone":2,"minecraft:diorite":47,"megamons:raw_slowbronite":3,"minecraft:rabbit_foot":1,"minecraft:honey_bottle":1,"minecraft:rotten_flesh":18,"minecraft:tropical_fish":1,"minecraft:carved_pumpkin":4,"minecraft:obsidian":22,"minecraft:cobblestone":329,"minecraft:birch_log":227,"minecraft:leather_chestplate":2,"minecraft:feather":11,"cobblemon:great_ball":96,"cobblemon:ultra_ball":14,"minecraft:andesite":3,"minecraft:water_bucket":3,"minecraft:jungle_log":28,"minecraft:golden_leggings":1,"megamons:raw_kangaskhanite":1,"cobblemon:pinap_berry":1,"cobblemon:razz_berry":21,"minecraft:flint":2,"minecraft:tuff":10,"megamons:anistarite_geode_block":31,"minecraft:stripped_birch_log":7,"minecraft:lapis_lazuli":80,"minecraft:dirt":635,"minecraft:polished_granite":1,"minecraft:glass":1,"cobblemon:passho_berry":8,"minecraft:bone":9,"minecraft:acacia_planks":29,"cobblemon:black_apricorn":72,"minecraft:wheat_seeds":19,"minecraft:raw_gold":8,"cobblemon:potion":28,"minecraft:grindstone":1,"cobblemon:thunder_stone":4,"minecraft:rabbit":2,"minecraft:mossy_stone_bricks":15,"minecraft:diamond_helmet":1,"cobblemon:moon_stone":10,"minecraft:moss_block":1,"minecraft:oak_planks":107,"minecraft:mossy_stone_brick_stairs":1,"cobblemon:sun_stone":10,"minecraft:cooked_porkchop":6,"cobblemon:shiny_stone":7,"cobblemon:fire_stone":10,"minecraft:jungle_planks":121,"minecraft:sand":122,"cobblemon:persim_berry":118,"minecraft:stripped_spruce_log":124,"minecraft:mossy_cobblestone":2,"megamons:anistarite_rough_geode_block":6,"cobblemon:healing_machine":9,"minecraft:diamond":11,"cobblemon:poke_ball":33,"minecraft:cracked_polished_blackstone_bricks":8,"minecraft:granite":56,"minecraft:bone_meal":3,"cobblemon:rindo_berry":14,"cobblemon:ice_stone":10,"minecraft:bread":116,"cobblemon:chesto_berry":39,"minecraft:oak_sapling":1,"minecraft:netherrack":34,"minecraft:oak_leaves":26,"minecraft:diamond_pickaxe":2,"minecraft:charcoal":2,"minecraft:crafting_table":13,"simple_backpack:backpack":3,"minecraft:chicken":9,"cobblemon:yellow_apricorn":103,"minecraft:brown_mushroom":1,"minecraft:gold_block":21,"minecraft:brick":18,"minecraft:shield":3,"megamons:raw_mewtwonitex":1,"cobblemon:revival_herb":4,"cobblemon:lum_berry":2,"cobblemon:white_apricorn":54,"minecraft:iron_shovel":2,"minecraft:blackstone":5,"minecraft:cracked_stone_bricks":13,"cobblemon:green_apricorn":82,"minecraft:beef":18,"minecraft:spruce_slab":44,"cobblemon:relic_coin":160,"cobblemon:oval_stone":1,"minecraft:poppy":8,"minecraft:light_gray_wool":1,"cobblemon:dusk_stone":8,"cobblemon:pep_up_flower":1,"minecraft:chest":5,"minecraft:birch_sapling":25,"cobblemon:green_apricorn_seed":17,"minecraft:spruce_trapdoor":46,"minecraft:egg":10,"minecraft:raw_iron":97,"minecraft:spruce_fence":13,"megamons:raw_pidgeotite":1,"minecraft:polished_blackstone_bricks":5,"rctmod:trainer_card":1,"minecraft:prismarine_crystals":3,"cobblemon:dawn_stone":2,"minecraft:arrow":8,"minecraft:nether_bricks":2,"cobblemon:revive":10,"minecraft:glow_berries":1,"minecraft:mutton":24,"cobblemon:blue_apricorn":77,"minecraft:white_wool":19,"cobblemizer:iv_random":1,"minecraft:lime_bed":9,"minecraft:jungle_boat":1,"cobblemon:ancient_poke_ball":23,"minecraft:glow_ink_sac":3,"minecraft:salmon":9,"minecraft:leather":13,"minecraft:oak_log":130,"minecraft:gunpowder":2,"megamons:raw_charizarditex":1,"cobblemon:pink_apricorn_seed":2,"minecraft:stone_bricks":14,"minecraft:pearlescent_froglight":2,"minecraft:kelp":11,"minecraft:stone_pickaxe":2,"minecraft:rabbit_hide":3,"minecraft:iron_ingot":3,"minecraft:cooked_chicken":5,"minecraft:glass_bottle":2,"cobblemon:wacan_berry":6,"minecraft:iron_sword":4,"cobbledex:cobbledex_item":6,"minecraft:book":24,"cobblemizer:friendship_add_uncommon":6,"cobblemon:red_apricorn_seed":9,"minecraft:smooth_basalt":2,"minecraft:sweet_berries":6,"minecraft:chiseled_stone_bricks":1,"minecraft:stone_brick_slab":1,"cobblemon:black_apricorn_seed":3,"cobblemizer:friendship_add_rare":3,"minecraft:dandelion":13,"cobblemon:blue_apricorn_seed":15,"minecraft:birch_stairs":20,"minecraft:gravel":8,"cobblemon:cheri_berry":20,"minecraft:amethyst_shard":26,"cobblemon:yellow_apricorn_seed":6,"cobblemizer:friendship_add_epic":1,"minecraft:spruce_sapling":2,"cobblemon:pink_apricorn":18,"minecraft:white_bed":22,"minecraft:spruce_log":289,"minecraft:spruce_door":2,"minecraft:spider_eye":3,"megamons:raw_gyaradosite":1,"minecraft:slime_ball":2,"minecraft:stone_axe":1,"minecraft:terracotta":4,"cobblemon:water_stone":4,"minecraft:coal":253},"minecraft:killed":{"minecraft:spider":1,"minecraft:skeleton":6,"minecraft:chicken":3,"minecraft:turtle":3,"minecraft:pig":4,"minecraft:creeper":1,"minecraft:sheep":12,"minecraft:zombie":13,"minecraft:cow":11,"rctmod:trainer":3,"cobblemon:pokemon":9},"minecraft:crafted":{"minecraft:smooth_stone":2,"minecraft:oak_planks":336,"minecraft:barrel":3,"minecraft:cooked_chicken":4,"minecraft:stone":21,"minecraft:bookshelf":6,"minecraft:glass":122,"minecraft:chest":12,"minecraft:copper_block":2,"minecraft:stone_bricks":16,"minecraft:wooden_shovel":1,"minecraft:cooked_porkchop":9,"minecraft:crafting_table":5,"minecraft:spruce_planks":584,"minecraft:jungle_boat":1,"minecraft:wooden_pickaxe":1,"minecraft:iron_helmet":1,"megamons:key_stone":1,"minecraft:spruce_door":3,"minecraft:smithing_table":1,"minecraft:red_wool":5,"minecraft:copper_ingot":24,"megamons:cut_gyaradosite":1,"minecraft:birch_planks":332,"cobblemon:quick_ball":40,"minecraft:spruce_trapdoor":44,"minecraft:diamond_pickaxe":1,"minecraft:charcoal":2,"minecraft:shield":1,"minecraft:stick":120,"minecraft:leather_chestplate":1,"minecraft:iron_ingot":101,"minecraft:iron_pickaxe":3,"cobblemon:protector":2,"minecraft:gold_ingot":197,"minecraft:birch_stairs":220,"minecraft:shears":1,"cobblemon:exp_share":1,"minecraft:iron_nugget":234,"minecraft:furnace":4,"minecraft:bone_meal":60,"minecraft:spruce_fence":48,"minecraft:glass_pane":176,"minecraft:lantern":23,"minecraft:spruce_stairs":120,"minecraft:ladder":6,"minecraft:iron_axe":5,"megamons:mega_cuff":1,"cobblemon:assault_vest":1,"minecraft:spruce_slab":60,"minecraft:stone_pickaxe":1,"minecraft:dark_oak_planks":8,"minecraft:cooked_beef":17,"minecraft:red_dye":8,"simple_backpack:backpack":1,"minecraft:enchanting_table":1,"minecraft:iron_sword":1,"cobblemon:pc":1,"minecraft:polished_granite":24,"minecraft:bucket":2,"minecraft:stone_axe":1,"minecraft:air":0,"minecraft:jungle_planks":112,"minecraft:iron_shovel":3,"minecraft:stonecutter":1,"minecraft:white_bed":1,"minecraft:acacia_planks":40,"minecraft:torch":140,"cobblemon:ultra_ball":64,"cobblemon:great_ball":48},"minecraft:broken":{"minecraft:iron_shovel":1,"minecraft:stone_pickaxe":1,"minecraft:stone_axe":1,"minecraft:iron_axe":3,"minecraft:iron_pickaxe":1},"minecraft:used":{"minecraft:iron_shovel":695,"minecraft:spruce_slab":73,"minecraft:ladder":3,"minecraft:chest":13,"minecraft:shield":28,"minecraft:iron_sword":134,"minecraft:rotten_flesh":1,"minecraft:jungle_planks":1,"minecraft:nether_bricks":2,"minecraft:tuff":1,"minecraft:stripped_spruce_log":122,"minecraft:obsidian":21,"minecraft:glass":1,"minecraft:lava_bucket":30,"minecraft:lantern":12,"minecraft:stone_bricks":21,"minecraft:furnace":10,"minecraft:gold_block":4,"minecraft:egg":2,"minecraft:diorite":42,"minecraft:spruce_door":3,"minecraft:stone_pickaxe":127,"minecraft:oak_planks":301,"minecraft:blackstone":5,"minecraft:wooden_pickaxe":7,"minecraft:jungle_boat":1,"minecraft:oak_leaves":15,"cobblemon:yellow_apricorn_seed":6,"minecraft:shears":26,"cobblemon:green_apricorn_seed":11,"minecraft:bread":39,"minecraft:polished_granite":1,"minecraft:gravel":3,"minecraft:diamond_sword":90,"cobblemon:red_apricorn_seed":7,"minecraft:grindstone":1,"minecraft:smithing_table":2,"minecraft:andesite":1,"minecraft:bone_meal":62,"minecraft:enchanting_table":1,"minecraft:flint_and_steel":5,"minecraft:spruce_planks":37,"minecraft:cooked_chicken":2,"minecraft:netherrack":8,"minecraft:torch":221,"minecraft:dirt":461,"minecraft:spruce_stairs":30,"minecraft:spruce_fence":61,"minecraft:granite":26,"minecraft:bookshelf":6,"minecraft:iron_axe":1204,"cobblemon:pink_apricorn_seed":1,"minecraft:barrel":3,"minecraft:smooth_basalt":1,"cobblemon:pc":15,"minecraft:acacia_planks":5,"minecraft:cobbled_deepslate":1,"minecraft:calcite":6,"minecraft:water_bucket":6,"minecraft:amethyst_block":3,"minecraft:stonecutter":1,"minecraft:cracked_stone_bricks":2,"minecraft:polished_blackstone_bricks":5,"minecraft:gilded_blackstone":28,"minecraft:lime_bed":9,"minecraft:crafting_table":15,"cobblemon:black_apricorn_seed":3,"cobblemon:white_apricorn_seed":5,"minecraft:white_bed":21,"cobblemon:healing_machine":9,"minecraft:spruce_log":145,"minecraft:diamond_pickaxe":269,"minecraft:cracked_polished_blackstone_bricks":8,"minecraft:iron_pickaxe":675,"minecraft:spruce_trapdoor":73,"minecraft:spruce_sapling":1,"minecraft:stone_axe":186,"minecraft:cobblestone":53,"minecraft:cooked_porkchop":6,"minecraft:glass_pane":55,"minecraft:bucket":38,"cobblemon:blue_apricorn_seed":11,"minecraft:smooth_stone":4,"minecraft:birch_stairs":178}},"DataVersion":3465}