{"stats":{"minecraft:mined":{"minecraft:white_bed":3,"minecraft:stripped_birch_log":1,"cobblemon:pc":3,"minecraft:granite":29,"minecraft:acacia_log":10,"minecraft:grass_block":379,"minecraft:jungle_planks":1,"minecraft:jungle_log":28,"minecraft:spruce_leaves":4,"cobblemon:red_apricorn_sapling":2,"minecraft:furnace":3,"minecraft:iron_ore":84,"cobblemon:razz_berry":3,"cobblemon:white_apricorn_sapling":2,"minecraft:pointed_dripstone":1,"cobblemon:green_apricorn_sapling":5,"minecraft:dirt_path":1,"minecraft:vine":8,"minecraft:stone":216,"cobblemon:revival_herb":1,"minecraft:dandelion":6,"cobblemon:leaf_stone_ore":1,"minecraft:polished_granite":1,"cobblemon:apricorn_leaves":1,"minecraft:crafting_table":9,"minecraft:torch":10,"minecraft:calcite":6,"minecraft:melon":3,"minecraft:chest":2,"minecraft:copper_ore":8,"minecraft:tall_grass":1,"minecraft:diorite":47,"minecraft:wall_torch":7,"minecraft:amethyst_block":3,"minecraft:lime_bed":8,"minecraft:birch_log":144,"minecraft:birch_leaves":95,"minecraft:grass":16,"minecraft:oak_log":5,"minecraft:coal_ore":151,"minecraft:dirt":94,"minecraft:gravel":10,"minecraft:sand":1,"minecraft:smooth_basalt":1,"cobblemon:sun_stone_ore":1,"cobblemon:blue_apricorn_sapling":6,"minecraft:oak_leaves":9,"minecraft:fern":1,"minecraft:suspicious_gravel":9},"minecraft:killed":{"minecraft:spider":1,"minecraft:skeleton":6,"minecraft:chicken":3,"minecraft:pig":4,"cobblemon:pokemon":7,"minecraft:creeper":1,"minecraft:sheep":10,"minecraft:zombie":12,"minecraft:cow":11},"minecraft:used":{"minecraft:iron_shovel":427,"minecraft:chest":7,"minecraft:shield":28,"minecraft:iron_sword":126,"minecraft:cooked_chicken":2,"minecraft:rotten_flesh":1,"minecraft:torch":163,"minecraft:dirt":457,"minecraft:jungle_planks":1,"minecraft:granite":26,"minecraft:iron_axe":246,"minecraft:smooth_basalt":1,"cobblemon:pc":3,"minecraft:furnace":7,"minecraft:acacia_planks":5,"minecraft:calcite":6,"minecraft:water_bucket":1,"minecraft:diorite":42,"minecraft:amethyst_block":3,"minecraft:stone_pickaxe":127,"minecraft:wooden_pickaxe":7,"minecraft:lime_bed":9,"minecraft:crafting_table":11,"cobblemon:black_apricorn_seed":1,"minecraft:white_bed":3,"cobblemon:white_apricorn_seed":3,"cobblemon:green_apricorn_seed":7,"minecraft:bread":39,"minecraft:iron_pickaxe":445,"minecraft:polished_granite":1,"minecraft:gravel":3,"minecraft:stone_axe":52,"cobblemon:red_apricorn_seed":3,"minecraft:cobblestone":22,"minecraft:cooked_porkchop":6,"minecraft:bucket":2,"minecraft:bone_meal":6,"cobblemon:blue_apricorn_seed":8},"minecraft:dropped":{"minecraft:wheat_seeds":5,"minecraft:glow_ink_sac":2,"cobblemon:blue_apricorn":1,"minecraft:feather":4,"minecraft:granite":1,"cobbledex:cobbledex_item":1,"minecraft:dirt":1,"minecraft:stripped_birch_log":1,"minecraft:white_wool":2,"minecraft:gravel":5,"minecraft:stone_axe":1,"minecraft:wheat":5,"minecraft:birch_sapling":2,"minecraft:pointed_dripstone":2,"minecraft:rotten_flesh":11,"minecraft:oak_sign":1,"minecraft:arrow":4,"minecraft:wooden_pickaxe":1,"minecraft:egg":6},"minecraft:broken":{"minecraft:iron_shovel":1,"minecraft:stone_pickaxe":1,"minecraft:iron_axe":1,"minecraft:iron_pickaxe":1},"minecraft:crafted":{"minecraft:smooth_stone":2,"minecraft:cooked_chicken":4,"minecraft:furnace":4,"minecraft:stone":2,"minecraft:bone_meal":6,"minecraft:glass":1,"minecraft:iron_axe":1,"minecraft:stone_pickaxe":1,"minecraft:chest":5,"minecraft:cooked_beef":17,"simple_backpack:backpack":1,"minecraft:cooked_porkchop":9,"minecraft:crafting_table":4,"minecraft:wooden_pickaxe":1,"minecraft:iron_sword":1,"cobblemon:pc":1,"minecraft:copper_ingot":24,"minecraft:bucket":1,"minecraft:stone_axe":1,"minecraft:air":0,"minecraft:jungle_planks":112,"minecraft:charcoal":2,"minecraft:shield":1,"minecraft:stick":40,"minecraft:iron_ingot":51,"minecraft:iron_pickaxe":2,"minecraft:iron_shovel":2,"minecraft:white_bed":1,"minecraft:acacia_planks":40,"minecraft:torch":96,"cobblemon:great_ball":36},"minecraft:picked_up":{"minecraft:crafting_table":9,"cobblemon:leaf_stone":1,"simple_backpack:backpack":2,"minecraft:chicken":4,"cobblemon:yellow_apricorn":43,"minecraft:brown_mushroom":1,"cobblemon:red_apricorn":31,"minecraft:shield":2,"minecraft:amethyst_block":3,"cobblemon:revival_herb":3,"minecraft:string":4,"minecraft:raw_copper":27,"cobblemon:occa_berry":3,"cobblemon:white_apricorn":7,"minecraft:iron_shovel":2,"minecraft:oak_sign":1,"cobblemon:green_apricorn":10,"cobblemon:white_apricorn_seed":3,"minecraft:beef":18,"cobblemon:oran_berry":60,"cobblemon:relic_coin":77,"minecraft:calcite":6,"minecraft:iron_pickaxe":2,"minecraft:melon_slice":14,"cobblemon:pep_up_flower":1,"minecraft:chest":3,"minecraft:birch_sapling":22,"cobblemon:green_apricorn_seed":7,"minecraft:furnace":4,"minecraft:egg":6,"minecraft:stick":23,"minecraft:raw_iron":90,"cobblemon:pc":5,"minecraft:torch":205,"minecraft:acacia_log":10,"minecraft:porkchop":9,"rctmod:trainer_card":1,"minecraft:pointed_dripstone":2,"minecraft:diorite":46,"minecraft:honey_bottle":1,"minecraft:arrow":7,"minecraft:rotten_flesh":16,"minecraft:tropical_fish":1,"cobblemon:revive":10,"minecraft:carved_pumpkin":3,"minecraft:mutton":18,"cobblemon:blue_apricorn":30,"minecraft:white_wool":16,"minecraft:cobblestone":321,"minecraft:birch_log":142,"cobblemizer:iv_random":1,"minecraft:lime_bed":9,"minecraft:leather_chestplate":2,"minecraft:feather":6,"cobblemon:great_ball":52,"minecraft:water_bucket":2,"minecraft:glow_ink_sac":2,"minecraft:jungle_log":28,"minecraft:leather":13,"cobblemon:pinap_berry":1,"cobblemon:razz_berry":9,"minecraft:flint":2,"minecraft:oak_log":5,"minecraft:gunpowder":2,"minecraft:stripped_birch_log":1,"minecraft:dirt":475,"minecraft:polished_granite":1,"minecraft:bone":9,"minecraft:acacia_planks":29,"minecraft:wheat_seeds":18,"cobblemon:black_apricorn":21,"cobblemon:potion":28,"minecraft:iron_ingot":1,"minecraft:stone_pickaxe":1,"minecraft:cooked_chicken":5,"minecraft:rabbit":1,"minecraft:glass_bottle":2,"cobblemon:wacan_berry":1,"minecraft:iron_sword":2,"cobbledex:cobbledex_item":4,"cobblemizer:friendship_add_uncommon":6,"cobblemon:sun_stone":1,"cobblemon:red_apricorn_seed":4,"minecraft:smooth_basalt":1,"minecraft:cooked_porkchop":6,"cobblemizer:friendship_add_rare":3,"cobblemon:black_apricorn_seed":1,"minecraft:dandelion":12,"cobblemon:blue_apricorn_seed":9,"minecraft:gravel":8,"minecraft:jungle_planks":121,"minecraft:sand":1,"cobblemizer:friendship_add_epic":1,"cobblemon:persim_berry":4,"cobblemon:pink_apricorn":15,"minecraft:white_bed":3,"minecraft:spider_eye":1,"minecraft:stone_axe":1,"cobblemon:poke_ball":27,"minecraft:granite":31,"cobblemon:rindo_berry":12,"minecraft:bread":116,"minecraft:coal":252},"minecraft:killed_by":{"cobblemon:pokemon":1,"minecraft:skeleton":3},"minecraft:custom":{"minecraft:mob_kills":55,"minecraft:interact_with_crafting_table":31,"minecraft:leave_game":1,"minecraft:time_since_death":61534,"minecraft:climb_one_cm":4437,"minecraft:sprint_one_cm":560045,"minecraft:walk_one_cm":648995,"minecraft:damage_blocked_by_shield":896,"minecraft:drop":42,"minecraft:play_time":253326,"minecraft:deaths":4,"minecraft:sneak_time":1231,"minecraft:walk_under_water_one_cm":27293,"minecraft:jump":3723,"minecraft:walk_on_water_one_cm":30954,"minecraft:total_world_time":253326,"minecraft:interact_with_furnace":48,"minecraft:sleep_in_bed":17,"minecraft:time_since_rest":7180,"minecraft:damage_taken":3553,"minecraft:damage_dealt":7716,"minecraft:fly_one_cm":631554,"minecraft:swim_one_cm":91599,"minecraft:open_chest":79,"minecraft:crouch_one_cm":1602,"minecraft:fall_one_cm":105048}},"DataVersion":3465}