{"stats":{"minecraft:broken":{"minecraft:stone_pickaxe":1},"minecraft:killed":{"minecraft:pig":4,"cobblemon:pokemon":1,"minecraft:creeper":1,"minecraft:sheep":4,"minecraft:skeleton":1,"minecraft:zombie":4,"minecraft:cow":2},"minecraft:dropped":{"minecraft:wheat_seeds":3,"minecraft:rotten_flesh":5,"minecraft:oak_sign":1,"cobbledex:cobbledex_item":1,"minecraft:arrow":2,"minecraft:wooden_pickaxe":1,"minecraft:white_wool":2},"minecraft:killed_by":{"minecraft:skeleton":1},"minecraft:custom":{"minecraft:interact_with_furnace":16,"minecraft:mob_kills":17,"minecraft:interact_with_crafting_table":8,"minecraft:time_since_death":26130,"minecraft:sleep_in_bed":1,"minecraft:climb_one_cm":1033,"minecraft:time_since_rest":8046,"minecraft:sprint_one_cm":68967,"minecraft:damage_taken":733,"minecraft:walk_one_cm":100718,"minecraft:drop":15,"minecraft:damage_dealt":2411,"minecraft:swim_one_cm":19165,"minecraft:fly_one_cm":128122,"minecraft:open_chest":4,"minecraft:play_time":41293,"minecraft:deaths":1,"minecraft:sneak_time":91,"minecraft:walk_under_water_one_cm":5834,"minecraft:jump":615,"minecraft:walk_on_water_one_cm":6536,"minecraft:total_world_time":41293,"minecraft:fall_one_cm":11843},"minecraft:used":{"minecraft:stone_pickaxe":127,"minecraft:chest":1,"minecraft:wooden_pickaxe":7,"minecraft:cooked_chicken":1,"minecraft:rotten_flesh":1,"minecraft:torch":7,"minecraft:dirt":11,"minecraft:lime_bed":2,"minecraft:crafting_table":4,"minecraft:bread":10,"minecraft:iron_pickaxe":111,"minecraft:stone_axe":51,"minecraft:furnace":3,"minecraft:acacia_planks":5},"minecraft:picked_up":{"cobblemizer:iv_random":1,"minecraft:lime_bed":2,"minecraft:crafting_table":3,"minecraft:feather":2,"cobblemon:great_ball":5,"minecraft:chicken":1,"minecraft:leather":2,"cobblemon:red_apricorn":3,"minecraft:oak_log":5,"minecraft:gunpowder":2,"minecraft:dirt":24,"minecraft:raw_copper":24,"minecraft:bone":6,"minecraft:acacia_planks":29,"minecraft:oak_sign":1,"minecraft:wheat_seeds":4,"cobblemon:black_apricorn":4,"cobblemon:potion":16,"minecraft:beef":3,"minecraft:stone_pickaxe":1,"cobblemon:oran_berry":14,"minecraft:melon_slice":14,"minecraft:chest":1,"cobbledex:cobbledex_item":2,"minecraft:furnace":2,"cobblemon:red_apricorn_seed":1,"minecraft:raw_iron":10,"minecraft:torch":78,"minecraft:acacia_log":10,"minecraft:porkchop":9,"minecraft:diorite":5,"minecraft:arrow":3,"minecraft:rotten_flesh":8,"minecraft:stone_axe":1,"cobblemon:poke_ball":16,"cobblemon:revive":10,"minecraft:granite":4,"minecraft:carved_pumpkin":1,"minecraft:bread":64,"minecraft:mutton":6,"minecraft:coal":75,"minecraft:white_wool":8,"minecraft:cobblestone":136},"minecraft:mined":{"minecraft:crafting_table":3,"minecraft:torch":4,"minecraft:granite":2,"minecraft:acacia_log":10,"minecraft:grass_block":6,"minecraft:melon":3,"minecraft:copper_ore":7,"minecraft:diorite":4,"minecraft:wall_torch":2,"minecraft:lime_bed":1,"minecraft:furnace":1,"minecraft:iron_ore":9,"minecraft:grass":10,"minecraft:coal_ore":75,"minecraft:oak_log":5,"minecraft:dirt":18,"minecraft:stone":136,"minecraft:oak_leaves":8},"minecraft:crafted":{"minecraft:cooked_porkchop":9,"minecraft:crafting_table":2,"minecraft:wooden_pickaxe":1,"minecraft:cooked_chicken":1,"minecraft:furnace":2,"minecraft:stone_axe":1,"minecraft:air":0,"minecraft:charcoal":2,"minecraft:stick":12,"minecraft:iron_ingot":3,"minecraft:iron_pickaxe":1,"minecraft:stone_pickaxe":1,"minecraft:acacia_planks":40,"minecraft:torch":8}},"DataVersion":3465}