{"stats":{"minecraft:broken":{"minecraft:stone_pickaxe":1,"minecraft:iron_pickaxe":1},"minecraft:dropped":{"minecraft:wheat_seeds":1,"minecraft:stick":4,"minecraft:flint":1,"byg:cattail":1,"minecraft:dirt":9,"pixelmon:crystal":1,"minecraft:wooden_shovel":1,"minecraft:sand":2,"minecraft:string":1},"minecraft:crafted":{"minecraft:oak_planks":48,"minecraft:wooden_shovel":1,"minecraft:stone_shovel":1,"minecraft:crafting_table":1,"minecraft:furnace":1,"minecraft:air":0,"minecraft:oak_boat":1,"minecraft:diamond_pickaxe":1,"minecraft:stick":40,"minecraft:iron_ingot":19,"minecraft:iron_pickaxe":1,"minecraft:torch":92,"minecraft:wheat":189},"minecraft:picked_up":{"minecraft:coarse_dirt":2,"minecraft:crafting_table":3,"byg:soapstone":8,"minecraft:andesite":12,"pixelmon:poke_ball":6,"minecraft:flint":2,"minecraft:oak_log":12,"minecraft:string":1,"minecraft:dirt":17,"byg:scoria_cobblestone":15,"minecraft:wheat_seeds":1,"minecraft:iron_ore":31,"minecraft:oak_boat":5,"byg:zelkova_sapling":1,"minecraft:stick":4,"minecraft:sweet_berries":2,"minecraft:torch":7,"minecraft:sand":2,"minecraft:diorite":6,"byg:cattail":1,"pixelmon:blue_apricorn":7,"pixelmon:crystal":1,"pixelmon:pink_apricorn":1,"minecraft:diamond":11,"minecraft:hay_block":21,"minecraft:granite":5,"pixelmon:platinum_ore":8,"minecraft:coal":70,"byg:rocky_stone":1,"minecraft:cobblestone":213},"minecraft:custom":{"minecraft:interact_with_furnace":7,"minecraft:interact_with_crafting_table":5,"minecraft:open_barrel":4,"minecraft:play_one_minute":76992,"minecraft:leave_game":1,"minecraft:time_since_death":76992,"minecraft:climb_one_cm":2175,"minecraft:time_since_rest":76992,"minecraft:sprint_one_cm":275745,"minecraft:damage_taken":250,"minecraft:walk_one_cm":161433,"minecraft:drop":11,"minecraft:swim_one_cm":15563,"minecraft:fly_one_cm":217252,"minecraft:open_chest":24,"minecraft:crouch_one_cm":2113,"minecraft:sneak_time":1089,"minecraft:walk_under_water_one_cm":17355,"minecraft:boat_one_cm":266541,"minecraft:jump":1289,"minecraft:walk_on_water_one_cm":14586,"minecraft:fall_one_cm":27384},"minecraft:mined":{"minecraft:diamond_ore":11,"byg:orange_oak_leaves":1,"byg:scoria_cobblestone":4,"byg:cattail":1,"minecraft:crafting_table":3,"minecraft:granite":5,"minecraft:grass_block":3,"minecraft:cobblestone":6,"pixelmon:platinum_ore":8,"minecraft:diorite":6,"minecraft:wall_torch":6,"minecraft:hay_block":24,"byg:soapstone":16,"byg:scoria_stone":11,"minecraft:iron_ore":31,"minecraft:sweet_berry_bush":1,"byg:short_grass":2,"minecraft:andesite":14,"minecraft:grass":7,"minecraft:oak_log":12,"minecraft:coal_ore":70,"pixelmon:crystal_ore":1,"minecraft:dirt":10,"minecraft:gravel":5,"minecraft:sand":3,"byg:rocky_stone":1,"minecraft:stone":212,"byg:cypress_leaves":4,"minecraft:oak_leaves":1},"minecraft:used":{"minecraft:stone_sword":7,"minecraft:stone_pickaxe":132,"byg:zelkova_sapling":1,"byg:rocky_stone":1,"minecraft:torch":72,"minecraft:dirt":8,"minecraft:crafting_table":3,"minecraft:diamond_pickaxe":27,"minecraft:bread":14,"minecraft:iron_pickaxe":250,"minecraft:stone_axe":13,"minecraft:cobblestone":56,"minecraft:sweet_berries":2,"minecraft:furnace":1,"byg:scoria_cobblestone":4,"minecraft:andesite":12,"minecraft:oak_boat":5}},"DataVersion":2586}