{"stats":{"minecraft:crafted":{"minecraft:oak_planks":52,"minecraft:crafting_table":2,"minecraft:stick":4,"minecraft:stone_pickaxe":1,"minecraft:wooden_pickaxe":1,"minecraft:wooden_axe":1,"minecraft:torch":4},"minecraft:used":{"minecraft:wooden_axe":17,"minecraft:stone_sword":12,"minecraft:stone_pickaxe":119,"minecraft:birch_sapling":1,"minecraft:wooden_pickaxe":6,"minecraft:torch":8,"minecraft:dirt":1,"minecraft:cobblestone":1,"minecraft:crafting_table":3,"minecraft:oak_sapling":4,"minecraft:egg":2},"minecraft:custom":{"minecraft:time_since_rest":40474,"minecraft:sprint_one_cm":104295,"minecraft:damage_taken":310,"minecraft:walk_one_cm":136588,"minecraft:mob_kills":6,"minecraft:damage_dealt":720,"minecraft:swim_one_cm":5927,"minecraft:interact_with_crafting_table":4,"minecraft:fly_one_cm":102502,"minecraft:open_chest":3,"minecraft:crouch_one_cm":188,"minecraft:play_time":40474,"minecraft:sneak_time":89,"minecraft:walk_under_water_one_cm":1976,"minecraft:jump":806,"minecraft:open_loot_ball":6,"minecraft:time_since_death":40474,"minecraft:walk_on_water_one_cm":1711,"minecraft:climb_one_cm":1312,"minecraft:total_world_time":40474,"minecraft:fall_one_cm":21588},"minecraft:mined":{"minecraft:iron_ore":11,"minecraft:birch_leaves":12,"minecraft:torch":2,"minecraft:crafting_table":2,"cobblemon:apricorn_leaves":1,"minecraft:grass":1,"minecraft:coal_ore":38,"minecraft:grass_block":3,"minecraft:oak_log":13,"minecraft:dirt":2,"minecraft:copper_ore":1,"minecraft:cobblestone":1,"minecraft:stone":73,"minecraft:wall_torch":2,"minecraft:oak_leaves":10},"minecraft:killed":{"minecraft:sheep":2,"minecraft:cow":4},"minecraft:picked_up":{"cobblemon:red_apricorn_seed":1,"minecraft:raw_iron":11,"minecraft:stick":3,"minecraft:crafting_table":2,"cobblemon:yellow_apricorn":1,"minecraft:leather":5,"minecraft:torch":4,"cobblemon:black_apricorn_seed":1,"cobblemon:red_apricorn":6,"minecraft:oak_log":13,"cobblemon:persim_berry":18,"cobblemon:pink_apricorn":12,"minecraft:dirt":5,"cobblemon:pink_apricorn_seed":1,"minecraft:raw_copper":4,"cobblemon:white_apricorn":2,"cobblemon:black_apricorn":15,"cobblemon:green_apricorn":2,"minecraft:beef":6,"cobblemon:oran_berry":21,"cobblemon:green_apricorn_seed":1,"minecraft:oak_sapling":4,"minecraft:mutton":3,"minecraft:birch_sapling":1,"minecraft:coal":38,"cobblemon:blue_apricorn":10,"minecraft:white_wool":2,"minecraft:cobblestone":74,"minecraft:egg":2}},"DataVersion":3465}