{"stats":{"minecraft:dropped":{"byg:cattail":1,"minecraft:wooden_shovel":1,"minecraft:flint":1},"minecraft:crafted":{"minecraft:oak_boat":1,"minecraft:oak_planks":48,"minecraft:wooden_shovel":1,"minecraft:stone_shovel":1,"minecraft:crafting_table":1,"minecraft:stick":4,"minecraft:furnace":1,"minecraft:wheat":189},"minecraft:picked_up":{"byg:zelkova_sapling":1,"minecraft:stick":2,"minecraft:crafting_table":1,"byg:soapstone":2,"minecraft:sweet_berries":2,"minecraft:torch":3,"pixelmon:poke_ball":6,"minecraft:sand":2,"minecraft:flint":1,"minecraft:oak_log":12,"minecraft:diorite":6,"byg:cattail":1,"minecraft:dirt":9,"pixelmon:blue_apricorn":7,"byg:scoria_cobblestone":8,"pixelmon:pink_apricorn":1,"minecraft:wheat_seeds":1,"minecraft:hay_block":21,"minecraft:oak_boat":4,"minecraft:iron_ore":19,"minecraft:coal":2,"minecraft:cobblestone":69},"minecraft:mined":{"minecraft:hay_block":24,"byg:orange_oak_leaves":1,"byg:scoria_cobblestone":4,"byg:soapstone":2,"byg:scoria_stone":4,"minecraft:iron_ore":19,"minecraft:sweet_berry_bush":1,"byg:short_grass":2,"byg:cattail":1,"minecraft:crafting_table":1,"minecraft:grass":7,"minecraft:coal_ore":2,"minecraft:grass_block":3,"minecraft:oak_log":12,"minecraft:sand":2,"minecraft:gravel":1,"minecraft:dirt":6,"minecraft:cobblestone":6,"minecraft:stone":63,"minecraft:diorite":6,"minecraft:oak_leaves":1,"minecraft:wall_torch":3},"minecraft:custom":{"minecraft:time_since_rest":58466,"minecraft:interact_with_furnace":1,"minecraft:sprint_one_cm":238009,"minecraft:damage_taken":180,"minecraft:walk_one_cm":111444,"minecraft:drop":3,"minecraft:swim_one_cm":15563,"minecraft:interact_with_crafting_table":2,"minecraft:fly_one_cm":192715,"minecraft:open_barrel":4,"minecraft:open_chest":24,"minecraft:crouch_one_cm":555,"minecraft:play_one_minute":58466,"minecraft:sneak_time":349,"minecraft:walk_under_water_one_cm":15422,"minecraft:boat_one_cm":248766,"minecraft:jump":997,"minecraft:leave_game":1,"minecraft:walk_on_water_one_cm":8336,"minecraft:time_since_death":58466,"minecraft:climb_one_cm":2175,"minecraft:fall_one_cm":22427},"minecraft:used":{"minecraft:stone_sword":2,"minecraft:bread":11,"minecraft:stone_pickaxe":111,"byg:zelkova_sapling":1,"minecraft:stone_axe":10,"minecraft:torch":10,"minecraft:dirt":8,"minecraft:cobblestone":6,"minecraft:crafting_table":2,"minecraft:sweet_berries":2,"minecraft:furnace":1,"byg:scoria_cobblestone":4,"minecraft:oak_boat":4}},"DataVersion":2586}