{"stats":{"minecraft:crafted":{"cobblemon:exp_share":5,"minecraft:oak_planks":208,"minecraft:stone_shovel":1,"minecraft:birch_boat":1,"minecraft:cooked_chicken":5,"minecraft:furnace":2,"minecraft:cooked_mutton":44,"minecraft:glass_pane":16,"minecraft:glass":6,"rotomphonecobblemonfabric:rotom_phone":1,"minecraft:stone_pickaxe":6,"minecraft:chest":4,"minecraft:cooked_rabbit":13,"minecraft:cooked_beef":2,"minecraft:red_dye":10,"minecraft:wooden_shovel":1,"minecraft:crafting_table":8,"minecraft:spruce_planks":24,"minecraft:wooden_pickaxe":4,"minecraft:iron_helmet":5,"minecraft:copper_ingot":21,"minecraft:bucket":1,"minecraft:birch_planks":40,"minecraft:air":0,"cobblemon:ability_patch":1,"cobblemon:quick_ball":36,"minecraft:diamond_pickaxe":1,"minecraft:stick":40,"minecraft:iron_ingot":60,"minecraft:iron_pickaxe":3,"minecraft:wooden_axe":4,"minecraft:iron_shovel":2,"minecraft:gold_ingot":13,"minecraft:torch":12,"cobblemon:ultra_ball":32},"minecraft:killed":{"rctmod:trainer":1,"minecraft:sheep":7,"minecraft:player":1,"minecraft:cow":6},"minecraft:killed_by":{"cobblemon:pokemon":2,"minecraft:player":3},"minecraft:picked_up":{"minecraft:wooden_axe":1,"cobblemon:leaf_stone":2,"minecraft:crafting_table":18,"cobblemon:charcoal_stick":3,"minecraft:chicken":6,"minecraft:ladder":2,"minecraft:suspicious_stew":1,"cobblemon:yellow_apricorn":52,"cobblemon:red_apricorn":10,"cobblemon:charti_berry":1,"cobblemon:sharp_beak":1,"minecraft:amethyst_block":2,"cobblemon:occa_berry":1,"minecraft:raw_copper":98,"cobblemon:white_apricorn":4,"cobblemon:muscle_band":4,"minecraft:cracked_stone_bricks":1,"minecraft:smooth_stone":1,"minecraft:cobbled_deepslate":146,"cobblemon:green_apricorn":7,"cobblemon:exp_candy_s":4,"minecraft:beef":8,"cobblemon:oran_berry":55,"cobblemon:relic_coin":54,"minecraft:rose_bush":5,"minecraft:calcite":1,"minecraft:iron_pickaxe":1,"cobblemon:quick_ball":8,"minecraft:birch_sapling":1,"cobblemon:green_apricorn_seed":3,"cobblemon:chople_berry":1,"minecraft:egg":2,"minecraft:furnace":8,"cobblemon:yache_berry":1,"minecraft:stick":13,"minecraft:raw_iron":98,"cobblemon:pc":41,"cobblemon:love_ball":1,"minecraft:copper_ingot":2,"minecraft:torch":99,"cobblemon:nanab_berry":13,"minecraft:diorite":10,"minecraft:carrot":5,"minecraft:redstone":37,"minecraft:rabbit_foot":2,"minecraft:stone_sword":1,"minecraft:decorated_pot":4,"cobblemon:super_potion":2,"minecraft:gold_ingot":10,"minecraft:mutton":57,"minecraft:obsidian":12,"cobblemon:blue_apricorn":74,"minecraft:snowball":1,"minecraft:white_wool":10,"minecraft:cobblestone":859,"minecraft:birch_log":10,"minecraft:lime_bed":7,"minecraft:feather":3,"cobblemon:ancient_poke_ball":10,"cobblemon:great_ball":16,"cobblemon:ultra_ball":20,"minecraft:glow_ink_sac":6,"minecraft:andesite":32,"minecraft:leather":7,"cobblemon:roseate_ball":1,"minecraft:filled_map":1,"minecraft:flint":9,"minecraft:oak_log":55,"minecraft:tuff":5,"cobblemon:slate_ball":1,"minecraft:lapis_lazuli":13,"minecraft:dirt":337,"cobblemon:pink_apricorn_seed":1,"rotomphonecobblemonfabric:rotom_phone":2,"minecraft:glass":1,"minecraft:apple":2,"minecraft:stone_bricks":2,"minecraft:kelp":15,"cobblemon:black_apricorn":41,"minecraft:raw_gold":45,"minecraft:rabbit_hide":12,"minecraft:iron_ingot":1,"cobblemon:thunder_stone":2,"minecraft:mossy_stone_bricks":2,"minecraft:rabbit":17,"cobblemon:moon_stone":7,"minecraft:oak_planks":1,"cobblemon:chilan_berry":2,"cobblemon:red_apricorn_seed":3,"minecraft:smooth_basalt":1,"minecraft:sweet_berries":5,"cobblemon:payapa_berry":1,"cobblemon:black_apricorn_seed":1,"cobblemon:black_belt":1,"cobblemon:blue_apricorn_seed":4,"minecraft:dripstone_block":6,"minecraft:gravel":83,"cobblemon:cheri_berry":1,"minecraft:sand":7,"cobblemon:yellow_apricorn_seed":2,"minecraft:amethyst_shard":20,"cobblemon:persim_berry":42,"minecraft:spruce_sapling":6,"cobblemon:pink_apricorn":17,"minecraft:white_bed":2,"minecraft:spruce_log":6,"cobblemon:poke_ball":34,"minecraft:diamond":14,"minecraft:granite":47,"minecraft:emerald":4,"minecraft:bread":5,"cobblemon:hard_stone":2,"cobblemon:chesto_berry":15,"minecraft:oak_sapling":17,"minecraft:coal":222,"cobblemon:smoke_ball":1},"minecraft:used":{"minecraft:stone_sword":108,"minecraft:iron_shovel":168,"minecraft:stone_shovel":137,"minecraft:ladder":2,"minecraft:decorated_pot":4,"minecraft:chest":4,"minecraft:cooked_chicken":2,"minecraft:torch":112,"minecraft:dirt":248,"minecraft:carrot":4,"minecraft:granite":9,"minecraft:wooden_axe":75,"minecraft:birch_sapling":1,"minecraft:stone_bricks":2,"minecraft:smooth_basalt":1,"cobblemon:pc":40,"minecraft:golden_carrot":4,"minecraft:furnace":10,"minecraft:oak_sapling":12,"minecraft:egg":2,"minecraft:cooked_beef":2,"minecraft:cobbled_deepslate":67,"minecraft:calcite":1,"minecraft:cooked_mutton":29,"minecraft:water_bucket":37,"minecraft:mossy_stone_bricks":2,"minecraft:stone_pickaxe":690,"minecraft:oak_planks":1,"minecraft:birch_boat":1,"minecraft:wooden_pickaxe":136,"minecraft:crafting_table":23,"minecraft:lime_bed":8,"cobblemon:black_apricorn_seed":1,"cobblemon:yellow_apricorn_seed":4,"minecraft:white_bed":2,"cobblemon:green_apricorn_seed":1,"minecraft:diamond_pickaxe":94,"minecraft:bread":5,"minecraft:iron_pickaxe":503,"minecraft:spruce_sapling":3,"minecraft:gravel":10,"minecraft:stone_axe":15,"cobblemon:red_apricorn_seed":2,"minecraft:cobblestone":270,"minecraft:bucket":38,"minecraft:andesite":32,"minecraft:cooked_rabbit":6,"cobblemon:blue_apricorn_seed":8,"minecraft:experience_bottle":1},"minecraft:custom":{"minecraft:mob_kills":14,"minecraft:interact_with_crafting_table":74,"minecraft:bell_ring":3,"minecraft:leave_game":6,"minecraft:time_since_death":127872,"minecraft:climb_one_cm":13833,"minecraft:sprint_one_cm":1447244,"minecraft:walk_one_cm":1509882,"minecraft:drop":105,"minecraft:talked_to_villager":2,"minecraft:play_time":911509,"minecraft:deaths":8,"minecraft:sneak_time":6064,"minecraft:walk_under_water_one_cm":99825,"minecraft:boat_one_cm":449923,"minecraft:jump":11384,"minecraft:walk_on_water_one_cm":47257,"minecraft:total_world_time":911509,"minecraft:interact_with_furnace":136,"minecraft:sleep_in_bed":12,"minecraft:time_since_rest":127898,"minecraft:damage_taken":10122,"minecraft:damage_dealt":2774,"minecraft:swim_one_cm":124973,"minecraft:player_kills":2,"minecraft:fly_one_cm":1949500,"minecraft:open_chest":182,"minecraft:crouch_one_cm":4705,"minecraft:open_loot_ball":19,"minecraft:fall_one_cm":366920},"minecraft:mined":{"minecraft:large_amethyst_bud":4,"minecraft:tuff":5,"minecraft:white_bed":2,"minecraft:deepslate_diamond_ore":14,"cobblemon:pc":40,"minecraft:obsidian":12,"minecraft:ladder":2,"minecraft:granite":49,"minecraft:grass_block":179,"minecraft:decorated_pot":4,"minecraft:spruce_leaves":2,"cobblemon:red_apricorn_sapling":1,"minecraft:smooth_stone":1,"minecraft:furnace":8,"minecraft:spruce_sapling":3,"minecraft:iron_ore":54,"minecraft:cobbled_deepslate":4,"minecraft:snow":2,"minecraft:andesite":33,"minecraft:deepslate_lapis_ore":3,"minecraft:small_amethyst_bud":2,"minecraft:stone":772,"minecraft:deepslate_redstone_ore":8,"minecraft:kelp_plant":1,"minecraft:medium_amethyst_bud":2,"minecraft:amethyst_cluster":5,"cobblemon:leaf_stone_ore":1,"minecraft:torch":52,"minecraft:crafting_table":17,"cobblemon:apricorn_leaves":1,"minecraft:emerald_ore":3,"minecraft:calcite":1,"minecraft:rose_bush":5,"minecraft:cobblestone":12,"minecraft:copper_ore":27,"minecraft:deepslate_gold_ore":29,"minecraft:oak_planks":1,"cobblemon:dripstone_moon_stone_ore":5,"minecraft:diorite":10,"cobblemon:relic_coin_pouch":2,"minecraft:wall_torch":40,"minecraft:amethyst_block":2,"minecraft:lime_bed":7,"cobblemon:deepslate_leaf_stone_ore":1,"minecraft:birch_log":10,"minecraft:spruce_log":6,"minecraft:birch_leaves":17,"minecraft:grass":3,"minecraft:oak_log":54,"minecraft:coal_ore":86,"minecraft:sand":7,"cobblemon:thunder_stone_ore":1,"minecraft:gravel":47,"minecraft:dripstone_block":6,"minecraft:dirt":155,"minecraft:smooth_basalt":1,"minecraft:cracked_stone_bricks":1,"cobblemon:sun_stone_ore":2,"minecraft:stone_bricks":2,"minecraft:gold_ore":5,"minecraft:mossy_stone_bricks":2,"minecraft:oak_leaves":30,"minecraft:deepslate":159},"minecraft:broken":{"minecraft:wooden_pickaxe":1,"minecraft:stone_pickaxe":1,"minecraft:leather_boots":1,"minecraft:iron_pickaxe":1,"minecraft:stone_shovel":1},"minecraft:dropped":{"minecraft:oak_log":3,"minecraft:crafting_table":1,"cobblemon:thunder_stone":1,"minecraft:feather":3,"cobblemon:persim_berry":24,"minecraft:cracked_stone_bricks":1,"cobblemon:chilan_berry":1,"minecraft:coal":9,"cobblemon:pink_apricorn":1,"minecraft:stick":3,"rotomphonecobblemonfabric:rotom_phone":2,"minecraft:dirt":15,"cobblemon:occa_berry":1,"cobblemon:steel_gem":1,"minecraft:torch":5,"cobblemon:payapa_berry":1,"minecraft:mutton":8,"cobblemon:exp_candy_s":4,"minecraft:wooden_axe":1,"minecraft:rabbit":4,"minecraft:iron_pickaxe":2,"minecraft:smooth_stone":1,"minecraft:spruce_sapling":3,"minecraft:gravel":67,"minecraft:kelp":15,"minecraft:sweet_berries":5,"minecraft:raw_copper":4,"minecraft:stone_sword":1,"minecraft:cobbled_deepslate":15,"cobblemon:charti_berry":1,"minecraft:raw_iron":1,"cobblemon:cheri_berry":1,"minecraft:chicken":1,"cobblemon:chesto_berry":15,"minecraft:carrot":1,"minecraft:rabbit_foot":1,"minecraft:suspicious_stew":1,"minecraft:filled_map":2,"minecraft:rabbit_hide":12,"cobblemon:chople_berry":1,"cobblemon:pc":1,"minecraft:oak_sapling":5,"cobblemon:hard_stone":2,"minecraft:beef":6,"minecraft:glass":1,"minecraft:stone_pickaxe":2,"minecraft:wooden_pickaxe":1}},"DataVersion":3465}