{"stats":{"minecraft:mined":{"minecraft:stripped_birch_log":1,"cobblemon:pc":2,"minecraft:granite":28,"minecraft:acacia_log":10,"minecraft:grass_block":338,"minecraft:jungle_log":28,"minecraft:furnace":3,"minecraft:iron_ore":37,"cobblemon:razz_berry":3,"minecraft:dirt_path":1,"minecraft:vine":8,"minecraft:stone":187,"cobblemon:revival_herb":1,"minecraft:dandelion":6,"cobblemon:leaf_stone_ore":1,"minecraft:polished_granite":1,"minecraft:crafting_table":8,"minecraft:torch":9,"minecraft:calcite":6,"minecraft:melon":3,"minecraft:chest":2,"minecraft:copper_ore":8,"minecraft:tall_grass":1,"minecraft:diorite":47,"minecraft:wall_torch":7,"minecraft:amethyst_block":3,"minecraft:lime_bed":8,"minecraft:birch_log":90,"minecraft:birch_leaves":56,"minecraft:grass":14,"minecraft:oak_log":5,"minecraft:coal_ore":108,"minecraft:dirt":91,"minecraft:gravel":10,"minecraft:sand":1,"minecraft:smooth_basalt":1,"minecraft:oak_leaves":9,"minecraft:fern":1,"minecraft:suspicious_gravel":9},"minecraft:killed":{"minecraft:spider":1,"minecraft:skeleton":5,"minecraft:chicken":3,"minecraft:pig":4,"cobblemon:pokemon":5,"minecraft:creeper":1,"minecraft:sheep":7,"minecraft:zombie":12,"minecraft:cow":10},"minecraft:used":{"minecraft:iron_shovel":388,"minecraft:chest":7,"minecraft:shield":22,"minecraft:iron_sword":90,"minecraft:cooked_chicken":1,"minecraft:rotten_flesh":1,"minecraft:torch":65,"minecraft:dirt":260,"minecraft:granite":26,"minecraft:iron_axe":189,"minecraft:smooth_basalt":1,"cobblemon:pc":2,"minecraft:furnace":5,"minecraft:acacia_planks":5,"minecraft:calcite":6,"minecraft:diorite":42,"minecraft:amethyst_block":3,"minecraft:stone_pickaxe":127,"minecraft:wooden_pickaxe":7,"minecraft:lime_bed":9,"minecraft:crafting_table":10,"minecraft:bread":35,"minecraft:iron_pickaxe":322,"minecraft:polished_granite":1,"minecraft:gravel":3,"minecraft:stone_axe":52,"minecraft:cobblestone":13,"minecraft:cooked_porkchop":3,"minecraft:bucket":1,"cobblemon:blue_apricorn_seed":1},"minecraft:dropped":{"minecraft:wheat_seeds":5,"minecraft:glow_ink_sac":2,"minecraft:feather":4,"cobbledex:cobbledex_item":1,"minecraft:stripped_birch_log":1,"minecraft:white_wool":2,"minecraft:gravel":5,"minecraft:stone_axe":1,"minecraft:wheat":5,"minecraft:birch_sapling":1,"minecraft:rotten_flesh":11,"minecraft:oak_sign":1,"minecraft:arrow":4,"minecraft:wooden_pickaxe":1,"minecraft:egg":6},"minecraft:broken":{"minecraft:iron_shovel":1,"minecraft:stone_pickaxe":1,"minecraft:iron_pickaxe":1},"minecraft:crafted":{"minecraft:smooth_stone":2,"minecraft:cooked_chicken":1,"minecraft:furnace":3,"minecraft:stone":2,"minecraft:glass":1,"minecraft:iron_axe":1,"minecraft:stone_pickaxe":1,"minecraft:chest":5,"simple_backpack:backpack":1,"minecraft:cooked_porkchop":9,"minecraft:crafting_table":3,"minecraft:wooden_pickaxe":1,"minecraft:iron_sword":1,"cobblemon:pc":1,"minecraft:copper_ingot":24,"minecraft:bucket":1,"minecraft:stone_axe":1,"minecraft:air":0,"minecraft:jungle_planks":112,"minecraft:charcoal":2,"minecraft:shield":1,"minecraft:stick":40,"minecraft:iron_ingot":37,"minecraft:iron_pickaxe":2,"minecraft:iron_shovel":2,"minecraft:acacia_planks":40,"minecraft:torch":88,"cobblemon:great_ball":24},"minecraft:picked_up":{"minecraft:crafting_table":8,"cobblemon:leaf_stone":1,"minecraft:chicken":4,"cobblemon:yellow_apricorn":13,"cobblemon:red_apricorn":13,"minecraft:amethyst_block":3,"cobblemon:revival_herb":3,"minecraft:string":3,"minecraft:raw_copper":27,"cobblemon:occa_berry":3,"cobblemon:white_apricorn":3,"minecraft:oak_sign":1,"cobblemon:green_apricorn":1,"cobblemon:white_apricorn_seed":1,"minecraft:beef":17,"cobblemon:oran_berry":40,"cobblemon:relic_coin":48,"minecraft:calcite":6,"minecraft:melon_slice":14,"cobblemon:pep_up_flower":1,"minecraft:chest":3,"minecraft:birch_sapling":11,"cobblemon:green_apricorn_seed":1,"minecraft:furnace":4,"minecraft:egg":6,"minecraft:stick":6,"minecraft:raw_iron":43,"cobblemon:pc":2,"minecraft:torch":94,"minecraft:acacia_log":10,"minecraft:porkchop":9,"minecraft:diorite":46,"minecraft:arrow":7,"minecraft:rotten_flesh":16,"minecraft:tropical_fish":1,"cobblemon:revive":10,"minecraft:carved_pumpkin":1,"minecraft:mutton":10,"cobblemon:blue_apricorn":19,"minecraft:white_wool":10,"minecraft:cobblestone":204,"minecraft:birch_log":89,"cobblemizer:iv_random":1,"minecraft:lime_bed":9,"minecraft:feather":6,"cobblemon:great_ball":11,"minecraft:glow_ink_sac":2,"minecraft:jungle_log":28,"minecraft:leather":13,"cobblemon:razz_berry":9,"minecraft:flint":2,"minecraft:oak_log":5,"minecraft:gunpowder":2,"minecraft:stripped_birch_log":1,"minecraft:dirt":431,"minecraft:polished_granite":1,"minecraft:bone":7,"minecraft:acacia_planks":29,"minecraft:wheat_seeds":18,"cobblemon:black_apricorn":15,"cobblemon:potion":16,"minecraft:iron_ingot":1,"minecraft:stone_pickaxe":1,"cobblemon:wacan_berry":1,"cobbledex:cobbledex_item":2,"cobblemon:red_apricorn_seed":2,"minecraft:smooth_basalt":1,"minecraft:dandelion":12,"cobblemon:blue_apricorn_seed":3,"minecraft:gravel":8,"minecraft:sand":1,"cobblemon:pink_apricorn":11,"minecraft:spider_eye":1,"minecraft:stone_axe":1,"cobblemon:poke_ball":19,"minecraft:granite":30,"minecraft:bread":64,"minecraft:coal":207},"minecraft:killed_by":{"minecraft:skeleton":1},"minecraft:custom":{"minecraft:mob_kills":48,"minecraft:interact_with_crafting_table":28,"minecraft:leave_game":1,"minecraft:time_since_death":142163,"minecraft:climb_one_cm":4199,"minecraft:sprint_one_cm":296244,"minecraft:walk_one_cm":409158,"minecraft:damage_blocked_by_shield":743,"minecraft:drop":36,"minecraft:play_time":157326,"minecraft:deaths":1,"minecraft:sneak_time":658,"minecraft:walk_under_water_one_cm":16826,"minecraft:jump":2243,"minecraft:walk_on_water_one_cm":22440,"minecraft:total_world_time":157326,"minecraft:interact_with_furnace":38,"minecraft:sleep_in_bed":8,"minecraft:time_since_rest":5217,"minecraft:damage_taken":2128,"minecraft:damage_dealt":6774,"minecraft:fly_one_cm":370240,"minecraft:swim_one_cm":56766,"minecraft:open_chest":23,"minecraft:crouch_one_cm":1490,"minecraft:fall_one_cm":56436}},"DataVersion":3465}