{"stats":{"minecraft:mined":{"minecraft:stripped_birch_log":1,"cobblemon:pc":2,"minecraft:granite":28,"minecraft:acacia_log":10,"minecraft:grass_block":376,"minecraft:jungle_planks":1,"minecraft:jungle_log":28,"cobblemon:red_apricorn_sapling":2,"minecraft:furnace":3,"minecraft:iron_ore":37,"cobblemon:razz_berry":3,"cobblemon:white_apricorn_sapling":1,"cobblemon:green_apricorn_sapling":3,"minecraft:dirt_path":1,"minecraft:vine":8,"minecraft:stone":187,"cobblemon:revival_herb":1,"minecraft:dandelion":6,"cobblemon:leaf_stone_ore":1,"minecraft:polished_granite":1,"minecraft:crafting_table":8,"minecraft:torch":9,"minecraft:calcite":6,"minecraft:melon":3,"minecraft:chest":2,"minecraft:copper_ore":8,"minecraft:tall_grass":1,"minecraft:diorite":47,"minecraft:wall_torch":7,"minecraft:amethyst_block":3,"minecraft:lime_bed":8,"minecraft:birch_log":144,"minecraft:birch_leaves":72,"minecraft:grass":15,"minecraft:oak_log":5,"minecraft:coal_ore":108,"minecraft:dirt":94,"minecraft:gravel":10,"minecraft:sand":1,"minecraft:smooth_basalt":1,"cobblemon:blue_apricorn_sapling":6,"minecraft:oak_leaves":9,"minecraft:fern":1,"minecraft:suspicious_gravel":9},"minecraft:killed":{"minecraft:spider":1,"minecraft:skeleton":5,"minecraft:chicken":3,"minecraft:pig":4,"cobblemon:pokemon":7,"minecraft:creeper":1,"minecraft:sheep":7,"minecraft:zombie":12,"minecraft:cow":10},"minecraft:used":{"minecraft:iron_shovel":427,"minecraft:chest":7,"minecraft:shield":22,"minecraft:iron_sword":106,"minecraft:cooked_chicken":1,"minecraft:rotten_flesh":1,"minecraft:torch":110,"minecraft:dirt":456,"minecraft:jungle_planks":1,"minecraft:granite":26,"minecraft:iron_axe":246,"minecraft:smooth_basalt":1,"cobblemon:pc":2,"minecraft:furnace":7,"minecraft:acacia_planks":5,"minecraft:calcite":6,"minecraft:water_bucket":1,"minecraft:diorite":42,"minecraft:amethyst_block":3,"minecraft:stone_pickaxe":127,"minecraft:wooden_pickaxe":7,"minecraft:lime_bed":9,"minecraft:crafting_table":10,"cobblemon:white_apricorn_seed":2,"cobblemon:green_apricorn_seed":4,"minecraft:bread":37,"minecraft:iron_pickaxe":322,"minecraft:polished_granite":1,"minecraft:gravel":3,"minecraft:stone_axe":52,"cobblemon:red_apricorn_seed":3,"minecraft:cobblestone":13,"minecraft:cooked_porkchop":6,"minecraft:bucket":2,"minecraft:bone_meal":3,"cobblemon:blue_apricorn_seed":8},"minecraft:dropped":{"minecraft:wheat_seeds":5,"minecraft:glow_ink_sac":2,"minecraft:feather":4,"cobbledex:cobbledex_item":1,"minecraft:stripped_birch_log":1,"minecraft:white_wool":2,"minecraft:gravel":5,"minecraft:stone_axe":1,"minecraft:wheat":5,"minecraft:birch_sapling":1,"minecraft:rotten_flesh":11,"minecraft:oak_sign":1,"minecraft:arrow":4,"minecraft:wooden_pickaxe":1,"minecraft:egg":6},"minecraft:broken":{"minecraft:iron_shovel":1,"minecraft:stone_pickaxe":1,"minecraft:iron_axe":1,"minecraft:iron_pickaxe":1},"minecraft:crafted":{"minecraft:smooth_stone":2,"minecraft:cooked_chicken":4,"minecraft:furnace":4,"minecraft:stone":2,"minecraft:bone_meal":3,"minecraft:glass":1,"minecraft:iron_axe":1,"minecraft:stone_pickaxe":1,"minecraft:chest":5,"minecraft:cooked_beef":17,"simple_backpack:backpack":1,"minecraft:cooked_porkchop":9,"minecraft:crafting_table":3,"minecraft:wooden_pickaxe":1,"minecraft:iron_sword":1,"cobblemon:pc":1,"minecraft:copper_ingot":24,"minecraft:bucket":1,"minecraft:stone_axe":1,"minecraft:air":0,"minecraft:jungle_planks":112,"minecraft:charcoal":2,"minecraft:shield":1,"minecraft:stick":40,"minecraft:iron_ingot":37,"minecraft:iron_pickaxe":2,"minecraft:iron_shovel":2,"minecraft:acacia_planks":40,"minecraft:torch":88,"cobblemon:great_ball":24},"minecraft:picked_up":{"minecraft:crafting_table":8,"cobblemon:leaf_stone":1,"minecraft:chicken":4,"cobblemon:yellow_apricorn":21,"minecraft:brown_mushroom":1,"cobblemon:red_apricorn":19,"minecraft:amethyst_block":3,"cobblemon:revival_herb":3,"minecraft:string":3,"minecraft:raw_copper":27,"cobblemon:occa_berry":3,"cobblemon:white_apricorn":3,"minecraft:oak_sign":1,"cobblemon:green_apricorn":1,"cobblemon:white_apricorn_seed":2,"minecraft:beef":17,"cobblemon:oran_berry":40,"cobblemon:relic_coin":48,"minecraft:calcite":6,"minecraft:melon_slice":14,"cobblemon:pep_up_flower":1,"minecraft:chest":3,"minecraft:birch_sapling":19,"cobblemon:green_apricorn_seed":4,"minecraft:furnace":4,"minecraft:egg":6,"minecraft:stick":19,"minecraft:raw_iron":43,"cobblemon:pc":2,"minecraft:torch":94,"minecraft:acacia_log":10,"minecraft:porkchop":9,"minecraft:diorite":46,"minecraft:arrow":7,"minecraft:rotten_flesh":16,"minecraft:tropical_fish":1,"cobblemon:revive":10,"minecraft:carved_pumpkin":1,"minecraft:mutton":10,"cobblemon:blue_apricorn":22,"minecraft:white_wool":10,"minecraft:cobblestone":204,"minecraft:birch_log":142,"cobblemizer:iv_random":1,"minecraft:lime_bed":9,"minecraft:feather":6,"cobblemon:great_ball":11,"minecraft:glow_ink_sac":2,"minecraft:jungle_log":28,"minecraft:leather":13,"cobblemon:razz_berry":9,"minecraft:flint":2,"minecraft:oak_log":5,"minecraft:gunpowder":2,"minecraft:stripped_birch_log":1,"minecraft:dirt":471,"minecraft:polished_granite":1,"minecraft:bone":7,"minecraft:acacia_planks":29,"minecraft:wheat_seeds":18,"cobblemon:black_apricorn":15,"cobblemon:potion":16,"minecraft:iron_ingot":1,"minecraft:stone_pickaxe":1,"minecraft:rabbit":1,"cobblemon:wacan_berry":1,"cobbledex:cobbledex_item":2,"cobblemon:red_apricorn_seed":4,"minecraft:smooth_basalt":1,"minecraft:dandelion":12,"cobblemon:blue_apricorn_seed":9,"minecraft:gravel":8,"minecraft:jungle_planks":1,"minecraft:sand":1,"cobblemon:pink_apricorn":11,"minecraft:spider_eye":1,"minecraft:stone_axe":1,"cobblemon:poke_ball":19,"minecraft:granite":30,"minecraft:bread":64,"minecraft:coal":207},"minecraft:killed_by":{"minecraft:skeleton":1},"minecraft:custom":{"minecraft:mob_kills":50,"minecraft:interact_with_crafting_table":29,"minecraft:leave_game":1,"minecraft:time_since_death":166163,"minecraft:climb_one_cm":4241,"minecraft:sprint_one_cm":346980,"minecraft:walk_one_cm":483890,"minecraft:damage_blocked_by_shield":743,"minecraft:drop":36,"minecraft:play_time":181326,"minecraft:deaths":1,"minecraft:sneak_time":837,"minecraft:walk_under_water_one_cm":17184,"minecraft:jump":2402,"minecraft:walk_on_water_one_cm":23830,"minecraft:total_world_time":181326,"minecraft:interact_with_furnace":44,"minecraft:sleep_in_bed":10,"minecraft:time_since_rest":3069,"minecraft:damage_taken":2208,"minecraft:damage_dealt":6974,"minecraft:fly_one_cm":406339,"minecraft:swim_one_cm":59022,"minecraft:open_chest":66,"minecraft:crouch_one_cm":1490,"minecraft:fall_one_cm":60769}},"DataVersion":3465}