{
  "minecraft:recipes/decorations/crafting_table": {
    "criteria": {
      "unlock_right_away": "2024-08-24 23:02:30 +0000"
    },
    "done": true
  },
  "minecraft:adventure/adventuring_time": {
    "criteria": {
      "minecraft:snowy_slopes": "2024-08-24 23:37:03 +0000",
      "minecraft:taiga": "2024-08-25 00:20:52 +0000",
      "minecraft:frozen_river": "2024-08-24 23:32:22 +0000",
      "minecraft:beach": "2024-08-24 23:27:48 +0000",
      "minecraft:river": "2024-08-24 23:20:01 +0000",
      "minecraft:snowy_plains": "2024-08-24 23:32:17 +0000",
      "minecraft:dripstone_caves": "2024-08-24 23:58:02 +0000",
      "minecraft:snowy_taiga": "2024-08-24 23:31:07 +0000",
      "minecraft:ice_spikes": "2024-08-24 23:35:09 +0000",
      "minecraft:savanna": "2024-08-24 23:02:30 +0000",
      "minecraft:plains": "2024-08-24 23:26:04 +0000"
    },
    "done": false
  },
  "cobblemon:root": {
    "criteria": {
      "picked_starter": "2024-08-24 23:04:13 +0000"
    },
    "done": true
  },
  "megamons:grant_megamons_guide": {
    "criteria": {
      "tick": "2024-08-24 23:04:13 +0000"
    },
    "done": true
  },
  "cobblemon:recipes/transportation/apricorn_boat": {
    "criteria": {
      "in_water": "2024-08-24 23:04:36 +0000"
    },
    "done": true
  },
  "minecraft:recipes/transportation/cherry_boat": {
    "criteria": {
      "in_water": "2024-08-24 23:04:36 +0000"
    },
    "done": true
  },
  "minecraft:recipes/transportation/bamboo_raft": {
    "criteria": {
      "in_water": "2024-08-24 23:04:36 +0000"
    },
    "done": true
  },
  "minecraft:recipes/transportation/spruce_boat": {
    "criteria": {
      "in_water": "2024-08-24 23:04:36 +0000"
    },
    "done": true
  },
  "minecraft:recipes/transportation/birch_boat": {
    "criteria": {
      "in_water": "2024-08-24 23:04:36 +0000"
    },
    "done": true
  },
  "minecraft:recipes/transportation/oak_boat": {
    "criteria": {
      "in_water": "2024-08-24 23:04:36 +0000"
    },
    "done": true
  },
  "minecraft:recipes/transportation/mangrove_boat": {
    "criteria": {
      "in_water": "2024-08-24 23:04:36 +0000"
    },
    "done": true
  },
  "minecraft:recipes/transportation/acacia_boat": {
    "criteria": {
      "in_water": "2024-08-24 23:04:36 +0000"
    },
    "done": true
  },
  "minecraft:recipes/transportation/jungle_boat": {
    "criteria": {
      "in_water": "2024-08-24 23:04:36 +0000"
    },
    "done": true
  },
  "minecraft:recipes/transportation/dark_oak_boat": {
    "criteria": {
      "in_water": "2024-08-24 23:04:36 +0000"
    },
    "done": true
  },
  "minecraft:adventure/root": {
    "criteria": {
      "killed_by_something": "2024-08-24 23:04:52 +0000"
    },
    "done": true
  },
  "minecraft:recipes/misc/charcoal": {
    "criteria": {
      "has_log": "2024-08-24 23:06:52 +0000"
    },
    "done": true
  },
  "minecraft:recipes/building_blocks/acacia_wood": {
    "criteria": {
      "has_log": "2024-08-24 23:06:52 +0000"
    },
    "done": true
  },
  "minecraft:recipes/building_blocks/acacia_planks": {
    "criteria": {
      "has_log": "2024-08-24 23:06:52 +0000"
    },
    "done": true
  },
  "cobblemon:craft_base_balls": {
    "criteria": {
      "poke_ball": "2024-08-24 23:07:35 +0000"
    },
    "done": false
  },
  "minecraft:recipes/decorations/chest": {
    "criteria": {
      "has_lots_of_items": "2024-08-24 23:07:35 +0000"
    },
    "done": true
  },
  "cobblemon:brew_all": {
    "criteria": {
      "obtain_potion": "2024-08-24 23:07:35 +0000"
    },
    "done": false
  },
  "minecraft:recipes/building_blocks/jack_o_lantern": {
    "criteria": {
      "has_carved_pumpkin": "2024-08-24 23:07:35 +0000"
    },
    "done": true
  },
  "minecraft:recipes/food/pumpkin_pie": {
    "criteria": {
      "has_carved_pumpkin": "2024-08-24 23:07:35 +0000"
    },
    "done": true
  },
  "cobblemon:brew_potion": {
    "criteria": {
      "check_inv": "2024-08-24 23:07:35 +0000"
    },
    "done": true
  },
  "cobblemon:recipes/consumables/max_revive": {
    "criteria": {
      "has_revive": "2024-08-24 23:07:35 +0000"
    },
    "done": true
  },
  "cobblemon:craft_all_balls": {
    "criteria": {
      "great_ball": "2024-08-24 23:07:35 +0000",
      "poke_ball": "2024-08-24 23:07:35 +0000"
    },
    "done": false
  },
  "cobblemon:craft_poke_ball": {
    "criteria": {
      "requirement": "2024-08-24 23:07:35 +0000"
    },
    "done": true
  },
  "minecraft:husbandry/root": {
    "criteria": {
      "consumed_item": "2024-08-24 23:17:13 +0000"
    },
    "done": true
  },
  "minecraft:husbandry/balanced_diet": {
    "criteria": {
      "bread": "2024-08-24 23:17:13 +0000",
      "rotten_flesh": "2024-08-24 23:22:13 +0000"
    },
    "done": false
  },
  "cobblemon:obtain_berry": {
    "criteria": {
      "check_inv": "2024-08-24 23:17:57 +0000"
    },
    "done": true
  },
  "cobblemon:obtain_all_berries": {
    "criteria": {
      "obtain_chesto_berry": "2024-08-24 23:29:45 +0000",
      "obtain_persim_berry": "2024-08-24 23:32:34 +0000",
      "obtain_oran_berry": "2024-08-24 23:17:57 +0000",
      "obtain_cheri_berry": "2024-08-24 23:27:32 +0000"
    },
    "done": false
  },
  "cobblemon:recipes/agriculture/mulch_base": {
    "criteria": {
      "has_berry": "2024-08-24 23:17:57 +0000"
    },
    "done": true
  },
  "cobblemon:any_plant": {
    "criteria": {
      "check_inv": "2024-08-24 23:17:57 +0000"
    },
    "done": true
  },
  "minecraft:recipes/misc/paper": {
    "criteria": {
      "has_reeds": "2024-08-24 23:19:59 +0000"
    },
    "done": true
  },
  "minecraft:recipes/misc/sugar_from_sugar_cane": {
    "criteria": {
      "has_sugar_cane": "2024-08-24 23:19:59 +0000"
    },
    "done": true
  },
  "cobblemon:obtain_leek": {
    "criteria": {
      "check_inv": "2024-08-24 23:20:25 +0000"
    },
    "done": true
  },
  "cobblemon:recipes/agriculture/medicinal_leek_to_magenta_dye": {
    "criteria": {
      "has_leek": "2024-08-24 23:20:25 +0000"
    },
    "done": true
  },
  "cobblemon:recipes/consumables/roasted_leek_by_smoking": {
    "criteria": {
      "has_leek": "2024-08-24 23:20:25 +0000"
    },
    "done": true
  },
  "cobblemon:recipes/consumables/roasted_leek": {
    "criteria": {
      "has_leek": "2024-08-24 23:20:25 +0000"
    },
    "done": true
  },
  "cobblemon:recipes/consumables/roasted_leek_by_campfire": {
    "criteria": {
      "has_leek": "2024-08-24 23:20:25 +0000"
    },
    "done": true
  },
  "minecraft:adventure/sleep_in_bed": {
    "criteria": {
      "slept_in_bed": "2024-08-24 23:21:00 +0000"
    },
    "done": true
  },
  "minecraft:adventure/kill_all_mobs": {
    "criteria": {
      "minecraft:drowned": "2024-08-24 23:21:58 +0000"
    },
    "done": false
  },
  "minecraft:adventure/kill_a_mob": {
    "criteria": {
      "minecraft:drowned": "2024-08-24 23:21:58 +0000"
    },
    "done": true
  },
  "cobblemon:recipes/agriculture/blue_apricorn_smelt_to_dye": {
    "criteria": {
      "has_apricorn": "2024-08-24 23:26:52 +0000"
    },
    "done": true
  },
  "cobblemon:recipes/balls/dive_ball": {
    "criteria": {
      "has_blue_apricorn": "2024-08-24 23:26:52 +0000"
    },
    "done": false
  },
  "cobblemon:recipes/balls/dream_ball": {
    "criteria": {
      "has_blue_apricorn": "2024-08-24 23:26:52 +0000",
      "has_red_apricorn": "2024-08-25 00:29:35 +0000"
    },
    "done": false
  },
  "cobblemon:recipes/balls/heavy_ball": {
    "criteria": {
      "has_blue_apricorn": "2024-08-24 23:26:52 +0000"
    },
    "done": false
  },
  "cobblemon:recipes/balls/moon_ball": {
    "criteria": {
      "has_blue_apricorn": "2024-08-24 23:26:52 +0000"
    },
    "done": false
  },
  "cobblemon:harvest_apricorn": {
    "criteria": {
      "check_inv": "2024-08-24 23:26:52 +0000"
    },
    "done": true
  },
  "cobblemon:recipes/balls/great_ball": {
    "criteria": {
      "has_blue_apricorn": "2024-08-24 23:26:52 +0000",
      "has_red_apricorn": "2024-08-25 00:29:35 +0000"
    },
    "done": true
  },
  "cobblemon:recipes/balls/net_ball": {
    "criteria": {
      "has_blue_apricorn": "2024-08-24 23:26:52 +0000"
    },
    "done": false
  },
  "cobblemon:recipes/balls/quick_ball": {
    "criteria": {
      "has_blue_apricorn": "2024-08-24 23:26:52 +0000"
    },
    "done": false
  },
  "cobblemon:recipes/balls/azure_ball": {
    "criteria": {
      "has_blue_apricorn": "2024-08-24 23:26:52 +0000"
    },
    "done": true
  },
  "cobblemon:recipes/balls/lure_ball": {
    "criteria": {
      "has_blue_apricorn": "2024-08-24 23:26:52 +0000",
      "has_red_apricorn": "2024-08-25 00:29:35 +0000"
    },
    "done": false
  },
  "minecraft:recipes/food/cake": {
    "criteria": {
      "has_egg": "2024-08-24 23:27:02 +0000"
    },
    "done": true
  },
  "rctmod:trainers/defeat_any": {
    "criteria": {
      "first_defeat": "2024-08-24 23:29:27 +0000"
    },
    "done": true
  },
  "cobblemon:recipes/consumables/fine_remedy": {
    "criteria": {
      "has_remedy": "2024-08-24 23:29:32 +0000"
    },
    "done": true
  },
  "cobblemon:craft_remedy": {
    "criteria": {
      "check_inv": "2024-08-24 23:29:32 +0000"
    },
    "done": true
  },
  "cobblemon:first_catch": {
    "criteria": {
      "catch": "2024-08-24 23:31:53 +0000"
    },
    "done": true
  },
  "cobblemon:recipes/consumables/bold_mint": {
    "criteria": {
      "has_benefit_mint": "2024-08-24 23:34:03 +0000"
    },
    "done": false
  },
  "cobblemon:recipes/consumables/hasty_mint": {
    "criteria": {
      "has_detriment_mint": "2024-08-24 23:34:03 +0000"
    },
    "done": false
  },
  "cobblemon:recipes/held/power_belt": {
    "criteria": {
      "has_mint": "2024-08-24 23:34:03 +0000"
    },
    "done": true
  },
  "cobblemon:recipes/consumables/mild_mint": {
    "criteria": {
      "has_detriment_mint": "2024-08-24 23:34:03 +0000"
    },
    "done": false
  },
  "cobblemon:recipes/consumables/gentle_mint": {
    "criteria": {
      "has_detriment_mint": "2024-08-24 23:34:03 +0000"
    },
    "done": false
  },
  "cobblemon:recipes/consumables/impish_mint": {
    "criteria": {
      "has_benefit_mint": "2024-08-24 23:34:03 +0000"
    },
    "done": false
  },
  "cobblemon:recipes/consumables/lax_mint": {
    "criteria": {
      "has_benefit_mint": "2024-08-24 23:34:03 +0000"
    },
    "done": false
  },
  "cobblemon:recipes/consumables/relaxed_mint": {
    "criteria": {
      "has_benefit_mint": "2024-08-24 23:34:03 +0000"
    },
    "done": false
  },
  "cobblemon:obtain_mint": {
    "criteria": {
      "check_inv": "2024-08-24 23:34:03 +0000"
    },
    "done": true
  },
  "cobblemon:obtain_all_mints": {
    "criteria": {
      "obtain_blue_mint_leaf": "2024-08-24 23:34:03 +0000"
    },
    "done": false
  },
  "cobblemon:recipes/consumables/lonely_mint": {
    "criteria": {
      "has_detriment_mint": "2024-08-24 23:34:03 +0000"
    },
    "done": false
  },
  "minecraft:recipes/redstone/acacia_button": {
    "criteria": {
      "has_planks": "2024-08-24 23:50:13 +0000"
    },
    "done": true
  },
  "minecraft:recipes/redstone/acacia_pressure_plate": {
    "criteria": {
      "has_planks": "2024-08-24 23:50:13 +0000"
    },
    "done": true
  },
  "minecraft:recipes/building_blocks/acacia_slab": {
    "criteria": {
      "has_planks": "2024-08-24 23:50:13 +0000"
    },
    "done": true
  },
  "minecraft:recipes/redstone/acacia_trapdoor": {
    "criteria": {
      "has_planks": "2024-08-24 23:50:13 +0000"
    },
    "done": true
  },
  "minecraft:recipes/misc/stick": {
    "criteria": {
      "has_planks": "2024-08-24 23:50:13 +0000"
    },
    "done": true
  },
  "minecraft:recipes/building_blocks/acacia_stairs": {
    "criteria": {
      "has_planks": "2024-08-24 23:50:13 +0000"
    },
    "done": true
  },
  "minecraft:recipes/redstone/acacia_door": {
    "criteria": {
      "has_planks": "2024-08-24 23:50:13 +0000"
    },
    "done": true
  },
  "minecraft:recipes/redstone/acacia_fence_gate": {
    "criteria": {
      "has_planks": "2024-08-24 23:50:13 +0000"
    },
    "done": true
  },
  "minecraft:recipes/decorations/acacia_sign": {
    "criteria": {
      "has_planks": "2024-08-24 23:50:13 +0000"
    },
    "done": true
  },
  "minecraft:recipes/decorations/acacia_fence": {
    "criteria": {
      "has_planks": "2024-08-24 23:50:13 +0000"
    },
    "done": true
  },
  "minecraft:recipes/decorations/barrel": {
    "criteria": {
      "has_planks": "2024-08-24 23:50:13 +0000"
    },
    "done": true
  },
  "minecraft:story/root": {
    "criteria": {
      "crafting_table": "2024-08-24 23:50:17 +0000"
    },
    "done": true
  },
  "minecraft:recipes/decorations/ladder": {
    "criteria": {
      "has_stick": "2024-08-24 23:50:21 +0000"
    },
    "done": true
  },
  "minecraft:recipes/tools/wooden_axe": {
    "criteria": {
      "has_stick": "2024-08-24 23:50:21 +0000"
    },
    "done": true
  },
  "minecraft:recipes/decorations/campfire": {
    "criteria": {
      "has_stick": "2024-08-24 23:50:21 +0000"
    },
    "done": true
  },
  "minecraft:recipes/tools/wooden_hoe": {
    "criteria": {
      "has_stick": "2024-08-24 23:50:21 +0000"
    },
    "done": true
  },
  "minecraft:recipes/tools/wooden_pickaxe": {
    "criteria": {
      "has_stick": "2024-08-24 23:50:21 +0000"
    },
    "done": true
  },
  "minecraft:recipes/tools/wooden_shovel": {
    "criteria": {
      "has_stick": "2024-08-24 23:50:21 +0000"
    },
    "done": true
  },
  "minecraft:recipes/combat/wooden_sword": {
    "criteria": {
      "has_stick": "2024-08-24 23:50:21 +0000"
    },
    "done": true
  },
  "minecraft:recipes/redstone/lever": {
    "criteria": {
      "has_cobblestone": "2024-08-24 23:50:40 +0000"
    },
    "done": true
  },
  "minecraft:recipes/combat/stone_sword": {
    "criteria": {
      "has_cobblestone": "2024-08-24 23:50:40 +0000"
    },
    "done": true
  },
  "minecraft:recipes/decorations/cobblestone_wall": {
    "criteria": {
      "has_cobblestone": "2024-08-24 23:50:40 +0000"
    },
    "done": true
  },
  "minecraft:recipes/tools/stone_axe": {
    "criteria": {
      "has_cobblestone": "2024-08-24 23:50:40 +0000"
    },
    "done": true
  },
  "minecraft:story/mine_stone": {
    "criteria": {
      "get_stone": "2024-08-24 23:50:40 +0000"
    },
    "done": true
  },
  "minecraft:recipes/decorations/furnace": {
    "criteria": {
      "has_cobblestone": "2024-08-24 23:50:40 +0000"
    },
    "done": true
  },
  "minecraft:recipes/building_blocks/cobblestone_slab_from_cobblestone_stonecutting": {
    "criteria": {
      "has_cobblestone": "2024-08-24 23:50:40 +0000"
    },
    "done": true
  },
  "minecraft:recipes/building_blocks/stone": {
    "criteria": {
      "has_cobblestone": "2024-08-24 23:50:40 +0000"
    },
    "done": true
  },
  "minecraft:recipes/tools/stone_pickaxe": {
    "criteria": {
      "has_cobblestone": "2024-08-24 23:50:40 +0000"
    },
    "done": true
  },
  "minecraft:recipes/building_blocks/cobblestone_slab": {
    "criteria": {
      "has_cobblestone": "2024-08-24 23:50:40 +0000"
    },
    "done": true
  },
  "minecraft:recipes/decorations/cobblestone_wall_from_cobblestone_stonecutting": {
    "criteria": {
      "has_cobblestone": "2024-08-24 23:50:40 +0000"
    },
    "done": true
  },
  "minecraft:recipes/building_blocks/cobblestone_stairs_from_cobblestone_stonecutting": {
    "criteria": {
      "has_cobblestone": "2024-08-24 23:50:40 +0000"
    },
    "done": true
  },
  "minecraft:recipes/building_blocks/cobblestone_stairs": {
    "criteria": {
      "has_cobblestone": "2024-08-24 23:50:40 +0000"
    },
    "done": true
  },
  "minecraft:recipes/tools/stone_hoe": {
    "criteria": {
      "has_cobblestone": "2024-08-24 23:50:40 +0000"
    },
    "done": true
  },
  "minecraft:recipes/tools/stone_shovel": {
    "criteria": {
      "has_cobblestone": "2024-08-24 23:50:40 +0000"
    },
    "done": true
  },
  "minecraft:recipes/decorations/torch": {
    "criteria": {
      "has_stone_pickaxe": "2024-08-24 23:50:46 +0000"
    },
    "done": true
  },
  "minecraft:story/upgrade_tools": {
    "criteria": {
      "stone_pickaxe": "2024-08-24 23:50:46 +0000"
    },
    "done": true
  },
  "minecraft:recipes/building_blocks/coal_block": {
    "criteria": {
      "has_coal": "2024-08-24 23:51:11 +0000"
    },
    "done": true
  },
  "minecraft:recipes/misc/copper_ingot_from_blasting_raw_copper": {
    "criteria": {
      "has_raw_copper": "2024-08-24 23:51:34 +0000"
    },
    "done": true
  },
  "minecraft:recipes/building_blocks/raw_copper_block": {
    "criteria": {
      "has_raw_copper": "2024-08-24 23:51:34 +0000"
    },
    "done": true
  },
  "minecraft:recipes/misc/copper_ingot_from_smelting_raw_copper": {
    "criteria": {
      "has_raw_copper": "2024-08-24 23:51:34 +0000"
    },
    "done": true
  },
  "minecraft:recipes/building_blocks/raw_iron_block": {
    "criteria": {
      "has_raw_iron": "2024-08-24 23:52:04 +0000"
    },
    "done": true
  },
  "minecraft:recipes/misc/iron_ingot_from_smelting_raw_iron": {
    "criteria": {
      "has_raw_iron": "2024-08-24 23:52:04 +0000"
    },
    "done": true
  },
  "minecraft:recipes/misc/iron_ingot_from_blasting_raw_iron": {
    "criteria": {
      "has_raw_iron": "2024-08-24 23:52:04 +0000"
    },
    "done": true
  },
  "cobblemon:use_revive": {
    "criteria": {
      "use_revive": "2024-08-24 23:57:18 +0000"
    },
    "done": true
  },
  "minecraft:recipes/building_blocks/granite_slab_from_granite_stonecutting": {
    "criteria": {
      "has_granite": "2024-08-24 23:58:49 +0000"
    },
    "done": true
  },
  "minecraft:recipes/decorations/granite_wall_from_granite_stonecutting": {
    "criteria": {
      "has_granite": "2024-08-24 23:58:49 +0000"
    },
    "done": true
  },
  "minecraft:recipes/building_blocks/polished_granite_from_granite_stonecutting": {
    "criteria": {
      "has_granite": "2024-08-24 23:58:49 +0000"
    },
    "done": true
  },
  "minecraft:recipes/building_blocks/granite_slab": {
    "criteria": {
      "has_granite": "2024-08-24 23:58:49 +0000"
    },
    "done": true
  },
  "minecraft:recipes/building_blocks/granite_stairs": {
    "criteria": {
      "has_granite": "2024-08-24 23:58:49 +0000"
    },
    "done": true
  },
  "minecraft:recipes/building_blocks/granite_stairs_from_granite_stonecutting": {
    "criteria": {
      "has_granite": "2024-08-24 23:58:49 +0000"
    },
    "done": true
  },
  "minecraft:recipes/decorations/granite_wall": {
    "criteria": {
      "has_granite": "2024-08-24 23:58:49 +0000"
    },
    "done": true
  },
  "minecraft:recipes/building_blocks/polished_granite_slab_from_granite_stonecutting": {
    "criteria": {
      "has_granite": "2024-08-24 23:58:49 +0000"
    },
    "done": true
  },
  "minecraft:recipes/building_blocks/polished_granite": {
    "criteria": {
      "has_granite": "2024-08-24 23:58:49 +0000"
    },
    "done": true
  },
  "minecraft:recipes/building_blocks/polished_granite_stairs_from_granite_stonecutting": {
    "criteria": {
      "has_granite": "2024-08-24 23:58:49 +0000"
    },
    "done": true
  },
  "cobblemon:first_evolution": {
    "criteria": {
      "evolve": "2024-08-25 00:07:34 +0000"
    },
    "done": true
  },
  "minecraft:recipes/decorations/snow": {
    "criteria": {
      "has_snowball": "2024-08-25 00:08:41 +0000"
    },
    "done": true
  },
  "minecraft:recipes/building_blocks/snow_block": {
    "criteria": {
      "has_snowball": "2024-08-25 00:08:41 +0000"
    },
    "done": true
  },
  "minecraft:recipes/decorations/brown_banner": {
    "criteria": {
      "has_brown_wool": "2024-08-25 00:09:39 +0000"
    },
    "done": true
  },
  "minecraft:recipes/decorations/brown_bed": {
    "criteria": {
      "has_brown_wool": "2024-08-25 00:09:39 +0000"
    },
    "done": true
  },
  "minecraft:recipes/decorations/brown_carpet": {
    "criteria": {
      "has_brown_wool": "2024-08-25 00:09:39 +0000"
    },
    "done": true
  },
  "minecraft:recipes/decorations/painting": {
    "criteria": {
      "has_wool": "2024-08-25 00:09:39 +0000"
    },
    "done": true
  },
  "minecraft:recipes/food/cooked_porkchop_from_campfire_cooking": {
    "criteria": {
      "has_porkchop": "2024-08-25 00:09:39 +0000"
    },
    "done": true
  },
  "minecraft:recipes/food/cooked_porkchop": {
    "criteria": {
      "has_porkchop": "2024-08-25 00:09:39 +0000"
    },
    "done": true
  },
  "minecraft:recipes/food/cooked_porkchop_from_smoking": {
    "criteria": {
      "has_porkchop": "2024-08-25 00:09:39 +0000"
    },
    "done": true
  },
  "minecraft:recipes/building_blocks/coarse_dirt": {
    "criteria": {
      "has_gravel": "2024-08-25 00:28:40 +0000"
    },
    "done": true
  },
  "minecraft:recipes/building_blocks/light_gray_concrete_powder": {
    "criteria": {
      "has_gravel": "2024-08-25 00:28:40 +0000"
    },
    "done": true
  },
  "minecraft:recipes/building_blocks/pink_concrete_powder": {
    "criteria": {
      "has_gravel": "2024-08-25 00:28:40 +0000"
    },
    "done": true
  },
  "minecraft:recipes/building_blocks/red_concrete_powder": {
    "criteria": {
      "has_gravel": "2024-08-25 00:28:40 +0000"
    },
    "done": true
  },
  "cobblemon:recipes/balls/repeat_ball": {
    "criteria": {
      "has_red_apricorn": "2024-08-25 00:29:35 +0000"
    },
    "done": false
  },
  "minecraft:recipes/building_blocks/brown_concrete_powder": {
    "criteria": {
      "has_gravel": "2024-08-25 00:28:40 +0000"
    },
    "done": true
  },
  "minecraft:recipes/building_blocks/light_blue_concrete_powder": {
    "criteria": {
      "has_gravel": "2024-08-25 00:28:40 +0000"
    },
    "done": true
  },
  "minecraft:recipes/building_blocks/green_concrete_powder": {
    "criteria": {
      "has_gravel": "2024-08-25 00:28:40 +0000"
    },
    "done": true
  },
  "minecraft:recipes/decorations/red_glazed_terracotta": {
    "criteria": {
      "has_red_terracotta": "2024-08-25 00:28:42 +0000"
    },
    "done": true
  },
  "minecraft:recipes/building_blocks/blue_concrete_powder": {
    "criteria": {
      "has_gravel": "2024-08-25 00:28:40 +0000"
    },
    "done": true
  },
  "cobblemon:recipes/balls/level_ball": {
    "criteria": {
      "has_red_apricorn": "2024-08-25 00:29:35 +0000"
    },
    "done": false
  },
  "minecraft:recipes/building_blocks/white_concrete_powder": {
    "criteria": {
      "has_gravel": "2024-08-25 00:28:40 +0000"
    },
    "done": true
  },
  "minecraft:recipes/decorations/blue_glazed_terracotta": {
    "criteria": {
      "has_blue_terracotta": "2024-08-25 00:28:36 +0000"
    },
    "done": true
  },
  "cobblemon:recipes/agriculture/red_apricorn_smelt_to_dye": {
    "criteria": {
      "has_apricorn": "2024-08-25 00:29:35 +0000"
    },
    "done": true
  },
  "cobblemon:recipes/balls/fast_ball": {
    "criteria": {
      "has_red_apricorn": "2024-08-25 00:29:35 +0000"
    },
    "done": false
  },
  "minecraft:recipes/building_blocks/lime_concrete_powder": {
    "criteria": {
      "has_gravel": "2024-08-25 00:28:40 +0000"
    },
    "done": true
  },
  "minecraft:recipes/building_blocks/orange_concrete_powder": {
    "criteria": {
      "has_gravel": "2024-08-25 00:28:40 +0000"
    },
    "done": true
  },
  "cobblemon:recipes/evolution/protector": {
    "criteria": {
      "has_terracotta": "2024-08-25 00:28:36 +0000"
    },
    "done": true
  },
  "cobblemon:recipes/balls/friend_ball": {
    "criteria": {
      "has_red_apricorn": "2024-08-25 00:29:35 +0000"
    },
    "done": false
  },
  "minecraft:recipes/building_blocks/magenta_concrete_powder": {
    "criteria": {
      "has_gravel": "2024-08-25 00:28:40 +0000"
    },
    "done": true
  },
  "cobblemon:recipes/balls/park_ball": {
    "criteria": {
      "has_red_apricorn": "2024-08-25 00:29:35 +0000"
    },
    "done": false
  },
  "minecraft:recipes/building_blocks/yellow_concrete_powder": {
    "criteria": {
      "has_gravel": "2024-08-25 00:28:40 +0000"
    },
    "done": true
  },
  "cobblemon:recipes/balls/luxury_ball": {
    "criteria": {
      "has_red_apricorn": "2024-08-25 00:29:35 +0000"
    },
    "done": false
  },
  "cobblemon:recipes/balls/sport_ball": {
    "criteria": {
      "has_red_apricorn": "2024-08-25 00:29:35 +0000"
    },
    "done": false
  },
  "minecraft:recipes/building_blocks/gray_concrete_powder": {
    "criteria": {
      "has_gravel": "2024-08-25 00:28:40 +0000"
    },
    "done": true
  },
  "minecraft:recipes/building_blocks/black_concrete_powder": {
    "criteria": {
      "has_gravel": "2024-08-25 00:28:40 +0000"
    },
    "done": true
  },
  "cobblemon:recipes/balls/timer_ball": {
    "criteria": {
      "has_red_apricorn": "2024-08-25 00:29:35 +0000"
    },
    "done": false
  },
  "minecraft:recipes/building_blocks/purple_concrete_powder": {
    "criteria": {
      "has_gravel": "2024-08-25 00:28:40 +0000"
    },
    "done": true
  },
  "minecraft:recipes/building_blocks/cyan_concrete_powder": {
    "criteria": {
      "has_gravel": "2024-08-25 00:28:40 +0000"
    },
    "done": true
  },
  "cobblemon:recipes/balls/poke_ball": {
    "criteria": {
      "has_red_apricorn": "2024-08-25 00:29:35 +0000"
    },
    "done": true
  },
  "DataVersion": 3465
}