{
  "pixelmon:recipes/pokeball/lid/ancient_ultra_ball_lid": {
    "criteria": {
      "has_tumblestone": "2024-08-29 03:35:42 +0000"
    },
    "done": true
  },
  "pixelmon:recipes/decor/trade_machine/brown_trade_machine_dyed": {
    "criteria": {
      "has_trade_machine": "2024-08-29 03:38:02 +0000"
    },
    "done": true
  },
  "pixelmon:recipes/machines/computer/black_pc": {
    "criteria": {
      "has_pc": "2024-08-29 03:09:43 +0000"
    },
    "done": true
  },
  "minecraft:recipes/building_blocks/magenta_concrete_powder": {
    "criteria": {
      "has_sand": "2024-08-29 04:04:12 +0000"
    },
    "done": true
  },
  "minecraft:recipes/combat/iron_sword": {
    "criteria": {
      "has_iron_ingot": "2024-08-29 03:14:45 +0000"
    },
    "done": true
  },
  "naturescompass:natures_compass": {
    "criteria": {
      "has_recipe": "2024-08-29 03:12:14 +0000"
    },
    "done": true
  },
  "pixelmon:recipes/decor/trade_machine/purple_trade_machine_dyed": {
    "criteria": {
      "has_trade_machine": "2024-08-29 03:38:02 +0000"
    },
    "done": true
  },
  "minecraft:recipes/redstone/spruce_door": {
    "criteria": {
      "has_planks": "2024-08-29 03:42:53 +0000"
    },
    "done": true
  },
  "pixelmon:recipes/decor/gym_signs/lime_gym_sign": {
    "criteria": {
      "has_ingot": "2024-08-29 03:16:25 +0000"
    },
    "done": true
  },
  "pixelmon:recipes/pokeball/lid/ultra_ball_lid": {
    "criteria": {
      "has_apricorn": "2024-08-29 03:28:04 +0000"
    },
    "done": true
  },
  "minecraft:recipes/building_blocks/lime_concrete_powder": {
    "criteria": {
      "has_sand": "2024-08-29 04:04:12 +0000"
    },
    "done": true
  },
  "minecraft:recipes/tools/iron_pickaxe": {
    "criteria": {
      "has_iron_ingot": "2024-08-29 03:14:45 +0000"
    },
    "done": true
  },
  "pixelmon:recipes/equipment/movement/new_running_boots": {
    "criteria": {
      "has_old_running_boots": "2024-08-29 03:41:13 +0000"
    },
    "done": true
  },
  "minecraft:recipes/building_blocks/yellow_concrete_powder": {
    "criteria": {
      "has_sand": "2024-08-29 04:04:12 +0000"
    },
    "done": true
  },
  "minecraft:recipes/redstone/spruce_fence_gate": {
    "criteria": {
      "has_planks": "2024-08-29 03:42:53 +0000"
    },
    "done": true
  },
  "pixelmon:recipes/pokeball/lid/friend_ball_lid": {
    "criteria": {
      "has_great_ball": "2024-08-29 03:09:07 +0000"
    },
    "done": true
  },
  "pixelmon:recipes/super_repel": {
    "criteria": {
      "has_ingot": "2024-08-29 03:16:25 +0000"
    },
    "done": true
  },
  "minecraft:recipes/decorations/campfire": {
    "criteria": {
      "has_stick": "2024-08-29 03:12:32 +0000"
    },
    "done": true
  },
  "minecraft:recipes/decorations/crafting_table": {
    "criteria": {
      "has_planks": "2024-08-29 03:42:53 +0000"
    },
    "done": true
  },
  "minecraft:recipes/tools/golden_hoe": {
    "criteria": {
      "has_gold_ingot": "2024-08-29 03:14:45 +0000"
    },
    "done": true
  },
  "pixelmon:recipes/decor/trade_machine/orange_trade_machine_dyed": {
    "criteria": {
      "has_trade_machine": "2024-08-29 03:38:02 +0000"
    },
    "done": true
  },
  "pixelmon:specs/eeveelution_capture_all": {
    "criteria": {
      "0": "2024-08-29 03:51:29 +0000",
      "1": "2024-08-29 03:51:29 +0000",
      "2": "2024-08-29 03:51:29 +0000",
      "3": "2024-08-29 03:51:29 +0000",
      "4": "2024-08-29 03:51:29 +0000",
      "5": "2024-08-29 03:51:29 +0000",
      "6": "2024-08-29 03:51:29 +0000",
      "7": "2024-08-29 03:51:29 +0000",
      "8": "2024-08-29 03:51:29 +0000"
    },
    "done": true
  },
  "pixelmon:recipes/pokeball/lid/net_ball_lid": {
    "criteria": {
      "has_great_ball": "2024-08-29 03:09:07 +0000"
    },
    "done": true
  },
  "minecraft:recipes/decorations/ladder": {
    "criteria": {
      "has_stick": "2024-08-29 03:12:32 +0000"
    },
    "done": true
  },
  "pixelmon:recipes/lures/lure_type_strong": {
    "criteria": {
      "has_case_recipe": "2024-08-29 03:14:45 +0000"
    },
    "done": true
  },
  "minecraft:recipes/misc/iron_nugget": {
    "criteria": {
      "has_iron_ingot": "2024-08-29 03:14:45 +0000"
    },
    "done": true
  },
  "minecraft:recipes/decorations/chest": {
    "criteria": {
      "has_lots_of_items": "2024-08-29 03:11:30 +0000"
    },
    "done": true
  },
  "minecraft:recipes/combat/golden_sword": {
    "criteria": {
      "has_gold_ingot": "2024-08-29 03:14:45 +0000"
    },
    "done": true
  },
  "minecraft:recipes/building_blocks/brown_concrete_powder": {
    "criteria": {
      "has_sand": "2024-08-29 04:04:12 +0000"
    },
    "done": true
  },
  "minecraft:recipes/decorations/black_bed_from_white_bed": {
    "criteria": {
      "has_bed": "2024-08-29 03:10:49 +0000"
    },
    "done": true
  },
  "minecraft:recipes/redstone/spruce_button": {
    "criteria": {
      "has_planks": "2024-08-29 03:42:53 +0000"
    },
    "done": true
  },
  "minecraft:recipes/tools/wooden_shovel": {
    "criteria": {
      "has_stick": "2024-08-29 03:12:32 +0000"
    },
    "done": true
  },
  "minecraft:recipes/decorations/torch": {
    "criteria": {
      "has_stone_pickaxe": "2024-08-29 03:10:36 +0000"
    },
    "done": true
  },
  "pixelmon:recipes/equipment/movement/old_running_boots": {
    "criteria": {
      "has_ingot": "2024-08-29 03:14:45 +0000"
    },
    "done": true
  },
  "pixelmon:recipes/decor/gym_signs/blue_gym_sign": {
    "criteria": {
      "has_ingot": "2024-08-29 03:16:25 +0000"
    },
    "done": true
  },
  "pixelmon:specs/clobbopus_jump_capture_all": {
    "criteria": {
      "0": "2024-08-29 03:51:29 +0000"
    },
    "done": false
  },
  "pixelmon:recipes/furnace/black_apricorn": {
    "criteria": {
      "has_apricorn": "2024-08-29 03:28:04 +0000"
    },
    "done": true
  },
  "minecraft:recipes/tools/shears": {
    "criteria": {
      "has_iron_ingot": "2024-08-29 03:14:45 +0000"
    },
    "done": true
  },
  "pixelmon:recipes/max_repel": {
    "criteria": {
      "has_ingot": "2024-08-29 03:16:25 +0000"
    },
    "done": true
  },
  "minecraft:recipes/misc/stick": {
    "criteria": {
      "has_planks": "2024-08-29 03:42:53 +0000"
    },
    "done": true
  },
  "pixelmon:recipes/equipment/flute/red_flute": {
    "criteria": {
      "has_red_shard": "2024-08-29 03:39:02 +0000"
    },
    "done": true
  },
  "minecraft:recipes/transportation/spruce_boat": {
    "criteria": {
      "in_water": "2024-08-29 03:07:38 +0000"
    },
    "done": true
  },
  "pixelmon:recipes/pokeball/lid/premier_ball_lid": {
    "criteria": {
      "has_poke_ball": "2024-08-29 03:09:17 +0000"
    },
    "done": true
  },
  "pixelmon:recipes/decor/gym_signs/black_gym_sign": {
    "criteria": {
      "has_ingot": "2024-08-29 03:16:25 +0000"
    },
    "done": true
  },
  "pixelmon:recipes/pokeball/lid/dusk_ball_lid": {
    "criteria": {
      "has_great_ball": "2024-08-29 03:09:07 +0000"
    },
    "done": true
  },
  "pixelmon:recipes/pokeball/lid/safari_ball_lid": {
    "criteria": {
      "has_great_ball": "2024-08-29 03:09:07 +0000"
    },
    "done": true
  },
  "pixelmon:recipes/machines/cookingpot": {
    "criteria": {
      "has_ingot": "2024-08-29 03:16:25 +0000"
    },
    "done": true
  },
  "pixelmon:recipes/infuser/ev_boost/protein": {
    "criteria": {
      "has_feather": "2024-08-29 03:39:26 +0000"
    },
    "done": true
  },
  "minecraft:recipes/misc/gold_nugget": {
    "criteria": {
      "has_gold_ingot": "2024-08-29 03:14:45 +0000"
    },
    "done": true
  },
  "pixelmon:recipes/pokeball/lid/poke_ball_lid": {
    "criteria": {
      "has_apricorn": "2024-08-29 03:28:04 +0000"
    },
    "done": true
  },
  "minecraft:recipes/combat/iron_leggings": {
    "criteria": {
      "has_iron_ingot": "2024-08-29 03:14:45 +0000"
    },
    "done": true
  },
  "minecraft:husbandry/balanced_diet": {
    "criteria": {
      "sweet_berries": "2024-08-29 03:11:40 +0000",
      "bread": "2024-08-29 03:10:10 +0000",
      "carrot": "2024-08-29 03:29:28 +0000"
    },
    "done": false
  },
  "pixelmon:recipes/pokeball/lid/fast_ball_lid": {
    "criteria": {
      "has_great_ball": "2024-08-29 03:09:07 +0000"
    },
    "done": true
  },
  "minecraft:recipes/tools/wooden_hoe": {
    "criteria": {
      "has_stick": "2024-08-29 03:12:32 +0000"
    },
    "done": true
  },
  "minecraft:recipes/combat/shield": {
    "criteria": {
      "has_iron_ingot": "2024-08-29 03:14:45 +0000"
    },
    "done": true
  },
  "pixelmon:recipes/decor/gym_signs/cyan_gym_sign": {
    "criteria": {
      "has_ingot": "2024-08-29 03:16:25 +0000"
    },
    "done": true
  },
  "pixelmon:pokedex/pokedex_trigger": {
    "criteria": {
      "pokedex_base": "2024-08-29 03:06:38 +0000"
    },
    "done": true
  },
  "minecraft:recipes/misc/bucket": {
    "criteria": {
      "has_iron_ingot": "2024-08-29 03:14:45 +0000"
    },
    "done": true
  },
  "pixelmon:recipes/decor/gym_signs/light_blue_gym_sign": {
    "criteria": {
      "has_ingot": "2024-08-29 03:16:25 +0000"
    },
    "done": true
  },
  "minecraft:recipes/redstone/hopper": {
    "criteria": {
      "has_iron_ingot": "2024-08-29 03:14:45 +0000"
    },
    "done": true
  },
  "minecraft:recipes/decorations/yellow_bed_from_white_bed": {
    "criteria": {
      "has_bed": "2024-08-29 03:10:49 +0000"
    },
    "done": true
  },
  "pixelmon:recipes/decor/gym_signs/orange_gym_sign": {
    "criteria": {
      "has_ingot": "2024-08-29 03:16:25 +0000"
    },
    "done": true
  },
  "pixelmon:recipes/pokeball/lid/sport_ball_lid": {
    "criteria": {
      "has_great_ball": "2024-08-29 03:09:07 +0000"
    },
    "done": true
  },
  "naturescompass:natures_compass_sapling": {
    "criteria": {
      "has_recipe": "2024-08-29 03:12:14 +0000"
    },
    "done": true
  },
  "pixelmon:recipes/decor/gym_signs/gray_gym_sign": {
    "criteria": {
      "has_ingot": "2024-08-29 03:16:25 +0000"
    },
    "done": true
  },
  "minecraft:recipes/building_blocks/light_gray_concrete_powder": {
    "criteria": {
      "has_sand": "2024-08-29 04:04:12 +0000"
    },
    "done": true
  },
  "minecraft:recipes/building_blocks/light_blue_concrete_powder": {
    "criteria": {
      "has_sand": "2024-08-29 04:04:12 +0000"
    },
    "done": true
  },
  "pixelmon:recipes/equipment/movement/acro_bike_frame": {
    "criteria": {
      "has_ingot": "2024-08-29 03:16:25 +0000"
    },
    "done": true
  },
  "pixelmon:recipes/decor/trade_machine/white_trade_machine_dyed": {
    "criteria": {
      "has_trade_machine": "2024-08-29 03:38:02 +0000"
    },
    "done": true
  },
  "pixelmon:recipes/equipment/flute/blue_flute": {
    "criteria": {
      "has_blue_shard": "2024-08-29 03:35:42 +0000"
    },
    "done": true
  },
  "pixelmon:recipes/pokeball/lid/love_ball_lid": {
    "criteria": {
      "has_great_ball": "2024-08-29 03:09:07 +0000"
    },
    "done": true
  },
  "minecraft:recipes/building_blocks/glass": {
    "criteria": {
      "has_sand": "2024-08-29 04:04:12 +0000"
    },
    "done": true
  },
  "minecraft:recipes/combat/iron_helmet": {
    "criteria": {
      "has_iron_ingot": "2024-08-29 03:14:45 +0000"
    },
    "done": true
  },
  "minecraft:recipes/tools/golden_shovel": {
    "criteria": {
      "has_gold_ingot": "2024-08-29 03:14:45 +0000"
    },
    "done": true
  },
  "minecraft:recipes/building_blocks/pink_concrete_powder": {
    "criteria": {
      "has_sand": "2024-08-29 04:04:12 +0000"
    },
    "done": true
  },
  "pixelmon:recipes/lures/lure_ha_weak": {
    "criteria": {
      "has_case_recipe": "2024-08-29 03:14:45 +0000"
    },
    "done": true
  },
  "pixelmon:recipes/machines/trade_machine/trade_holder_right": {
    "criteria": {
      "has_poke_ball": "2024-08-29 03:09:07 +0000"
    },
    "done": true
  },
  "pixelmon:recipes/pokeball/base/aluminum_base": {
    "criteria": {
      "has_ingot": "2024-08-29 03:06:27 +0000"
    },
    "done": true
  },
  "pixelmon:recipes/machines/computer/blue_pc": {
    "criteria": {
      "has_pc": "2024-08-29 03:09:43 +0000"
    },
    "done": true
  },
  "minecraft:recipes/building_blocks/purple_concrete_powder": {
    "criteria": {
      "has_sand": "2024-08-29 04:04:12 +0000"
    },
    "done": true
  },
  "pixelmon:recipes/machines/computer/light_blue_pc": {
    "criteria": {
      "has_pc": "2024-08-29 03:09:43 +0000"
    },
    "done": true
  },
  "minecraft:recipes/decorations/magenta_bed_from_white_bed": {
    "criteria": {
      "has_bed": "2024-08-29 03:10:49 +0000"
    },
    "done": true
  },
  "pixelmon:recipes/decor/trade_machine/magenta_trade_machine_dyed": {
    "criteria": {
      "has_trade_machine": "2024-08-29 03:38:02 +0000"
    },
    "done": true
  },
  "minecraft:recipes/decorations/iron_bars": {
    "criteria": {
      "has_iron_ingot": "2024-08-29 03:14:45 +0000"
    },
    "done": true
  },
  "minecraft:recipes/decorations/orange_bed_from_white_bed": {
    "criteria": {
      "has_bed": "2024-08-29 03:10:49 +0000"
    },
    "done": true
  },
  "minecraft:recipes/building_blocks/gold_block": {
    "criteria": {
      "has_gold_ingot": "2024-08-29 03:14:45 +0000"
    },
    "done": true
  },
  "pixelmon:recipes/equipment/badgecase/blackbadgecase": {
    "criteria": {
      "has_apricorn": "2024-08-29 03:28:04 +0000"
    },
    "done": true
  },
  "minecraft:story/obtain_armor": {
    "criteria": {
      "iron_helmet": "2024-08-29 03:14:45 +0000"
    },
    "done": true
  },
  "pixelmon:recipes/pokeball/lid/ancient_great_ball_lid": {
    "criteria": {
      "has_tumblestone": "2024-08-29 03:35:42 +0000"
    },
    "done": true
  },
  "minecraft:recipes/transportation/minecart": {
    "criteria": {
      "has_iron_ingot": "2024-08-29 03:14:45 +0000"
    },
    "done": true
  },
  "pixelmon:recipes/machines/trade_machine/trade_monitor": {
    "criteria": {
      "has_poke_ball": "2024-08-29 03:09:07 +0000"
    },
    "done": true
  },
  "minecraft:recipes/misc/charcoal": {
    "criteria": {
      "has_log": "2024-08-29 03:12:14 +0000"
    },
    "done": true
  },
  "minecraft:recipes/building_blocks/sandstone": {
    "criteria": {
      "has_sand": "2024-08-29 04:04:12 +0000"
    },
    "done": true
  },
  "minecraft:recipes/building_blocks/spruce_planks": {
    "criteria": {
      "has_logs": "2024-08-29 03:12:14 +0000"
    },
    "done": true
  },
  "pixelmon:recipes/curry/smoke_poke": {
    "criteria": {
      "has_slowpoke_tail": "2024-08-29 03:30:38 +0000"
    },
    "done": true
  },
  "pixelmon:recipes/machines/computer/purple_pc": {
    "criteria": {
      "has_pc": "2024-08-29 03:09:43 +0000"
    },
    "done": true
  },
  "minecraft:recipes/tools/wooden_pickaxe": {
    "criteria": {
      "has_stick": "2024-08-29 03:12:32 +0000"
    },
    "done": true
  },
  "minecraft:recipes/tools/iron_hoe": {
    "criteria": {
      "has_iron_ingot": "2024-08-29 03:14:45 +0000"
    },
    "done": true
  },
  "minecraft:husbandry/root": {
    "criteria": {
      "consumed_item": "2024-08-29 03:10:10 +0000"
    },
    "done": true
  },
  "minecraft:recipes/transportation/birch_boat": {
    "criteria": {
      "in_water": "2024-08-29 03:07:38 +0000"
    },
    "done": true
  },
  "minecraft:recipes/food/golden_apple": {
    "criteria": {
      "has_gold_ingot": "2024-08-29 03:14:45 +0000"
    },
    "done": true
  },
  "minecraft:recipes/building_blocks/green_concrete_powder": {
    "criteria": {
      "has_sand": "2024-08-29 04:04:12 +0000"
    },
    "done": true
  },
  "minecraft:recipes/transportation/acacia_boat": {
    "criteria": {
      "in_water": "2024-08-29 03:07:38 +0000"
    },
    "done": true
  },
  "minecraft:recipes/tools/iron_shovel": {
    "criteria": {
      "has_iron_ingot": "2024-08-29 03:14:45 +0000"
    },
    "done": true
  },
  "pixelmon:recipes/equipment/aluminium/aluminium_equipment": {
    "criteria": {
      "has_aluminium": "2024-08-29 03:16:25 +0000"
    },
    "done": true
  },
  "minecraft:recipes/redstone/iron_trapdoor": {
    "criteria": {
      "has_iron_ingot": "2024-08-29 03:14:45 +0000"
    },
    "done": true
  },
  "pixelmon:recipes/machines/computer/orange_pc": {
    "criteria": {
      "has_pc": "2024-08-29 03:09:43 +0000"
    },
    "done": true
  },
  "minecraft:recipes/decorations/cyan_bed_from_white_bed": {
    "criteria": {
      "has_bed": "2024-08-29 03:10:49 +0000"
    },
    "done": true
  },
  "pixelmon:recipes/lures/lure_casing_strong": {
    "criteria": {
      "has_gold_ingot": "2024-08-29 03:14:45 +0000"
    },
    "done": true
  },
  "pixelmon:recipes/pokeball/lid/leaden_ball_lid": {
    "criteria": {
      "has_tumblestone": "2024-08-29 03:35:42 +0000"
    },
    "done": true
  },
  "pixelmon:recipes/equipment/vanilla/iron_hammer": {
    "criteria": {
      "has_iron_ingot": "2024-08-29 03:14:45 +0000"
    },
    "done": true
  },
  "minecraft:recipes/decorations/gray_bed_from_white_bed": {
    "criteria": {
      "has_bed": "2024-08-29 03:10:49 +0000"
    },
    "done": true
  },
  "minecraft:recipes/building_blocks/white_concrete_powder": {
    "criteria": {
      "has_sand": "2024-08-29 04:04:12 +0000"
    },
    "done": true
  },
  "minecraft:recipes/decorations/lime_bed_from_white_bed": {
    "criteria": {
      "has_bed": "2024-08-29 03:10:49 +0000"
    },
    "done": true
  },
  "pixelmon:recipes/pokeball/lid/heal_ball_lid": {
    "criteria": {
      "has_apricorn": "2024-08-29 03:28:04 +0000"
    },
    "done": true
  },
  "pixelmon:recipes/machines/computer/magenta_pc": {
    "criteria": {
      "has_pc": "2024-08-29 03:09:43 +0000"
    },
    "done": true
  },
  "minecraft:recipes/decorations/spruce_fence": {
    "criteria": {
      "has_planks": "2024-08-29 03:42:53 +0000"
    },
    "done": true
  },
  "pixelmon:recipes/equipment/movement/mach_bike_frame": {
    "criteria": {
      "has_ingot": "2024-08-29 03:16:25 +0000"
    },
    "done": true
  },
  "pixelmon:recipes/decor/gym_signs/green_gym_sign": {
    "criteria": {
      "has_ingot": "2024-08-29 03:16:25 +0000"
    },
    "done": true
  },
  "pixelmon:recipes/decor/gym_signs/yellow_gym_sign": {
    "criteria": {
      "has_ingot": "2024-08-29 03:16:25 +0000"
    },
    "done": true
  },
  "minecraft:recipes/decorations/green_bed_from_white_bed": {
    "criteria": {
      "has_bed": "2024-08-29 03:10:49 +0000"
    },
    "done": true
  },
  "pixelmon:recipes/curry/toast": {
    "criteria": {
      "has_bread": "2024-08-29 03:09:07 +0000"
    },
    "done": true
  },
  "minecraft:recipes/decorations/pink_bed_from_white_bed": {
    "criteria": {
      "has_bed": "2024-08-29 03:10:49 +0000"
    },
    "done": true
  },
  "minecraft:recipes/building_blocks/spruce_stairs": {
    "criteria": {
      "has_planks": "2024-08-29 03:42:53 +0000"
    },
    "done": true
  },
  "minecraft:recipes/misc/iron_nugget_from_smelting": {
    "criteria": {
      "has_iron_helmet": "2024-08-29 03:14:45 +0000"
    },
    "done": true
  },
  "pixelmon:recipes/machines/infuser": {
    "criteria": {
      "has_ingot": "2024-08-29 03:16:25 +0000"
    },
    "done": true
  },
  "naturescompass:natures_compass_log": {
    "criteria": {
      "has_log": "2024-08-29 03:12:14 +0000"
    },
    "done": true
  },
  "minecraft:recipes/decorations/chain": {
    "criteria": {
      "has_iron_ingot": "2024-08-29 03:14:45 +0000"
    },
    "done": true
  },
  "pixelmon:recipes/decor/trade_machine/black_trade_machine_dyed": {
    "criteria": {
      "has_trade_machine": "2024-08-29 03:38:02 +0000"
    },
    "done": true
  },
  "pixelmon:recipes/machines/computer/pc": {
    "criteria": {
      "has_pc": "2024-08-29 03:09:43 +0000"
    },
    "done": true
  },
  "minecraft:story/upgrade_tools": {
    "criteria": {
      "stone_pickaxe": "2024-08-29 03:10:36 +0000"
    },
    "done": true
  },
  "pixelmon:recipes/decor/gym_signs/light_gray_gym_sign": {
    "criteria": {
      "has_ingot": "2024-08-29 03:16:25 +0000"
    },
    "done": true
  },
  "pixelmon:balls/level_ball_capture": {
    "criteria": {
      "level_ball_capture": "2024-08-29 03:51:29 +0000"
    },
    "done": true
  },
  "pixelmon:recipes/lures/lure_type_weak": {
    "criteria": {
      "has_case_recipe": "2024-08-29 03:14:45 +0000"
    },
    "done": true
  },
  "minecraft:recipes/transportation/oak_boat": {
    "criteria": {
      "in_water": "2024-08-29 03:07:38 +0000"
    },
    "done": true
  },
  "pixelmon:recipes/machines/computer/lime_pc": {
    "criteria": {
      "has_pc": "2024-08-29 03:09:43 +0000"
    },
    "done": true
  },
  "minecraft:recipes/decorations/blue_bed_from_white_bed": {
    "criteria": {
      "has_bed": "2024-08-29 03:10:49 +0000"
    },
    "done": true
  },
  "minecraft:recipes/building_blocks/orange_concrete_powder": {
    "criteria": {
      "has_sand": "2024-08-29 04:04:12 +0000"
    },
    "done": true
  },
  "pixelmon:recipes/decor/gym_signs/white_gym_sign": {
    "criteria": {
      "has_ingot": "2024-08-29 03:16:25 +0000"
    },
    "done": true
  },
  "pixelmon:recipes/decor/gym_signs/red_gym_sign": {
    "criteria": {
      "has_ingot": "2024-08-29 03:16:25 +0000"
    },
    "done": true
  },
  "minecraft:recipes/building_blocks/cyan_concrete_powder": {
    "criteria": {
      "has_sand": "2024-08-29 04:04:12 +0000"
    },
    "done": true
  },
  "minecraft:recipes/combat/golden_boots": {
    "criteria": {
      "has_gold_ingot": "2024-08-29 03:14:45 +0000"
    },
    "done": true
  },
  "pixelmon:recipes/decor/gym_signs/magenta_gym_sign": {
    "criteria": {
      "has_ingot": "2024-08-29 03:16:25 +0000"
    },
    "done": true
  },
  "pixelmon:recipes/machines/computer/brown_pc": {
    "criteria": {
      "has_pc": "2024-08-29 03:09:43 +0000"
    },
    "done": true
  },
  "pixelmon:recipes/equipment/curry_dex": {
    "criteria": {
      "has_curry_ingredient": "2024-08-29 03:18:22 +0000"
    },
    "done": true
  },
  "pixelmon:recipes/decor/trade_machine/green_trade_machine_dyed": {
    "criteria": {
      "has_trade_machine": "2024-08-29 03:38:02 +0000"
    },
    "done": true
  },
  "pixelmon:recipes/machines/trade_machine/trade_holder_left": {
    "criteria": {
      "has_poke_ball": "2024-08-29 03:09:07 +0000"
    },
    "done": true
  },
  "minecraft:recipes/tools/wooden_axe": {
    "criteria": {
      "has_stick": "2024-08-29 03:12:32 +0000"
    },
    "done": true
  },
  "minecraft:recipes/decorations/spruce_sign": {
    "criteria": {
      "has_spruce_planks": "2024-08-29 03:42:53 +0000"
    },
    "done": true
  },
  "pixelmon:recipes/pokeball/base/platinum_base": {
    "criteria": {
      "has_ingot": "2024-08-29 03:06:27 +0000"
    },
    "done": true
  },
  "pixelmon:recipes/decor/bench/spruce_bench": {
    "criteria": {
      "has_planks": "2024-08-29 03:42:53 +0000"
    },
    "done": true
  },
  "minecraft:recipes/combat/golden_chestplate": {
    "criteria": {
      "has_gold_ingot": "2024-08-29 03:14:45 +0000"
    },
    "done": true
  },
  "pixelmon:recipes/pokeball/lid/repeat_ball_lid": {
    "criteria": {
      "has_great_ball": "2024-08-29 03:09:07 +0000"
    },
    "done": true
  },
  "pixelmon:recipes/machines/computer/white_pc": {
    "criteria": {
      "has_pc": "2024-08-29 03:09:43 +0000"
    },
    "done": true
  },
  "pixelmon:recipes/pokeball/lid/gigaton_ball_lid": {
    "criteria": {
      "has_tumblestone": "2024-08-29 03:35:42 +0000"
    },
    "done": true
  },
  "pixelmon:types/capture_type_trigger": {
    "criteria": {
      "capture_any": "2024-08-29 03:51:29 +0000"
    },
    "done": true
  },
  "minecraft:recipes/building_blocks/iron_block": {
    "criteria": {
      "has_iron_ingot": "2024-08-29 03:14:45 +0000"
    },
    "done": true
  },
  "pixelmon:recipes/pokeball/lid/ancient_heavy_ball_lid": {
    "criteria": {
      "has_ingot": "2024-08-29 03:14:45 +0000"
    },
    "done": true
  },
  "pixelmon:wild_battle_victories/wild_battle_victory_trigger": {
    "criteria": {
      "wild_battle_victory_trigger": "2024-08-29 03:32:51 +0000"
    },
    "done": true
  },
  "pixelmon:recipes/pokeball/lid/lure_ball_lid": {
    "criteria": {
      "has_great_ball": "2024-08-29 03:09:07 +0000"
    },
    "done": true
  },
  "minecraft:recipes/building_blocks/spruce_wood": {
    "criteria": {
      "has_log": "2024-08-29 03:12:14 +0000"
    },
    "done": true
  },
  "pixelmon:recipes/decor/gym_signs/pink_gym_sign": {
    "criteria": {
      "has_ingot": "2024-08-29 03:16:25 +0000"
    },
    "done": true
  },
  "minecraft:recipes/redstone/light_weighted_pressure_plate": {
    "criteria": {
      "has_gold_ingot": "2024-08-29 03:14:45 +0000"
    },
    "done": true
  },
  "pixelmon:recipes/lures/lure_ha_strong": {
    "criteria": {
      "has_case_recipe": "2024-08-29 03:14:45 +0000"
    },
    "done": true
  },
  "pixelmon:recipes/pokeball/lid/quick_ball_lid": {
    "criteria": {
      "has_great_ball": "2024-08-29 03:09:07 +0000"
    },
    "done": true
  },
  "minecraft:recipes/combat/wooden_sword": {
    "criteria": {
      "has_stick": "2024-08-29 03:12:32 +0000"
    },
    "done": true
  },
  "pixelmon:recipes/lures/lure_shiny_weak": {
    "criteria": {
      "has_case_recipe": "2024-08-29 03:14:45 +0000"
    },
    "done": true
  },
  "minecraft:recipes/building_blocks/blue_concrete_powder": {
    "criteria": {
      "has_sand": "2024-08-29 04:04:12 +0000"
    },
    "done": true
  },
  "pixelmon:recipes/pokeball/lid/heavy_ball_lid": {
    "criteria": {
      "has_great_ball": "2024-08-29 03:09:07 +0000"
    },
    "done": true
  },
  "minecraft:recipes/building_blocks/gray_concrete_powder": {
    "criteria": {
      "has_sand": "2024-08-29 04:04:12 +0000"
    },
    "done": true
  },
  "minecraft:recipes/building_blocks/spruce_slab": {
    "criteria": {
      "has_planks": "2024-08-29 03:42:53 +0000"
    },
    "done": true
  },
  "pixelmon:recipes/machines/computer/pink_pc": {
    "criteria": {
      "has_pc": "2024-08-29 03:09:43 +0000"
    },
    "done": true
  },
  "pixelmon:recipes/decor/household_items/mug_ball": {
    "criteria": {
      "has_poke_ball": "2024-08-29 03:09:07 +0000"
    },
    "done": true
  },
  "pixelmon:recipes/machines/computer/green_pc": {
    "criteria": {
      "has_pc": "2024-08-29 03:09:43 +0000"
    },
    "done": true
  },
  "pixelmon:recipes/pokeball/lid/luxury_ball_lid": {
    "criteria": {
      "has_great_ball": "2024-08-29 03:09:07 +0000"
    },
    "done": true
  },
  "pixelmon:recipes/pokeball/lid/moon_ball_lid": {
    "criteria": {
      "has_great_ball": "2024-08-29 03:09:07 +0000"
    },
    "done": true
  },
  "minecraft:recipes/tools/golden_axe": {
    "criteria": {
      "has_gold_ingot": "2024-08-29 03:14:45 +0000"
    },
    "done": true
  },
  "pixelmon:recipes/decor/trade_machine/yellow_trade_machine_dyed": {
    "criteria": {
      "has_trade_machine": "2024-08-29 03:38:02 +0000"
    },
    "done": true
  },
  "minecraft:recipes/tools/iron_axe": {
    "criteria": {
      "has_iron_ingot": "2024-08-29 03:14:45 +0000"
    },
    "done": true
  },
  "minecraft:recipes/combat/golden_helmet": {
    "criteria": {
      "has_gold_ingot": "2024-08-29 03:14:45 +0000"
    },
    "done": true
  },
  "pixelmon:recipes/decor/household_items/end_table": {
    "criteria": {
      "has_crafting_table": "2024-08-29 03:42:54 +0000"
    },
    "done": true
  },
  "minecraft:recipes/combat/iron_boots": {
    "criteria": {
      "has_iron_ingot": "2024-08-29 03:14:45 +0000"
    },
    "done": true
  },
  "minecraft:recipes/building_blocks/black_concrete_powder": {
    "criteria": {
      "has_sand": "2024-08-29 04:04:12 +0000"
    },
    "done": true
  },
  "minecraft:story/root": {
    "criteria": {
      "crafting_table": "2024-08-29 03:42:54 +0000"
    },
    "done": true
  },
  "pixelmon:recipes/machines/computer/cyan_pc": {
    "criteria": {
      "has_pc": "2024-08-29 03:09:43 +0000"
    },
    "done": true
  },
  "minecraft:recipes/combat/crossbow": {
    "criteria": {
      "has_stick": "2024-08-29 03:12:32 +0000"
    },
    "done": true
  },
  "minecraft:recipes/combat/iron_chestplate": {
    "criteria": {
      "has_iron_ingot": "2024-08-29 03:14:45 +0000"
    },
    "done": true
  },
  "pixelmon:recipes/decor/trade_machine/red_trade_machine_dyed": {
    "criteria": {
      "has_trade_machine": "2024-08-29 03:38:02 +0000"
    },
    "done": true
  },
  "pixelmon:recipes/machines/trade_machine/trade_panel": {
    "criteria": {
      "has_poke_ball": "2024-08-29 03:09:07 +0000"
    },
    "done": true
  },
  "minecraft:recipes/redstone/spruce_pressure_plate": {
    "criteria": {
      "has_planks": "2024-08-29 03:42:53 +0000"
    },
    "done": true
  },
  "minecraft:recipes/decorations/light_blue_bed_from_white_bed": {
    "criteria": {
      "has_bed": "2024-08-29 03:10:49 +0000"
    },
    "done": true
  },
  "minecraft:recipes/building_blocks/red_concrete_powder": {
    "criteria": {
      "has_sand": "2024-08-29 04:04:12 +0000"
    },
    "done": true
  },
  "minecraft:recipes/misc/iron_nugget_from_blasting": {
    "criteria": {
      "has_iron_helmet": "2024-08-29 03:14:45 +0000"
    },
    "done": true
  },
  "pixelmon:recipes/repel": {
    "criteria": {
      "has_ingot": "2024-08-29 03:16:25 +0000"
    },
    "done": true
  },
  "pixelmon:recipes/pokeball/base/iron_base": {
    "criteria": {
      "has_ingot": "2024-08-29 03:06:27 +0000"
    },
    "done": true
  },
  "minecraft:recipes/tools/golden_pickaxe": {
    "criteria": {
      "has_gold_ingot": "2024-08-29 03:14:45 +0000"
    },
    "done": true
  },
  "pixelmon:recipes/lures/lure_shiny_strong": {
    "criteria": {
      "has_case_recipe": "2024-08-29 03:14:45 +0000"
    },
    "done": true
  },
  "pixelmon:recipes/pokeball/lid/timer_ball_lid": {
    "criteria": {
      "has_great_ball": "2024-08-29 03:09:07 +0000"
    },
    "done": true
  },
  "pixelmon:specs/spec_trigger": {
    "criteria": {
      "unown_capture_all": "2024-08-29 03:51:29 +0000",
      "eeveelution_capture_all": "2024-08-29 03:51:29 +0000",
      "minior_capture_all": "2024-08-29 03:51:29 +0000"
    },
    "done": true
  },
  "pixelmon:recipes/decor/household_items/fan": {
    "criteria": {
      "has_aluminum": "2024-08-29 03:16:25 +0000"
    },
    "done": true
  },
  "pixelmon:recipes/pokeball/base/wooden_base": {
    "criteria": {
      "has_slab": "2024-08-29 03:06:27 +0000"
    },
    "done": true
  },
  "pixelmon:recipes/pokeball/lid/level_ball_lid": {
    "criteria": {
      "has_great_ball": "2024-08-29 03:09:07 +0000"
    },
    "done": true
  },
  "pixelmon:recipes/pokeball/lid/ancient_poke_ball_lid": {
    "criteria": {
      "has_ingot": "2024-08-29 03:14:45 +0000"
    },
    "done": true
  },
  "minecraft:adventure/adventuring_time": {
    "criteria": {
      "minecraft:mountains": "2024-08-29 04:08:07 +0000",
      "minecraft:taiga": "2024-08-29 03:11:17 +0000",
      "minecraft:taiga_hills": "2024-08-29 03:13:42 +0000",
      "minecraft:deep_lukewarm_ocean": "2024-08-29 03:47:47 +0000",
      "minecraft:beach": "2024-08-29 03:42:33 +0000",
      "minecraft:dark_forest": "2024-08-29 04:11:51 +0000",
      "minecraft:river": "2024-08-29 03:07:04 +0000",
      "minecraft:lukewarm_ocean": "2024-08-29 03:47:08 +0000",
      "minecraft:stone_shore": "2024-08-29 04:08:03 +0000",
      "minecraft:plains": "2024-08-29 03:34:25 +0000"
    },
    "done": false
  },
  "minecraft:recipes/redstone/iron_door": {
    "criteria": {
      "has_iron_ingot": "2024-08-29 03:14:45 +0000"
    },
    "done": true
  },
  "minecraft:recipes/decorations/purple_bed_from_white_bed": {
    "criteria": {
      "has_bed": "2024-08-29 03:10:49 +0000"
    },
    "done": true
  },
  "pixelmon:recipes/decor/trade_machine/blue_trade_machine_dyed": {
    "criteria": {
      "has_trade_machine": "2024-08-29 03:38:02 +0000"
    },
    "done": true
  },
  "minecraft:recipes/decorations/barrel": {
    "criteria": {
      "has_planks": "2024-08-29 03:42:53 +0000"
    },
    "done": true
  },
  "minecraft:recipes/decorations/smithing_table": {
    "criteria": {
      "has_iron_ingot": "2024-08-29 03:14:45 +0000"
    },
    "done": true
  },
  "pixelmon:recipes/decor/gym_signs/purple_gym_sign": {
    "criteria": {
      "has_ingot": "2024-08-29 03:16:25 +0000"
    },
    "done": true
  },
  "pixelmon:recipes/lures/lure_casing_weak": {
    "criteria": {
      "has_iron_ingot": "2024-08-29 03:14:45 +0000"
    },
    "done": true
  },
  "pixelmon:recipes/decor/household_items/fridge": {
    "criteria": {
      "has_aluminum": "2024-08-29 03:16:25 +0000"
    },
    "done": true
  },
  "minecraft:recipes/transportation/jungle_boat": {
    "criteria": {
      "in_water": "2024-08-29 03:07:38 +0000"
    },
    "done": true
  },
  "pixelmon:recipes/decor/gym_signs/brown_gym_sign": {
    "criteria": {
      "has_ingot": "2024-08-29 03:16:25 +0000"
    },
    "done": true
  },
  "pixelmon:recipes/pokeball/ball/dream_ball_new": {
    "criteria": {
      "has_dusk_ball": "2024-08-29 03:34:57 +0000"
    },
    "done": true
  },
  "pixelmon:recipes/equipment/flute/white_flute": {
    "criteria": {
      "has_white_shard": "2024-08-29 03:35:47 +0000"
    },
    "done": true
  },
  "pixelmon:recipes/machines/computer/red_pc": {
    "criteria": {
      "has_pc": "2024-08-29 03:09:43 +0000"
    },
    "done": true
  },
  "minecraft:recipes/redstone/heavy_weighted_pressure_plate": {
    "criteria": {
      "has_iron_ingot": "2024-08-29 03:14:45 +0000"
    },
    "done": true
  },
  "pixelmon:specs/spheal_jump_capture_all": {
    "criteria": {
      "0": "2024-08-29 03:51:29 +0000"
    },
    "done": false
  },
  "minecraft:recipes/transportation/dark_oak_boat": {
    "criteria": {
      "in_water": "2024-08-29 03:07:38 +0000"
    },
    "done": true
  },
  "minecraft:recipes/transportation/carrot_on_a_stick": {
    "criteria": {
      "has_carrot": "2024-08-29 03:29:17 +0000"
    },
    "done": true
  },
  "pixelmon:recipes/decor/trade_machine/lime_trade_machine_dyed": {
    "criteria": {
      "has_trade_machine": "2024-08-29 03:38:02 +0000"
    },
    "done": true
  },
  "pixelmon:recipes/pokeball/base/silver_base": {
    "criteria": {
      "has_ingot": "2024-08-29 03:06:27 +0000"
    },
    "done": true
  },
  "minecraft:recipes/decorations/brown_bed_from_white_bed": {
    "criteria": {
      "has_bed": "2024-08-29 03:10:49 +0000"
    },
    "done": true
  },
  "pixelmon:recipes/machines/computer/light_gray_pc": {
    "criteria": {
      "has_pc": "2024-08-29 03:09:43 +0000"
    },
    "done": true
  },
  "pixelmon:recipes/decor/trade_machine/pink_trade_machine_dyed": {
    "criteria": {
      "has_trade_machine": "2024-08-29 03:38:02 +0000"
    },
    "done": true
  },
  "minecraft:recipes/combat/golden_leggings": {
    "criteria": {
      "has_gold_ingot": "2024-08-29 03:14:45 +0000"
    },
    "done": true
  },
  "pixelmon:recipes/decor/trade_machine/gray_trade_machine_dyed": {
    "criteria": {
      "has_trade_machine": "2024-08-29 03:38:02 +0000"
    },
    "done": true
  },
  "minecraft:recipes/decorations/lantern": {
    "criteria": {
      "has_iron_ingot": "2024-08-29 03:14:45 +0000"
    },
    "done": true
  },
  "pixelmon:recipes/decor/trade_machine/light_blue_trade_machine_dyed": {
    "criteria": {
      "has_trade_machine": "2024-08-29 03:38:02 +0000"
    },
    "done": true
  },
  "pixelmon:recipes/machines/computer/yellow_pc": {
    "criteria": {
      "has_pc": "2024-08-29 03:09:43 +0000"
    },
    "done": true
  },
  "pixelmon:recipes/decor/household_items/glass_table": {
    "criteria": {
      "has_planks": "2024-08-29 03:42:53 +0000"
    },
    "done": true
  },
  "minecraft:recipes/redstone/spruce_trapdoor": {
    "criteria": {
      "has_planks": "2024-08-29 03:42:53 +0000"
    },
    "done": true
  },
  "pixelmon:recipes/decor/building_infrastructure/bridge_block": {
    "criteria": {
      "has_logs": "2024-08-29 03:12:14 +0000"
    },
    "done": true
  },
  "pixelmon:recipes/equipment/vanilla/wooden_hammer": {
    "criteria": {
      "has_planks": "2024-08-29 03:42:53 +0000"
    },
    "done": true
  },
  "pixelmon:recipes/pokeball/lid/great_ball_lid": {
    "criteria": {
      "has_apricorn": "2024-08-29 03:28:04 +0000"
    },
    "done": true
  },
  "pixelmon:recipes/machines/computer/gray_pc": {
    "criteria": {
      "has_pc": "2024-08-29 03:09:43 +0000"
    },
    "done": true
  },
  "pixelmon:specs/magikarp_jump_capture_all": {
    "criteria": {
      "0": "2024-08-29 03:51:29 +0000"
    },
    "done": false
  },
  "pixelmon:recipes/equipment/vanilla/gold_hammer": {
    "criteria": {
      "has_gold_ingot": "2024-08-29 03:14:45 +0000"
    },
    "done": true
  },
  "pixelmon:recipes/pokeball/lid/nest_ball_lid": {
    "criteria": {
      "has_apricorn": "2024-08-29 03:28:04 +0000"
    },
    "done": true
  },
  "minecraft:recipes/decorations/red_bed_from_white_bed": {
    "criteria": {
      "has_bed": "2024-08-29 03:10:49 +0000"
    },
    "done": true
  },
  "minecraft:recipes/decorations/soul_campfire": {
    "criteria": {
      "has_stick": "2024-08-29 03:12:32 +0000"
    },
    "done": true
  },
  "minecraft:story/smelt_iron": {
    "criteria": {
      "iron": "2024-08-29 03:14:45 +0000"
    },
    "done": true
  },
  "pixelmon:recipes/pokeball/lid/dive_ball_lid": {
    "criteria": {
      "has_great_ball": "2024-08-29 03:09:07 +0000"
    },
    "done": true
  },
  "pixelmon:recipes/decor/trade_machine/light_gray_trade_machine_dyed": {
    "criteria": {
      "has_trade_machine": "2024-08-29 03:38:02 +0000"
    },
    "done": true
  },
  "pixelmon:recipes/pokeball/ball/poke_ball": {
    "criteria": {
      "has_poke_ball_lid": "2024-08-29 03:59:20 +0000"
    },
    "done": true
  },
  "pixelmon:recipes/pokeball/lid/feather_ball_lid": {
    "criteria": {
      "has_ingot": "2024-08-29 03:14:45 +0000"
    },
    "done": true
  },
  "pixelmon:recipes/decor/trade_machine/cyan_trade_machine_dyed": {
    "criteria": {
      "has_trade_machine": "2024-08-29 03:38:02 +0000"
    },
    "done": true
  },
  "pixelmon:recipes/machines/elevator": {
    "criteria": {
      "has_ingot": "2024-08-29 03:14:45 +0000"
    },
    "done": true
  },
  "minecraft:recipes/decorations/light_gray_bed_from_white_bed": {
    "criteria": {
      "has_bed": "2024-08-29 03:10:49 +0000"
    },
    "done": true
  },
  "DataVersion": 2586
}