{
  "minecraft:recipes/combat/leather_helmet": {
    "criteria": {
      "has_leather": "2024-08-31 01:14:12 +0000"
    },
    "done": true
  },
  "minecraft:recipes/decorations/ladder": {
    "criteria": {
      "has_stick": "2024-08-31 01:16:52 +0000"
    },
    "done": true
  },
  "minecraft:recipes/food/cake": {
    "criteria": {
      "has_egg": "2024-08-31 01:13:21 +0000"
    },
    "done": true
  },
  "minecraft:recipes/combat/leather_leggings": {
    "criteria": {
      "has_leather": "2024-08-31 01:14:12 +0000"
    },
    "done": true
  },
  "cobblepedia:recipes/cobblepedia": {
    "criteria": {
      "has_apricorn": "2024-08-31 01:25:56 +0000"
    },
    "done": true
  },
  "minecraft:recipes/food/cooked_mutton_from_smoking": {
    "criteria": {
      "has_mutton": "2024-08-31 01:14:18 +0000"
    },
    "done": true
  },
  "cobblemon:use_revive": {
    "criteria": {
      "use_revive": "2024-08-31 01:19:28 +0000"
    },
    "done": true
  },
  "cobblemon:recipes/balls/repeat_ball": {
    "criteria": {
      "has_yellow_apricorn": "2024-08-31 01:25:56 +0000"
    },
    "done": false
  },
  "cobblemon:obtain_leek": {
    "criteria": {
      "check_inv": "2024-08-31 01:31:49 +0000"
    },
    "done": true
  },
  "cobblemon:recipes/transportation/apricorn_boat": {
    "criteria": {
      "in_water": "2024-08-31 01:18:09 +0000"
    },
    "done": true
  },
  "cobblemon:craft_base_balls": {
    "criteria": {
      "poke_ball": "2024-08-31 01:11:56 +0000"
    },
    "done": false
  },
  "cobblemon:recipes/consumables/protein": {
    "criteria": {
      "has_brew": "2024-08-31 01:31:14 +0000"
    },
    "done": true
  },
  "cobblemon:recipes/consumables/rash_mint": {
    "criteria": {
      "has_benefit_mint": "2024-08-31 01:13:54 +0000"
    },
    "done": false
  },
  "cobblemon:recipes/consumables/iron": {
    "criteria": {
      "has_brew": "2024-08-31 01:31:14 +0000"
    },
    "done": true
  },
  "cobblemon:recipes/agriculture/medicinal_leek_to_magenta_dye": {
    "criteria": {
      "has_leek": "2024-08-31 01:31:49 +0000"
    },
    "done": true
  },
  "minecraft:recipes/tools/wooden_axe": {
    "criteria": {
      "has_stick": "2024-08-31 01:16:52 +0000"
    },
    "done": true
  },
  "cobblemon:recipes/balls/moon_ball": {
    "criteria": {
      "has_yellow_apricorn": "2024-08-31 01:25:56 +0000"
    },
    "done": false
  },
  "cobblemon:recipes/consumables/hp_up": {
    "criteria": {
      "has_brew": "2024-08-31 01:31:14 +0000"
    },
    "done": true
  },
  "minecraft:recipes/decorations/painting": {
    "criteria": {
      "has_wool": "2024-08-31 01:14:18 +0000"
    },
    "done": true
  },
  "minecraft:recipes/decorations/black_carpet": {
    "criteria": {
      "has_black_wool": "2024-08-31 01:14:42 +0000"
    },
    "done": true
  },
  "minecraft:recipes/food/cooked_rabbit": {
    "criteria": {
      "has_rabbit": "2024-08-31 01:25:09 +0000"
    },
    "done": true
  },
  "minecraft:recipes/combat/leather_chestplate": {
    "criteria": {
      "has_leather": "2024-08-31 01:14:12 +0000"
    },
    "done": true
  },
  "cobblemon:recipes/balls/ultra_ball": {
    "criteria": {
      "has_yellow_apricorn": "2024-08-31 01:25:56 +0000"
    },
    "done": false
  },
  "minecraft:recipes/decorations/crafting_table": {
    "criteria": {
      "unlock_right_away": "2024-08-31 01:11:12 +0000"
    },
    "done": true
  },
  "minecraft:recipes/decorations/chest": {
    "criteria": {
      "has_lots_of_items": "2024-08-31 01:11:56 +0000"
    },
    "done": true
  },
  "minecraft:recipes/food/cooked_rabbit_from_smoking": {
    "criteria": {
      "has_rabbit": "2024-08-31 01:25:09 +0000"
    },
    "done": true
  },
  "cobblemon:root": {
    "criteria": {
      "picked_starter": "2024-08-31 01:12:52 +0000"
    },
    "done": true
  },
  "cobblemon:recipes/balls/level_ball": {
    "criteria": {
      "has_yellow_apricorn": "2024-08-31 01:25:56 +0000"
    },
    "done": false
  },
  "minecraft:recipes/food/cooked_rabbit_from_campfire_cooking": {
    "criteria": {
      "has_rabbit": "2024-08-31 01:25:09 +0000"
    },
    "done": true
  },
  "minecraft:recipes/transportation/cherry_boat": {
    "criteria": {
      "in_water": "2024-08-31 01:18:09 +0000"
    },
    "done": true
  },
  "cobblemon:harvest_apricorn_seed": {
    "criteria": {
      "check_inv": "2024-08-31 01:25:55 +0000"
    },
    "done": true
  },
  "minecraft:recipes/decorations/black_banner": {
    "criteria": {
      "has_black_wool": "2024-08-31 01:14:42 +0000"
    },
    "done": true
  },
  "minecraft:recipes/transportation/bamboo_raft": {
    "criteria": {
      "in_water": "2024-08-31 01:18:09 +0000"
    },
    "done": true
  },
  "cobblemon:recipes/balls/nest_ball": {
    "criteria": {
      "has_yellow_apricorn": "2024-08-31 01:25:56 +0000"
    },
    "done": false
  },
  "cobblemon:recipes/agriculture/yellow_apricorn_smelt_to_dye": {
    "criteria": {
      "has_apricorn": "2024-08-31 01:25:56 +0000"
    },
    "done": true
  },
  "cobblemon:recipes/consumables/modest_mint": {
    "criteria": {
      "has_benefit_mint": "2024-08-31 01:13:54 +0000"
    },
    "done": false
  },
  "cobblemon:medicinal_brew": {
    "criteria": {
      "check_inv": "2024-08-31 01:31:14 +0000"
    },
    "done": true
  },
  "minecraft:recipes/transportation/spruce_boat": {
    "criteria": {
      "in_water": "2024-08-31 01:18:09 +0000"
    },
    "done": true
  },
  "cobblemon:recipes/consumables/roasted_leek_by_smoking": {
    "criteria": {
      "has_leek": "2024-08-31 01:31:49 +0000"
    },
    "done": true
  },
  "cobblemon:harvest_apricorn": {
    "criteria": {
      "check_inv": "2024-08-31 01:25:56 +0000"
    },
    "done": true
  },
  "minecraft:recipes/misc/leather_horse_armor": {
    "criteria": {
      "has_leather": "2024-08-31 01:14:12 +0000"
    },
    "done": true
  },
  "cobblemon:recipes/balls/safari_ball": {
    "criteria": {
      "has_yellow_apricorn": "2024-08-31 01:25:56 +0000"
    },
    "done": false
  },
  "cobblemon:recipes/consumables/calcium": {
    "criteria": {
      "has_brew": "2024-08-31 01:31:14 +0000"
    },
    "done": true
  },
  "minecraft:recipes/transportation/birch_boat": {
    "criteria": {
      "in_water": "2024-08-31 01:18:09 +0000"
    },
    "done": true
  },
  "cobblemon:brew_all": {
    "criteria": {
      "obtain_potion": "2024-08-31 01:12:02 +0000",
      "obtain_max_ether": "2024-08-31 01:19:55 +0000"
    },
    "done": false
  },
  "cobblemon:recipes/consumables/roasted_leek": {
    "criteria": {
      "has_leek": "2024-08-31 01:31:49 +0000"
    },
    "done": true
  },
  "minecraft:recipes/decorations/white_carpet": {
    "criteria": {
      "has_white_wool": "2024-08-31 01:14:18 +0000"
    },
    "done": true
  },
  "minecraft:recipes/transportation/oak_boat": {
    "criteria": {
      "in_water": "2024-08-31 01:18:09 +0000"
    },
    "done": true
  },
  "cobblemon:recipes/held/power_lens": {
    "criteria": {
      "has_mint": "2024-08-31 01:13:54 +0000"
    },
    "done": true
  },
  "cobblemon:recipes/balls/fast_ball": {
    "criteria": {
      "has_yellow_apricorn": "2024-08-31 01:25:56 +0000"
    },
    "done": false
  },
  "cobblemon:brew_potion": {
    "criteria": {
      "check_inv": "2024-08-31 01:12:02 +0000"
    },
    "done": true
  },
  "cobblemon:any_plant": {
    "criteria": {
      "check_inv": "2024-08-31 01:13:54 +0000"
    },
    "done": true
  },
  "minecraft:recipes/transportation/mangrove_boat": {
    "criteria": {
      "in_water": "2024-08-31 01:18:09 +0000"
    },
    "done": true
  },
  "minecraft:recipes/decorations/torch": {
    "criteria": {
      "has_stone_pickaxe": "2024-08-31 01:11:37 +0000"
    },
    "done": true
  },
  "cobblemon:recipes/consumables/mild_mint": {
    "criteria": {
      "has_benefit_mint": "2024-08-31 01:13:54 +0000"
    },
    "done": false
  },
  "cobblemon:recipes/balls/citrine_ball": {
    "criteria": {
      "has_yellow_apricorn": "2024-08-31 01:25:56 +0000"
    },
    "done": true
  },
  "minecraft:recipes/decorations/black_bed": {
    "criteria": {
      "has_black_wool": "2024-08-31 01:14:42 +0000"
    },
    "done": true
  },
  "minecraft:recipes/food/cooked_beef_from_smoking": {
    "criteria": {
      "has_beef": "2024-08-31 01:14:12 +0000"
    },
    "done": true
  },
  "rctmod:trainers/defeat_any": {
    "criteria": {
      "first_defeat": "2024-08-31 01:15:42 +0000"
    },
    "done": true
  },
  "cobblemon:recipes/consumables/carbos": {
    "criteria": {
      "has_brew": "2024-08-31 01:31:14 +0000"
    },
    "done": true
  },
  "cobblemon:recipes/consumables/fine_remedy": {
    "criteria": {
      "has_remedy": "2024-08-31 01:30:11 +0000"
    },
    "done": true
  },
  "minecraft:recipes/misc/leather": {
    "criteria": {
      "has_rabbit_hide": "2024-08-31 01:25:09 +0000"
    },
    "done": true
  },
  "cobblemon:recipes/balls/friend_ball": {
    "criteria": {
      "has_yellow_apricorn": "2024-08-31 01:25:56 +0000"
    },
    "done": false
  },
  "cobblemon:recipes/blocks/pasture": {
    "criteria": {
      "has_pc": "2024-08-31 01:11:45 +0000"
    },
    "done": true
  },
  "minecraft:recipes/food/cooked_mutton": {
    "criteria": {
      "has_mutton": "2024-08-31 01:14:18 +0000"
    },
    "done": true
  },
  "minecraft:recipes/decorations/campfire": {
    "criteria": {
      "has_stick": "2024-08-31 01:16:52 +0000"
    },
    "done": true
  },
  "minecraft:recipes/tools/wooden_hoe": {
    "criteria": {
      "has_stick": "2024-08-31 01:16:52 +0000"
    },
    "done": true
  },
  "minecraft:recipes/decorations/white_banner": {
    "criteria": {
      "has_white_wool": "2024-08-31 01:14:18 +0000"
    },
    "done": true
  },
  "cobblemon:recipes/consumables/jolly_mint": {
    "criteria": {
      "has_detriment_mint": "2024-08-31 01:13:54 +0000"
    },
    "done": false
  },
  "minecraft:recipes/misc/charcoal": {
    "criteria": {
      "has_log": "2024-08-31 01:16:43 +0000"
    },
    "done": true
  },
  "minecraft:recipes/tools/wooden_pickaxe": {
    "criteria": {
      "has_stick": "2024-08-31 01:16:52 +0000"
    },
    "done": true
  },
  "cobblemon:recipes/consumables/careful_mint": {
    "criteria": {
      "has_detriment_mint": "2024-08-31 01:13:54 +0000"
    },
    "done": false
  },
  "cobblemon:recipes/consumables/zinc": {
    "criteria": {
      "has_brew": "2024-08-31 01:31:14 +0000"
    },
    "done": true
  },
  "minecraft:recipes/decorations/item_frame": {
    "criteria": {
      "has_leather": "2024-08-31 01:14:12 +0000"
    },
    "done": true
  },
  "cobblemon:recipes/consumables/impish_mint": {
    "criteria": {
      "has_detriment_mint": "2024-08-31 01:13:54 +0000"
    },
    "done": false
  },
  "cobblemon:first_catch": {
    "criteria": {
      "catch": "2024-08-31 01:35:14 +0000"
    },
    "done": true
  },
  "minecraft:story/upgrade_tools": {
    "criteria": {
      "stone_pickaxe": "2024-08-31 01:11:37 +0000"
    },
    "done": true
  },
  "cobblemon:recipes/balls/quick_ball": {
    "criteria": {
      "has_yellow_apricorn": "2024-08-31 01:25:56 +0000"
    },
    "done": false
  },
  "cobblemon:recipes/consumables/roasted_leek_by_campfire": {
    "criteria": {
      "has_leek": "2024-08-31 01:31:49 +0000"
    },
    "done": true
  },
  "cobblemon:recipes/consumables/max_revive": {
    "criteria": {
      "has_revive": "2024-08-31 01:12:03 +0000"
    },
    "done": true
  },
  "minecraft:recipes/transportation/carrot_on_a_stick": {
    "criteria": {
      "has_carrot": "2024-08-31 01:25:09 +0000"
    },
    "done": true
  },
  "cobblemon:recipes/consumables/quiet_mint": {
    "criteria": {
      "has_benefit_mint": "2024-08-31 01:13:54 +0000"
    },
    "done": false
  },
  "minecraft:recipes/food/cooked_mutton_from_campfire_cooking": {
    "criteria": {
      "has_mutton": "2024-08-31 01:14:18 +0000"
    },
    "done": true
  },
  "minecraft:recipes/tools/wooden_shovel": {
    "criteria": {
      "has_stick": "2024-08-31 01:16:52 +0000"
    },
    "done": true
  },
  "cobblemon:recipes/held/silk_scarf": {
    "criteria": {
      "has_wool": "2024-08-31 01:14:18 +0000"
    },
    "done": true
  },
  "megamons:grant_megamons_guide": {
    "criteria": {
      "tick": "2024-08-31 01:12:52 +0000"
    },
    "done": true
  },
  "minecraft:recipes/transportation/acacia_boat": {
    "criteria": {
      "in_water": "2024-08-31 01:18:09 +0000"
    },
    "done": true
  },
  "minecraft:adventure/root": {
    "criteria": {
      "killed_something": "2024-08-31 01:13:10 +0000"
    },
    "done": true
  },
  "cobblemon:craft_all_balls": {
    "criteria": {
      "great_ball": "2024-08-31 01:11:57 +0000",
      "ultra_ball": "2024-08-31 01:11:58 +0000",
      "poke_ball": "2024-08-31 01:11:56 +0000"
    },
    "done": false
  },
  "cobblemon:recipes/balls/luxury_ball": {
    "criteria": {
      "has_yellow_apricorn": "2024-08-31 01:25:56 +0000"
    },
    "done": false
  },
  "cobblemon:craft_remedy": {
    "criteria": {
      "check_inv": "2024-08-31 01:30:11 +0000"
    },
    "done": true
  },
  "minecraft:recipes/combat/wooden_sword": {
    "criteria": {
      "has_stick": "2024-08-31 01:16:52 +0000"
    },
    "done": true
  },
  "minecraft:recipes/building_blocks/oak_planks": {
    "criteria": {
      "has_logs": "2024-08-31 01:16:43 +0000"
    },
    "done": true
  },
  "cobblemon:healing_machine": {
    "criteria": {
      "use_healing_machine": "2024-08-31 01:32:04 +0000"
    },
    "done": true
  },
  "cobblemon:craft_poke_ball": {
    "criteria": {
      "requirement": "2024-08-31 01:11:56 +0000"
    },
    "done": true
  },
  "cobblemon:obtain_mint": {
    "criteria": {
      "check_inv": "2024-08-31 01:13:54 +0000"
    },
    "done": true
  },
  "minecraft:adventure/adventuring_time": {
    "criteria": {
      "minecraft:river": "2024-08-31 01:18:09 +0000",
      "minecraft:stony_shore": "2024-08-31 01:11:30 +0000",
      "minecraft:forest": "2024-08-31 01:11:13 +0000",
      "minecraft:savanna": "2024-08-31 01:14:06 +0000",
      "minecraft:plains": "2024-08-31 01:11:28 +0000"
    },
    "done": false
  },
  "cobblemon:obtain_all_mints": {
    "criteria": {
      "obtain_cyan_mint_leaf": "2024-08-31 01:13:54 +0000"
    },
    "done": false
  },
  "cobblemon:recipes/consumables/adamant_mint": {
    "criteria": {
      "has_detriment_mint": "2024-08-31 01:13:54 +0000"
    },
    "done": false
  },
  "minecraft:recipes/combat/leather_boots": {
    "criteria": {
      "has_leather": "2024-08-31 01:14:12 +0000"
    },
    "done": true
  },
  "minecraft:recipes/decorations/white_bed": {
    "criteria": {
      "has_white_wool": "2024-08-31 01:14:18 +0000"
    },
    "done": true
  },
  "cobblepedia:grant_cobblepedia": {
    "criteria": {
      "picked_starter": "2024-08-31 01:12:52 +0000"
    },
    "done": true
  },
  "minecraft:recipes/building_blocks/oak_wood": {
    "criteria": {
      "has_log": "2024-08-31 01:16:43 +0000"
    },
    "done": true
  },
  "cobblemon:recipes/consumables/pp_up": {
    "criteria": {
      "has_brew": "2024-08-31 01:31:14 +0000"
    },
    "done": true
  },
  "minecraft:recipes/food/cooked_beef": {
    "criteria": {
      "has_beef": "2024-08-31 01:14:12 +0000"
    },
    "done": true
  },
  "minecraft:recipes/transportation/jungle_boat": {
    "criteria": {
      "in_water": "2024-08-31 01:18:09 +0000"
    },
    "done": true
  },
  "minecraft:recipes/transportation/dark_oak_boat": {
    "criteria": {
      "in_water": "2024-08-31 01:18:09 +0000"
    },
    "done": true
  },
  "minecraft:recipes/food/cooked_beef_from_campfire_cooking": {
    "criteria": {
      "has_beef": "2024-08-31 01:14:12 +0000"
    },
    "done": true
  },
  "DataVersion": 3465
}