{
  "uuid": "32244b12-af41-4996-a357-f58077a90159",
  "starterPrompted": true,
  "starterLocked": false,
  "starterSelected": true,
  "starterUUID": "b162ac50-44c7-491f-9170-096688aca505",
  "keyItems": [],
  "battleTheme": "cobblemon:battle.pvp.default",
  "extraData": {
    "cobbledex_discovery": {
      "registers": {
        "fuecoco": {
          "normal": {
            "isShiny": false,
            "status": "CAUGHT",
            "discoveredTimestamp": 1724540653550,
            "caughtTimestamp": 1724540653550
          }
        },
        "rookidee": {
          "normal": {
            "isShiny": false,
            "status": "CAUGHT",
            "discoveredTimestamp": 1724542313440,
            "caughtTimestamp": 1724542313440
          }
        },
        "crocalor": {
          "normal": {
            "isShiny": false,
            "status": "CAUGHT",
            "discoveredTimestamp": 1724544454730,
            "caughtTimestamp": 1724544454730
          }
        },
        "corvisquire": {
          "normal": {
            "isShiny": false,
            "status": "CAUGHT",
            "discoveredTimestamp": 1724544480998,
            "caughtTimestamp": 1724544480998
          }
        },
        "mudbray": {
          "normal": {
            "isShiny": false,
            "status": "CAUGHT",
            "discoveredTimestamp": 1724806037459,
            "caughtTimestamp": 1724806037459
          }
        },
        "lapras": {
          "normal": {
            "isShiny": false,
            "status": "CAUGHT",
            "discoveredTimestamp": 1724806526750,
            "caughtTimestamp": 1724806526750
          }
        },
        "vulpix": {
          "normal": {
            "isShiny": false,
            "status": "CAUGHT",
            "discoveredTimestamp": 1724807327901,
            "caughtTimestamp": 1724807327901
          }
        },
        "tinkatink": {
          "normal": {
            "isShiny": false,
            "status": "CAUGHT",
            "discoveredTimestamp": 1724807392783,
            "caughtTimestamp": 1724807392783
          }
        },
        "zorua": {
          "normal": {
            "isShiny": false,
            "status": "CAUGHT",
            "discoveredTimestamp": 1724808219834,
            "caughtTimestamp": 1724808219834
          }
        }
      },
      "name": "cobbledex_discovery"
    },
    "Cobbledex_RewardHistory": {
      "received": [],
      "name": "Cobbledex_RewardHistory"
    }
  },
  "advancementData": {
    "totalCaptureCount": 7,
    "totalEggsHatched": 0,
    "totalEvolvedCount": 2,
    "totalBattleVictoryCount": 23,
    "totalPvPBattleVictoryCount": 0,
    "totalPvWBattleVictoryCount": 22,
    "totalPvNBattleVictoryCount": 1,
    "totalShinyCaptureCount": 0,
    "totalTradedCount": 0,
    "totalTypeCaptureCounts": {
      "flying": 2,
      "ground": 1,
      "water": 1,
      "ice": 1,
      "fire": 1,
      "fairy": 1,
      "steel": 1,
      "dark": 1
    },
    "totalDefeatedCounts": {
      "cobblemon:ekans": 1,
      "cobblemon:fidough": 1,
      "cobblemon:sentret": 2,
      "cobblemon:snorunt": 5,
      "cobblemon:swinub": 1,
      "cobblemon:zigzagoon": 1,
      "cobblemon:vulpix": 2,
      "cobblemon:fomantis": 1,
      "cobblemon:bellsprout": 1,
      "cobblemon:spinarak": 1,
      "cobblemon:ambipom": 1
    },
    "aspectsCollected": {}
  }
}