{
  "uuid": "32244b12-af41-4996-a357-f58077a90159",
  "starterPrompted": true,
  "starterLocked": false,
  "starterSelected": true,
  "starterUUID": "b162ac50-44c7-491f-9170-096688aca505",
  "keyItems": [],
  "battleTheme": "cobblemon:battle.pvp.default",
  "extraData": {
    "cobbledex_discovery": {
      "registers": {
        "fuecoco": {
          "normal": {
            "isShiny": false,
            "status": "CAUGHT",
            "discoveredTimestamp": 1724540653550,
            "caughtTimestamp": 1724540653550
          }
        },
        "rookidee": {
          "normal": {
            "isShiny": false,
            "status": "CAUGHT",
            "discoveredTimestamp": 1724542313440,
            "caughtTimestamp": 1724542313440
          }
        },
        "crocalor": {
          "normal": {
            "isShiny": false,
            "status": "CAUGHT",
            "discoveredTimestamp": 1724544454730,
            "caughtTimestamp": 1724544454730
          }
        },
        "corvisquire": {
          "normal": {
            "isShiny": false,
            "status": "CAUGHT",
            "discoveredTimestamp": 1724544480998,
            "caughtTimestamp": 1724544480998
          }
        }
      },
      "name": "cobbledex_discovery"
    },
    "Cobbledex_RewardHistory": {
      "received": [],
      "name": "Cobbledex_RewardHistory"
    }
  },
  "advancementData": {
    "totalCaptureCount": 2,
    "totalEggsHatched": 0,
    "totalEvolvedCount": 2,
    "totalBattleVictoryCount": 11,
    "totalPvPBattleVictoryCount": 0,
    "totalPvWBattleVictoryCount": 10,
    "totalPvNBattleVictoryCount": 1,
    "totalShinyCaptureCount": 0,
    "totalTradedCount": 0,
    "totalTypeCaptureCounts": {
      "flying": 2
    },
    "totalDefeatedCounts": {
      "cobblemon:ekans": 1,
      "cobblemon:fidough": 1,
      "cobblemon:sentret": 2,
      "cobblemon:snorunt": 5,
      "cobblemon:swinub": 1
    },
    "aspectsCollected": {}
  }
}